Atom,zcta,county,Atom_pop,afact,County_pop,ZCTA_pop,numeric.fips,numeric.ZCTA,geoid,state_FIPS,TotPop,TotPop_moe,UnemployedCLF,UnemployedCLF_moe,CivLabForce,CivLabForce_moe,Poor,Poor_moe,Bachelorsormore,Bachelorsormore_moe,Over25,Over25_moe,UnemploymentRate,UnemploymentRate_se,PovertyRate,PovertyRate_se,BachelorsormoreRate,BachelorsormoreRate_se
1,43001,39089,2705,1,178519,2705,1,1,860Z200US43001,39,2537,382,98,95,1406,292,202,126,665,183,1979,258,0.06970128,0.040120805,0.0796216,0.029298629,0.336028297,0.049504962
2,43002,39049,2026,1,1323807,2026,2,2,860Z200US43002,39,776,370,0,12,501,282,27,41,414,270,664,305,0,0.014560545,0.034793814,0.030494186,0.623493976,0.175476105
3,43003,39041,2019,0.7273,214124,2776,3,3,860Z200US43003,39,3139,459,22,20,1775,301,393,157,495,191,2257,361,0.012394366,0.006729386,0.125199108,0.028294842,0.219317678,0.046816191
4,43003,39117,757,0.2727,34950,2776,4,3,860Z200US43003,39,3139,459,22,20,1775,301,393,157,495,191,2257,361,0.012394366,0.006729386,0.125199108,0.028294842,0.219317678,0.046816191
5,43004,39049,29982,1,1323807,29982,2,4,860Z200US43004,39,31002,2561,511,221,16778,1213,1819,570,8873,1041,20280,1443,0.03045655,0.007894628,0.058673634,0.010781484,0.437524655,0.024810584
7,43006,39083,186,0.2601,62721,715,5,6,860Z200US43006,39,471,156,2,3,145,76,24,31,51,64,432,136,0.013793103,0.011784478,0.050955414,0.038672839,0.118055556,0.087179673
8,43006,39031,230,0.3217,36612,715,6,6,860Z200US43006,39,471,156,2,3,145,76,24,31,51,64,432,136,0.013793103,0.011784478,0.050955414,0.038672839,0.118055556,0.087179673
9,43006,39075,299,0.4182,44223,715,7,6,860Z200US43006,39,471,156,2,3,145,76,24,31,51,64,432,136,0.013793103,0.011784478,0.050955414,0.038672839,0.118055556,0.087179673
11,43008,39089,2378,1,178519,2378,1,8,860Z200US43008,39,2365,79,24,31,1360,236,399,201,199,100,1938,158,0.017647059,0.01373099,0.168710359,0.051551598,0.102683179,0.030951955
12,43009,39021,2083,1,38714,2083,9,9,860Z200US43009,39,2140,412,13,15,1106,249,77,63,312,100,1425,256,0.011754069,0.00808615,0.035981308,0.017393699,0.218947368,0.035328784
13,43010,39023,245,1,136001,245,10,10,860Z200US43010,39,255,109,6,8,114,49,23,21,16,23,201,92,0.052631579,0.040382415,0.090196078,0.044237467,0.07960199,0.065940622
14,43011,39083,5216,0.69,62721,7559,5,11,860Z200US43011,39,6859,820,90,74,3500,408,286,100,1027,210,4513,462,0.025714286,0.012722971,0.04169704,0.00832869,0.227564813,0.024486823
15,43011,39089,719,0.0951,178519,7559,1,11,860Z200US43011,39,6859,820,90,74,3500,408,286,100,1027,210,4513,462,0.025714286,0.012722971,0.04169704,0.00832869,0.227564813,0.024486823
16,43011,39117,952,0.1259,34950,7559,4,11,860Z200US43011,39,6859,820,90,74,3500,408,286,100,1027,210,4513,462,0.025714286,0.012722971,0.04169704,0.00832869,0.227564813,0.024486823
17,43011,39041,672,0.0889,214124,7559,3,11,860Z200US43011,39,6859,820,90,74,3500,408,286,100,1027,210,4513,462,0.025714286,0.012722971,0.04169704,0.00832869,0.227564813,0.024486823
18,43013,39089,1196,0.9803,178519,1220,1,12,860Z200US43013,39,1404,740,29,42,656,363,105,102,356,342,940,412,0.044207317,0.035967707,0.074786325,0.037098195,0.378723404,0.196812412
19,43013,39041,24,0.0197,214124,1220,3,12,860Z200US43013,39,1404,740,29,42,656,363,105,102,356,342,940,412,0.044207317,0.035967707,0.074786325,0.037098195,0.378723404,0.196812412
20,43014,39031,12,0.0031,36612,3850,6,13,860Z200US43014,39,3867,550,25,23,1553,304,507,275,249,104,2023,307,0.016097875,0.008796914,0.131109387,0.041718025,0.123084528,0.029115761
21,43014,39005,12,0.0031,52447,3850,11,13,860Z200US43014,39,3867,550,25,23,1553,304,507,275,249,104,2023,307,0.016097875,0.008796914,0.131109387,0.041718025,0.123084528,0.029115761
22,43014,39083,3826,0.9938,62721,3850,5,13,860Z200US43014,39,3867,550,25,23,1553,304,507,275,249,104,2023,307,0.016097875,0.008796914,0.131109387,0.041718025,0.123084528,0.029115761
23,43015,39159,72,0.0013,62784,57563,8,14,860Z200US43015,39,57745,1174,948,257,31243,1098,4104,685,17805,1104,38865,973,0.030342797,0.004958316,0.071071088,0.00715755,0.458124276,0.01579795
24,43015,39041,57491,0.9987,214124,57563,3,14,860Z200US43015,39,57745,1174,948,257,31243,1098,4104,685,17805,1104,38865,973,0.030342797,0.004958316,0.071071088,0.00715755,0.458124276,0.01579795
25,43016,39159,3472,0.078,62784,44517,8,15,860Z200US43016,39,44092,2373,653,282,24669,1532,2672,1050,21252,1508,31279,1657,0.026470469,0.006876921,0.060600562,0.014340088,0.679433486,0.019498789
26,43016,39049,40771,0.9159,1323807,44517,2,15,860Z200US43016,39,44092,2373,653,282,24669,1532,2672,1050,21252,1508,31279,1657,0.026470469,0.006876921,0.060600562,0.014340088,0.679433486,0.019498789
27,43016,39041,274,0.0062,214124,44517,3,15,860Z200US43016,39,44092,2373,653,282,24669,1532,2672,1050,21252,1508,31279,1657,0.026470469,0.006876921,0.060600562,0.014340088,0.679433486,0.019498789
28,43017,39159,1345,0.0308,62784,43619,8,16,860Z200US43017,39,41837,2100,624,184,22082,1394,2800,1059,19573,1239,27672,1337,0.02825831,0.004947954,0.066926405,0.015251437,0.70732148,0.017585416
29,43017,39041,6459,0.1481,214124,43619,3,16,860Z200US43017,39,41837,2100,624,184,22082,1394,2800,1059,19573,1239,27672,1337,0.02825831,0.004947954,0.066926405,0.015251437,0.70732148,0.017585416
30,43017,39049,35815,0.8211,1323807,43619,2,16,860Z200US43017,39,41837,2100,624,184,22082,1394,2800,1059,19573,1239,27672,1337,0.02825831,0.004947954,0.066926405,0.015251437,0.70732148,0.017585416
32,43019,39139,93,0.0099,124936,9419,12,18,860Z200US43019,39,9905,1154,119,80,4641,636,943,434,1088,274,6392,599,0.025641026,0.010258799,0.095204442,0.025768426,0.170212766,0.024187145
33,43019,39117,2024,0.2149,34950,9419,4,18,860Z200US43019,39,9905,1154,119,80,4641,636,943,434,1088,274,6392,599,0.025641026,0.010258799,0.095204442,0.025768426,0.170212766,0.024187145
34,43019,39083,7302,0.7752,62721,9419,5,18,860Z200US43019,39,9905,1154,119,80,4641,636,943,434,1088,274,6392,599,0.025641026,0.010258799,0.095204442,0.025768426,0.170212766,0.024187145
35,43021,39041,14622,1,214124,14622,3,19,860Z200US43021,39,14295,1218,280,129,8079,865,386,147,5772,560,9518,748,0.034657755,0.009440827,0.027002448,0.006092787,0.606429922,0.020973698
36,43022,39083,4120,1,62721,4120,5,20,860Z200US43022,39,3630,556,34,27,1781,378,249,242,684,167,1478,355,0.019090399,0.008880574,0.068595041,0.040020396,0.462787551,0.012324855
37,43023,39089,14462,1,178519,14462,1,21,860Z200US43023,39,15256,830,191,109,7332,663,604,363,5232,545,9251,462,0.026050191,0.008923117,0.039590981,0.014404999,0.56556048,0.03142888
38,43025,39089,5541,1,178519,5541,1,22,860Z200US43025,39,5230,593,109,80,2841,375,328,134,843,213,3831,404,0.038366772,0.016838886,0.062715105,0.014963447,0.220046985,0.030714287
39,43026,39097,21,3.00E-04,43824,64607,13,23,860Z200US43026,39,64633,1861,1434,435,38173,1443,5246,1533,23728,1308,43112,1371,0.037565819,0.006873352,0.081165968,0.014348399,0.550380405,0.015065071
40,43026,39049,64586,0.9997,1323807,64607,2,23,860Z200US43026,39,64633,1861,1434,435,38173,1443,5246,1533,23728,1308,43112,1371,0.037565819,0.006873352,0.081165968,0.014348399,0.550380405,0.015065071
42,43028,39083,7781,1,62721,7781,5,25,860Z200US43028,39,7482,429,203,132,3623,339,727,317,1572,315,5452,353,0.056030914,0.021917758,0.097166533,0.025532188,0.288334556,0.033238745
43,43029,39159,182,0.2893,62784,629,8,26,860Z200US43029,39,532,237,8,16,289,154,12,14,111,70,347,154,0.027681661,0.032438956,0.022556391,0.01478524,0.319884726,0.08712383
44,43029,39097,447,0.7107,43824,629,13,26,860Z200US43029,39,532,237,8,16,289,154,12,14,111,70,347,154,0.027681661,0.032438956,0.022556391,0.01478524,0.319884726,0.08712383
45,43030,39089,344,1,178519,344,1,27,860Z200US43030,39,195,134,0,12,109,94,0,12,27,31,176,128,0,0.066925072,0,0.037409399,0.153409091,0.082853593
46,43031,39089,12743,0.9662,178519,13189,1,28,860Z200US43031,39,14029,573,144,105,7969,527,842,386,3846,538,9818,548,0.018070021,0.007976751,0.060018533,0.016659583,0.391729476,0.030544796
47,43031,39041,446,0.0338,214124,13189,3,28,860Z200US43031,39,14029,573,144,105,7969,527,842,386,3846,538,9818,548,0.018070021,0.007976751,0.060018533,0.016659583,0.391729476,0.030544796
49,43033,39089,352,1,178519,352,1,30,860Z200US43033,39,430,149,6,10,200,72,53,36,18,21,318,117,0.03,0.02967761,0.123255814,0.043773584,0.056603774,0.038095978
50,43035,39041,33032,1,214124,33032,3,31,860Z200US43035,39,34661,1141,629,251,20041,910,1006,499,13560,983,20693,807,0.031385659,0.007564121,0.029023975,0.008732429,0.655294061,0.02434299
51,43036,39159,267,1,62784,267,8,32,860Z200US43036,39,306,106,5,7,165,60,32,24,31,27,224,81,0.03030303,0.024904668,0.104575163,0.042288372,0.138392857,0.066660275
53,43040,39159,35728,0.9965,62784,35853,8,34,860Z200US43040,39,36678,616,651,209,19875,645,2288,620,8555,717,25988,441,0.032754717,0.006359793,0.062380719,0.010256151,0.329190396,0.016424448
54,43040,39041,125,0.0035,214124,35853,3,34,860Z200US43040,39,36678,616,651,209,19875,645,2288,620,8555,717,25988,441,0.032754717,0.006359793,0.062380719,0.010256151,0.329190396,0.016424448
55,43044,39021,4551,0.8503,38714,5352,9,35,860Z200US43044,39,5254,390,73,41,2849,361,598,242,579,151,3811,295,0.025623026,0.00852279,0.113818043,0.027525026,0.151928628,0.023000963
56,43044,39097,177,0.0331,43824,5352,13,35,860Z200US43044,39,5254,390,73,41,2849,361,598,242,579,151,3811,295,0.025623026,0.00852279,0.113818043,0.027525026,0.151928628,0.023000963
57,43044,39023,624,0.1166,136001,5352,10,35,860Z200US43044,39,5254,390,73,41,2849,361,598,242,579,151,3811,295,0.025623026,0.00852279,0.113818043,0.027525026,0.151928628,0.023000963
58,43045,39021,23,0.0119,38714,1928,9,36,860Z200US43045,39,1775,319,9,9,982,197,48,32,238,61,1127,170,0.009164969,0.005458149,0.027042254,0.010553643,0.211180124,0.026601428
59,43045,39159,1905,0.9881,62784,1928,8,36,860Z200US43045,39,1775,319,9,9,982,197,48,32,238,61,1127,170,0.009164969,0.005458149,0.027042254,0.010553643,0.211180124,0.026601428
60,43046,39089,253,0.0792,178519,3195,1,37,860Z200US43046,39,3165,476,91,83,1908,469,155,83,489,127,2368,338,0.04769392,0.025465978,0.048973144,0.015300171,0.206503378,0.027237545
61,43046,39045,2942,0.9208,158921,3195,14,37,860Z200US43046,39,3165,476,91,83,1908,469,155,83,489,127,2368,338,0.04769392,0.025465978,0.048973144,0.015300171,0.206503378,0.027237545
63,43050,39083,29543,0.9983,62721,29594,5,39,860Z200US43050,39,31064,1086,494,194,15018,804,4708,685,5318,684,21461,792,0.032893861,0.007779475,0.151558074,0.013012295,0.247798332,0.018560281
64,43050,39117,51,0.0017,34950,29594,4,39,860Z200US43050,39,31064,1086,494,194,15018,804,4708,685,5318,684,21461,792,0.032893861,0.007779475,0.151558074,0.013012295,0.247798332,0.018560281
65,43054,39089,158,0.0057,178519,27781,1,40,860Z200US43054,39,28552,1600,357,153,16193,1095,637,191,12476,977,19223,1089,0.022046563,0.005671837,0.022310171,0.003994944,0.649014202,0.021331271
66,43054,39041,100,0.0036,214124,27781,3,40,860Z200US43054,39,28552,1600,357,153,16193,1095,637,191,12476,977,19223,1089,0.022046563,0.005671837,0.022310171,0.003994944,0.649014202,0.021331271
67,43054,39049,27523,0.9907,1323807,27781,2,40,860Z200US43054,39,28552,1600,357,153,16193,1095,637,191,12476,977,19223,1089,0.022046563,0.005671837,0.022310171,0.003994944,0.649014202,0.021331271
68,43055,39089,62590,1,178519,62590,1,41,860Z200US43055,39,62460,1072,1098,237,30143,909,9316,1154,9469,660,42122,947,0.036426368,0.004732771,0.149151457,0.011123176,0.224799392,0.009015986
69,43056,39119,116,0.0066,86410,17479,15,42,860Z200US43056,39,17504,826,239,115,8392,555,1442,434,3139,425,12077,572,0.028479504,0.008251352,0.08238117,0.014886125,0.259915542,0.020041002
70,43056,39089,17363,0.9934,178519,17479,1,42,860Z200US43056,39,17504,826,239,115,8392,555,1442,434,3139,425,12077,572,0.028479504,0.008251352,0.08238117,0.014886125,0.259915542,0.020041002
71,43060,39091,205,0.0769,46150,2667,16,43,860Z200US43060,39,2669,309,83,75,1219,190,326,153,304,95,1788,188,0.068088597,0.036841115,0.122143125,0.033771011,0.170022371,0.030415912
72,43060,39021,2416,0.9059,38714,2667,9,43,860Z200US43060,39,2669,309,83,75,1219,190,326,153,304,95,1788,188,0.068088597,0.036841115,0.122143125,0.033771011,0.170022371,0.030415912
73,43060,39159,46,0.0172,62784,2667,8,43,860Z200US43060,39,2669,309,83,75,1219,190,326,153,304,95,1788,188,0.068088597,0.036841115,0.122143125,0.033771011,0.170022371,0.030415912
74,43061,39159,683,0.1487,62784,4593,8,44,860Z200US43061,39,5045,643,32,25,2878,466,171,111,1438,275,3049,420,0.011118833,0.005165943,0.033894945,0.013114714,0.471630043,0.038032309
75,43061,39041,3910,0.8513,214124,4593,3,44,860Z200US43061,39,5045,643,32,25,2878,466,171,111,1438,275,3049,420,0.011118833,0.005165943,0.033894945,0.013114714,0.471630043,0.038032309
76,43062,39045,160,0.005,158921,32125,14,45,860Z200US43062,39,31566,938,471,178,16218,811,1293,422,6824,594,21320,801,0.029041805,0.006613345,0.040961794,0.008093184,0.320075047,0.015278033
77,43062,39089,31965,0.995,178519,32125,1,45,860Z200US43062,39,31566,938,471,178,16218,811,1293,422,6824,594,21320,801,0.029041805,0.006613345,0.040961794,0.008093184,0.320075047,0.015278033
78,43064,39159,10238,0.5918,62784,17301,8,46,860Z200US43064,39,17188,510,74,56,9027,461,439,196,5923,551,10934,450,0.008197629,0.003762595,0.025541075,0.006916774,0.541704774,0.027473172
79,43064,39097,7004,0.4048,43824,17301,13,46,860Z200US43064,39,17188,510,74,56,9027,461,439,196,5923,551,10934,450,0.008197629,0.003762595,0.025541075,0.006916774,0.541704774,0.027473172
80,43064,39049,59,0.0034,1323807,17301,2,46,860Z200US43064,39,17188,510,74,56,9027,461,439,196,5923,551,10934,450,0.008197629,0.003762595,0.025541075,0.006916774,0.541704774,0.027473172
81,43065,39049,7112,0.1586,1323807,44829,2,47,860Z200US43065,39,45067,1245,697,200,24013,981,1158,453,20642,1060,30738,908,0.029025944,0.005011537,0.025695076,0.006095201,0.67154662,0.017147706
82,43065,39041,37717,0.8414,214124,44829,3,47,860Z200US43065,39,45067,1245,697,200,24013,981,1158,453,20642,1060,30738,908,0.029025944,0.005011537,0.025695076,0.006095201,0.67154662,0.017147706
83,43066,39041,1264,1,214124,1264,3,48,860Z200US43066,39,1173,336,14,24,746,255,15,24,305,141,888,275,0.018766756,0.019164461,0.012787724,0.01223696,0.343468468,0.071666466
84,43067,39159,1410,1,62784,1410,8,49,860Z200US43067,39,1360,395,11,17,617,192,226,192,168,78,885,261,0.017828201,0.016406296,0.166176471,0.08065047,0.189830508,0.041380651
85,43068,39049,38701,0.6495,1323807,59585,2,50,860Z200US43068,39,58916,1568,1671,459,31823,1356,6625,1146,10850,887,38919,1289,0.052509191,0.008661964,0.112448231,0.011683781,0.278784141,0.012666737
86,43068,39045,8010,0.1344,158921,59585,14,50,860Z200US43068,39,58916,1568,1671,459,31823,1356,6625,1146,10850,887,38919,1289,0.052509191,0.008661964,0.112448231,0.011683781,0.278784141,0.012666737
87,43068,39089,12874,0.2161,178519,59585,1,50,860Z200US43068,39,58916,1568,1671,459,31823,1356,6625,1146,10850,887,38919,1289,0.052509191,0.008661964,0.112448231,0.011683781,0.278784141,0.012666737
89,43071,39089,2442,1,178519,2442,1,52,860Z200US43071,39,2269,558,5,7,1376,361,167,109,521,194,1746,432,0.003633721,0.003037743,0.073600705,0.027050716,0.298396334,0.050477188
90,43072,39021,5504,1,38714,5504,9,53,860Z200US43072,39,5380,296,177,139,2723,291,275,137,441,131,3818,262,0.065001836,0.030742721,0.051115242,0.015385359,0.1155055,0.020293666
91,43074,39041,15149,0.9909,214124,15288,3,54,860Z200US43074,39,15597,909,162,100,8594,809,981,367,4137,487,10494,751,0.018850361,0.006990836,0.062896711,0.014129414,0.394225272,0.022399395
92,43074,39089,139,0.0091,178519,15288,1,54,860Z200US43074,39,15597,909,162,100,8594,809,981,367,4137,487,10494,751,0.018850361,0.006990836,0.062896711,0.014129414,0.394225272,0.022399395
93,43076,39089,2604,0.2847,178519,9145,1,55,860Z200US43076,39,8909,697,141,89,4300,566,541,193,1937,353,6633,533,0.032790698,0.012305555,0.060725109,0.012848711,0.292024725,0.029037067
94,43076,39127,4623,0.5055,35408,9145,17,55,860Z200US43076,39,8909,697,141,89,4300,566,541,193,1937,353,6633,533,0.032790698,0.012305555,0.060725109,0.012848711,0.292024725,0.029037067
95,43076,39045,1918,0.2097,158921,9145,14,55,860Z200US43076,39,8909,697,141,89,4300,566,541,193,1937,353,6633,533,0.032790698,0.012305555,0.060725109,0.012848711,0.292024725,0.029037067
97,43078,39023,64,0.0032,136001,20067,10,57,860Z200US43078,39,20269,633,492,153,10162,451,2248,536,2927,377,14301,436,0.048415666,0.00905895,0.110908284,0.015937087,0.204671002,0.015570002
98,43078,39021,20003,0.9968,38714,20067,9,57,860Z200US43078,39,20269,633,492,153,10162,451,2248,536,2927,377,14301,436,0.048415666,0.00905895,0.110908284,0.015937087,0.204671002,0.015570002
99,43080,39089,3928,0.7382,178519,5321,1,58,860Z200US43080,39,5123,748,110,74,2432,459,492,256,471,157,3276,439,0.045230263,0.017754189,0.096037478,0.029156837,0.143772894,0.026675429
100,43080,39083,1393,0.2618,62721,5321,5,58,860Z200US43080,39,5123,748,110,74,2432,459,492,256,471,157,3276,439,0.045230263,0.017754189,0.096037478,0.029156837,0.143772894,0.026675429
101,43081,39049,64253,0.9987,1323807,64338,2,59,860Z200US43081,39,64746,1840,979,292,37863,1434,4014,774,24501,1365,44945,1390,0.025856377,0.004650206,0.061996108,0.007187758,0.54513294,0.015356413
102,43081,39041,85,0.0013,214124,64338,3,59,860Z200US43081,39,64746,1840,979,292,37863,1434,4014,774,24501,1365,44945,1390,0.025856377,0.004650206,0.061996108,0.007187758,0.54513294,0.015356413
103,43082,39041,32459,1,214124,32459,3,60,860Z200US43082,39,33195,975,499,204,17230,801,985,324,14928,874,22148,738,0.028961114,0.007150769,0.029673144,0.005909736,0.674011197,0.019724833
104,43084,39159,19,0.0225,62784,844,8,61,860Z200US43084,39,811,231,6,6,433,136,12,13,76,46,513,124,0.013856813,0.00799731,0.014796547,0.009401593,0.148148148,0.049974363
105,43084,39021,825,0.9775,38714,844,9,61,860Z200US43084,39,811,231,6,6,433,136,12,13,76,46,513,124,0.013856813,0.00799731,0.014796547,0.009401593,0.148148148,0.049974363
106,43085,39049,25566,1,1323807,25566,2,62,860Z200US43085,39,26653,1691,633,326,13976,804,1975,1262,10880,661,18198,813,0.045291929,0.014091018,0.074100476,0.028641515,0.597867898,0.014963773
107,43101,39141,322,1,77093,322,18,63,860Z200US43101,39,365,141,8,13,157,79,82,66,34,41,237,101,0.050955414,0.047861882,0.224657534,0.096434224,0.143459916,0.098378529
108,43102,39129,142,0.0308,58539,4610,19,64,860Z200US43102,39,4038,557,105,69,2272,377,369,168,598,174,2827,406,0.046214789,0.017863581,0.091381872,0.024102904,0.211531659,0.032540854
109,43102,39073,238,0.0516,28050,4610,20,64,860Z200US43102,39,4038,557,105,69,2272,377,369,168,598,174,2827,406,0.046214789,0.017863581,0.091381872,0.024102904,0.211531659,0.032540854
110,43102,39045,4230,0.9176,158921,4610,14,64,860Z200US43102,39,4038,557,105,69,2272,377,369,168,598,174,2827,406,0.046214789,0.017863581,0.091381872,0.024102904,0.211531659,0.032540854
111,43103,39045,35,0.0028,158921,12282,14,65,860Z200US43103,39,12532,730,269,151,6302,532,934,342,1612,294,8162,584,0.042684862,0.014400091,0.074529205,0.016378483,0.197500613,0.020141556
112,43103,39129,12247,0.9971,58539,12282,19,65,860Z200US43103,39,12532,730,269,151,6302,532,934,342,1612,294,8162,584,0.042684862,0.014400091,0.074529205,0.016378483,0.197500613,0.020141556
113,43105,39089,26,0.0031,178519,8458,1,66,860Z200US43105,39,9129,528,131,74,4249,314,823,278,1695,275,6058,493,0.030830784,0.010496162,0.090152262,0.018238714,0.279795312,0.02387287
114,43105,39045,8432,0.9969,158921,8458,14,66,860Z200US43105,39,9129,528,131,74,4249,314,823,278,1695,275,6058,493,0.030830784,0.010496162,0.090152262,0.018238714,0.279795312,0.02387287
115,43106,39047,1590,1,28951,1590,21,67,860Z200US43106,39,1653,326,27,38,820,208,237,141,111,56,1116,237,0.032926829,0.027709781,0.143375681,0.048921845,0.099462366,0.027669915
116,43107,39127,73,0.0226,35408,3232,17,68,860Z200US43107,39,3305,229,25,24,1617,223,366,200,293,120,2198,212,0.01546073,0.008929089,0.110741301,0.036489926,0.133303003,0.032255038
117,43107,39045,3079,0.9527,158921,3232,14,68,860Z200US43107,39,3305,229,25,24,1617,223,366,200,293,120,2198,212,0.01546073,0.008929089,0.110741301,0.036489926,0.133303003,0.032255038
118,43107,39073,80,0.0248,28050,3232,20,68,860Z200US43107,39,3305,229,25,24,1617,223,366,200,293,120,2198,212,0.01546073,0.008929089,0.110741301,0.036489926,0.133303003,0.032255038
120,43110,39129,63,0.0015,58539,40953,19,70,860Z200US43110,39,38235,2248,672,307,21499,1516,2698,652,10104,1052,26758,1353,0.031257268,0.008576659,0.07056362,0.010054749,0.377606697,0.020892207
121,43110,39045,8039,0.1963,158921,40953,14,70,860Z200US43110,39,38235,2248,672,307,21499,1516,2698,652,10104,1052,26758,1353,0.031257268,0.008576659,0.07056362,0.010054749,0.377606697,0.020892207
122,43110,39049,32851,0.8022,1323807,40953,2,70,860Z200US43110,39,38235,2248,672,307,21499,1516,2698,652,10104,1052,26758,1353,0.031257268,0.008576659,0.07056362,0.010054749,0.377606697,0.020892207
124,43112,39045,5052,1,158921,5052,14,72,860Z200US43112,39,4879,685,45,41,2647,446,226,232,1007,228,3310,443,0.017000378,0.009253536,0.046320967,0.028634594,0.304229607,0.033774832
125,43113,39045,122,0.005,158921,24165,14,73,860Z200US43113,39,24365,796,737,231,11555,734,3848,721,3716,468,16975,553,0.063781913,0.011900597,0.157931459,0.017713278,0.218910162,0.016189445
126,43113,39129,24043,0.995,58539,24165,19,73,860Z200US43113,39,24365,796,737,231,11555,734,3848,721,3716,468,16975,553,0.063781913,0.011900597,0.157931459,0.017713278,0.218910162,0.016189445
127,43115,39141,1135,0.9008,77093,1260,18,74,860Z200US43115,39,1943,755,84,75,873,412,214,124,126,81,1163,404,0.096219931,0.044333598,0.11013896,0.028779207,0.108340499,0.035625239
128,43115,39129,125,0.0992,58539,1260,19,74,860Z200US43115,39,1943,755,84,75,873,412,214,124,126,81,1163,404,0.096219931,0.044333598,0.11013896,0.028779207,0.108340499,0.035625239
129,43116,39129,2732,1,58539,2732,19,75,860Z200US43116,39,2716,185,12,13,1394,164,120,133,541,126,1546,180,0.008608321,0.005635579,0.044182622,0.029712163,0.349935317,0.042909409
131,43119,39049,29390,0.9773,1323807,30072,2,77,860Z200US43119,39,29409,1835,445,204,16094,1395,2721,826,6245,796,19617,1366,0.027650056,0.0075665,0.092522697,0.016709381,0.318346332,0.020660611
132,43119,39097,682,0.0227,43824,30072,13,77,860Z200US43119,39,29409,1835,445,204,16094,1395,2721,826,6245,796,19617,1366,0.027650056,0.0075665,0.092522697,0.016709381,0.318346332,0.020660611
133,43123,39049,66188,1,1323807,66188,2,78,860Z200US43123,39,66365,1507,1030,275,36707,1427,4232,902,13820,1046,46556,1438,0.028060043,0.004505724,0.063768553,0.008215285,0.296846808,0.012469023
134,43125,39129,115,0.008,58539,14295,19,79,860Z200US43125,39,14212,1669,366,170,7862,991,1140,532,2196,441,9830,1101,0.04655304,0.012651401,0.080213904,0.022023409,0.223397762,0.022636402
135,43125,39049,14180,0.992,1323807,14295,2,79,860Z200US43125,39,14212,1669,366,170,7862,991,1140,532,2196,441,9830,1101,0.04655304,0.012651401,0.080213904,0.022023409,0.223397762,0.022636402
136,43126,39049,322,1,1323807,322,2,80,860Z200US43126,39,404,144,0,12,197,70,59,66,41,30,312,100,0,0.037029608,0.146039604,0.094134617,0.131410256,0.052546079
138,43128,39047,2267,1,28951,2267,21,82,860Z200US43128,39,2053,356,49,36,919,217,485,181,123,59,1367,258,0.053318825,0.022549977,0.236239649,0.047458065,0.089978054,0.024120921
139,43130,39073,12,2.00E-04,28050,62010,20,83,860Z200US43130,39,62187,917,1298,362,30123,980,7388,1017,9692,811,43685,750,0.043089998,0.007255532,0.118802965,0.009884377,0.221861051,0.011045454
140,43130,39045,61998,0.9998,158921,62010,14,83,860Z200US43130,39,62187,917,1298,362,30123,980,7388,1017,9692,811,43685,750,0.043089998,0.007255532,0.118802965,0.009884377,0.221861051,0.011045454
141,43135,39141,574,0.1345,77093,4267,18,84,860Z200US43135,39,4035,693,178,134,1987,450,586,322,313,127,3047,462,0.089582285,0.039096855,0.145229244,0.046081183,0.102723991,0.023501989
142,43135,39129,689,0.1615,58539,4267,19,84,860Z200US43135,39,4035,693,178,134,1987,450,586,322,313,127,3047,462,0.089582285,0.039096855,0.145229244,0.046081183,0.102723991,0.023501989
143,43135,39073,2943,0.6897,28050,4267,20,84,860Z200US43135,39,4035,693,178,134,1987,450,586,322,313,127,3047,462,0.089582285,0.039096855,0.145229244,0.046081183,0.102723991,0.023501989
144,43135,39163,61,0.0143,12800,4267,22,84,860Z200US43135,39,4035,693,178,134,1987,450,586,322,313,127,3047,462,0.089582285,0.039096855,0.145229244,0.046081183,0.102723991,0.023501989
145,43136,39045,1977,1,158921,1977,14,85,860Z200US43136,39,2316,350,30,21,1162,203,148,132,513,133,1450,232,0.025817556,0.010638556,0.063903282,0.034146321,0.353793103,0.043874311
146,43137,39129,1137,0.4236,58539,2684,19,86,860Z200US43137,39,2267,490,16,18,1159,342,484,235,376,220,1770,378,0.013805004,0.009110557,0.213498015,0.056427502,0.212429379,0.07034579
147,43137,39049,1547,0.5764,1323807,2684,2,86,860Z200US43137,39,2267,490,16,18,1159,342,484,235,376,220,1770,378,0.013805004,0.009110557,0.213498015,0.056427502,0.212429379,0.07034579
148,43138,39127,414,0.0224,35408,18445,17,87,860Z200US43138,39,19164,887,287,101,9234,703,3182,720,1932,315,13286,667,0.031080788,0.006491685,0.166040493,0.022356254,0.145416228,0.013712611
149,43138,39163,73,0.004,12800,18445,22,87,860Z200US43138,39,19164,887,287,101,9234,703,3182,720,1932,315,13286,667,0.031080788,0.006491685,0.166040493,0.022356254,0.145416228,0.013712611
150,43138,39073,17958,0.9736,28050,18445,20,87,860Z200US43138,39,19164,887,287,101,9234,703,3182,720,1932,315,13286,667,0.031080788,0.006491685,0.166040493,0.022356254,0.145416228,0.013712611
151,43140,39049,389,0.0162,1323807,24030,2,88,860Z200US43140,39,23812,535,392,148,10239,529,2311,494,3233,450,17901,421,0.038284989,0.008704291,0.097051907,0.012541599,0.180604436,0.015061898
152,43140,39097,23564,0.9806,43824,24030,13,88,860Z200US43140,39,23812,535,392,148,10239,529,2311,494,3233,450,17901,421,0.038284989,0.008704291,0.097051907,0.012541599,0.180604436,0.015061898
153,43140,39023,77,0.0032,136001,24030,10,88,860Z200US43140,39,23812,535,392,148,10239,529,2311,494,3233,450,17901,421,0.038284989,0.008704291,0.097051907,0.012541599,0.180604436,0.015061898
155,43143,39129,1390,0.2342,58539,5935,19,90,860Z200US43143,39,5931,610,100,73,2879,356,728,262,743,128,4128,406,0.034734283,0.015191254,0.1227449,0.02573397,0.17999031,0.015475882
156,43143,39047,681,0.1147,28951,5935,21,90,860Z200US43143,39,5931,610,100,73,2879,356,728,262,743,128,4128,406,0.034734283,0.015191254,0.1227449,0.02573397,0.17999031,0.015475882
157,43143,39097,3864,0.6511,43824,5935,13,90,860Z200US43143,39,5931,610,100,73,2879,356,728,262,743,128,4128,406,0.034734283,0.015191254,0.1227449,0.02573397,0.17999031,0.015475882
158,43144,39073,373,1,28050,373,20,91,860Z200US43144,39,425,127,22,18,180,70,128,67,16,25,305,94,0.122222222,0.053484445,0.301176471,0.07868254,0.052459016,0.048849173
159,43145,39047,776,0.4042,28951,1920,21,92,860Z200US43145,39,1926,410,46,45,850,225,348,218,235,100,1322,243,0.054117647,0.030982502,0.180685358,0.064712554,0.177760968,0.041472264
160,43145,39129,1144,0.5958,58539,1920,19,92,860Z200US43145,39,1926,410,46,45,850,225,348,218,235,100,1322,243,0.054117647,0.030982502,0.180685358,0.064712554,0.177760968,0.041472264
161,43146,39129,10695,0.847,58539,12627,19,93,860Z200US43146,39,12832,928,78,58,4656,640,583,339,1904,464,9682,705,0.016752577,0.007442161,0.045433292,0.015935081,0.196653584,0.027802243
162,43146,39049,1877,0.1486,1323807,12627,2,93,860Z200US43146,39,12832,928,78,58,4656,640,583,339,1904,464,9682,705,0.016752577,0.007442161,0.045433292,0.015935081,0.196653584,0.027802243
163,43146,39097,55,0.0044,43824,12627,13,93,860Z200US43146,39,12832,928,78,58,4656,640,583,339,1904,464,9682,705,0.016752577,0.007442161,0.045433292,0.015935081,0.196653584,0.027802243
164,43147,39045,44565,0.9842,158921,45281,14,94,860Z200US43147,39,46058,963,853,208,24944,843,2449,799,14274,1026,29340,694,0.0341966,0.005020184,0.053172087,0.010524031,0.486503067,0.020073945
165,43147,39089,147,0.0032,178519,45281,1,94,860Z200US43147,39,46058,963,853,208,24944,843,2449,799,14274,1026,29340,694,0.0341966,0.005020184,0.053172087,0.010524031,0.486503067,0.020073945
166,43147,39049,569,0.0126,1323807,45281,2,94,860Z200US43147,39,46058,963,853,208,24944,843,2449,799,14274,1026,29340,694,0.0341966,0.005020184,0.053172087,0.010524031,0.486503067,0.020073945
167,43148,39045,2268,0.9329,158921,2431,14,95,860Z200US43148,39,1871,330,51,36,897,198,157,76,228,89,1366,258,0.056856187,0.023173878,0.083912346,0.022995597,0.166910688,0.034662144
168,43148,39127,163,0.0671,35408,2431,17,95,860Z200US43148,39,1871,330,51,36,897,198,157,76,228,89,1366,258,0.056856187,0.023173878,0.083912346,0.022995597,0.166910688,0.034662144
169,43149,39073,2335,1,28050,2335,20,96,860Z200US43149,39,2321,585,63,49,1036,278,363,279,448,168,1696,340,0.060810811,0.026986764,0.156398104,0.069033162,0.264150943,0.050889851
170,43150,39045,1512,0.6568,158921,2302,14,97,860Z200US43150,39,2544,452,165,136,1213,287,334,190,310,127,1659,315,0.136026381,0.065288799,0.131289308,0.043130263,0.186859554,0.041236349
171,43150,39127,790,0.3432,35408,2302,17,97,860Z200US43150,39,2544,452,165,136,1213,287,334,190,310,127,1659,315,0.136026381,0.065288799,0.131289308,0.043130263,0.186859554,0.041236349
173,43152,39073,800,0.8256,28050,969,20,99,860Z200US43152,39,836,326,0,12,420,199,56,49,101,89,662,217,0,0.01736865,0.066985646,0.031896658,0.152567976,0.075862049
174,43152,39163,169,0.1744,12800,969,22,99,860Z200US43152,39,836,326,0,12,420,199,56,49,101,89,662,217,0,0.01736865,0.066985646,0.031896658,0.152567976,0.075862049
175,43153,39057,8,0.0093,167966,861,23,100,860Z200US43153,39,1113,297,9,9,582,255,173,126,271,173,832,268,0.015463918,0.008450205,0.155435759,0.064033741,0.325721154,0.109131395
176,43153,39097,752,0.8734,43824,861,13,100,860Z200US43153,39,1113,297,9,9,582,255,173,126,271,173,832,268,0.015463918,0.008450205,0.155435759,0.064033741,0.325721154,0.109131395
177,43153,39023,58,0.0674,136001,861,10,100,860Z200US43153,39,1113,297,9,9,582,255,173,126,271,173,832,268,0.015463918,0.008450205,0.155435759,0.064033741,0.325721154,0.109131395
178,43153,39047,43,0.0499,28951,861,21,100,860Z200US43153,39,1113,297,9,9,582,255,173,126,271,173,832,268,0.015463918,0.008450205,0.155435759,0.064033741,0.325721154,0.109131395
179,43154,39129,700,0.2322,58539,3014,19,101,860Z200US43154,39,3482,616,75,77,1634,368,65,52,740,306,2359,411,0.045899633,0.027948834,0.018667433,0.00885363,0.313692242,0.071513847
180,43154,39045,2314,0.7678,158921,3014,14,101,860Z200US43154,39,3482,616,75,77,1634,368,65,52,740,306,2359,411,0.045899633,0.027948834,0.018667433,0.00885363,0.313692242,0.071513847
181,43155,39045,1669,0.6594,158921,2531,14,102,860Z200US43155,39,2391,454,69,63,1134,257,274,196,438,171,1802,328,0.060846561,0.032715464,0.114596403,0.04804461,0.243063263,0.051033391
182,43155,39073,862,0.3406,28050,2531,20,102,860Z200US43155,39,2391,454,69,63,1134,257,274,196,438,171,1802,328,0.060846561,0.032715464,0.114596403,0.04804461,0.243063263,0.051033391
184,43157,39045,599,1,158921,599,14,104,860Z200US43157,39,508,179,0,12,188,72,69,60,40,32,352,109,0,0.038802302,0.135826772,0.065640625,0.113636364,0.050955994
186,43160,39047,21917,0.991,28951,22117,21,106,860Z200US43160,39,21847,521,503,141,10246,558,3458,510,2160,339,15373,342,0.049092329,0.008206236,0.158282602,0.014004237,0.140506082,0.013269899
187,43160,39141,200,0.009,77093,22117,18,106,860Z200US43160,39,21847,521,503,141,10246,558,3458,510,2160,339,15373,342,0.049092329,0.008206236,0.158282602,0.014004237,0.140506082,0.013269899
188,43162,39097,6945,1,43824,6945,13,107,860Z200US43162,39,6837,418,124,64,3719,361,660,244,890,164,4961,326,0.033342296,0.010274675,0.096533567,0.021396219,0.179399315,0.01877471
189,43164,39129,2148,0.9693,58539,2216,19,108,860Z200US43164,39,2134,391,19,18,1053,227,249,112,244,90,1455,278,0.018043685,0.010118891,0.116682287,0.029137931,0.167697595,0.032164237
190,43164,39141,68,0.0307,77093,2216,18,108,860Z200US43164,39,2134,391,19,18,1053,227,249,112,244,90,1455,278,0.018043685,0.010118891,0.116682287,0.029137931,0.167697595,0.032164237
191,43201,39049,37528,1,1323807,37528,2,109,860Z200US43201,39,34651,1574,1363,234,22481,1131,13542,957,9581,805,14909,1080,0.060628976,0.006049754,0.390811232,0.012861441,0.642631967,0.01662918
192,43202,39049,20427,1,1323807,20427,2,110,860Z200US43202,39,20778,1351,708,278,15198,1093,4588,793,8865,715,13688,1106,0.046585077,0.010931581,0.220810473,0.021496601,0.647647575,NA
193,43203,39049,8726,1,1323807,8726,2,111,860Z200US43203,39,8762,1000,455,256,4582,591,3413,720,1492,291,5625,621,0.099301615,0.033059491,0.38952294,0.042011642,0.265244444,0.025925783
194,43204,39049,42315,1,1323807,42315,2,112,860Z200US43204,39,43990,2612,1279,313,23110,1732,9817,1526,7642,912,29907,1772,0.055344007,0.007837785,0.223164356,0.019488855,0.255525462,0.016091609
195,43205,39049,12044,1,1323807,12044,2,113,860Z200US43205,39,12600,1014,475,148,7040,580,3337,711,3772,518,9291,753,0.067471591,0.012324926,0.26484127,0.0317621,0.405984286,0.027360655
196,43206,39049,21594,1,1323807,21594,2,114,860Z200US43206,39,22667,1005,617,171,14180,798,3989,767,8117,698,17529,826,0.043511989,0.007178122,0.175982706,0.02001571,0.463061213,0.020248581
197,43207,39049,46853,1,1323807,46853,2,115,860Z200US43207,39,46010,2030,1498,364,24119,1503,7954,986,5159,661,32613,1499,0.062108711,0.008867544,0.172875462,0.012174348,0.158188452,0.011500872
198,43209,39049,27727,1,1323807,27727,2,116,860Z200US43209,39,28600,1168,787,411,15823,905,2328,491,11655,748,19769,900,0.049737724,0.015695196,0.081398601,0.010238855,0.589559411,0.016212263
199,43210,39049,14126,1,1323807,14126,2,117,860Z200US43210,39,11584,886,486,220,4393,493,32,33,198,105,227,108,0.110630549,0.029493191,0.002762431,0.001726998,0.872246696,0.124197975
200,43211,39049,23160,1,1323807,23160,2,118,860Z200US43211,39,21976,1548,1263,398,9996,794,7944,1050,1286,271,13359,966,0.12635054,0.023422657,0.361485257,0.024576842,0.09626469,0.011583132
201,43212,39049,24171,1,1323807,24171,2,119,860Z200US43212,39,22619,943,371,154,15887,877,2289,483,13005,883,17106,840,0.023352427,0.00584034,0.101198108,0.0127251,0.760259558,0.021670705
202,43213,39049,35105,1,1323807,35105,2,120,860Z200US43213,39,36724,1387,1668,410,19131,1087,6849,1186,5935,851,25179,1149,0.087188333,0.012675235,0.186499292,0.019159546,0.2357123,0.019477632
203,43214,39049,26805,1,1323807,26805,2,121,860Z200US43214,39,26200,1361,514,173,16175,1051,2558,718,13104,742,20673,1002,0.031777434,0.006379525,0.097633588,0.016371539,0.633870266,0.011280568
204,43215,39049,20761,1,1323807,20761,2,122,860Z200US43215,39,15754,949,297,128,12431,804,2267,354,9333,770,12890,869,0.023891883,0.006188589,0.143899962,0.012602551,0.724049651,0.02093262
205,43217,39049,2408,1,1323807,2408,2,123,860Z200US43217,39,2031,500,7,9,895,270,381,191,93,50,1020,271,0.007821229,0.005942333,0.187592319,0.049800414,0.091176471,0.02590624
206,43219,39049,30457,1,1323807,30457,2,124,860Z200US43219,39,32136,2446,1016,275,14777,1035,9094,2185,4547,602,19715,1103,0.068755498,0.010927734,0.282984815,0.039203917,0.230636571,0.016823581
207,43220,39049,27736,1,1323807,27736,2,125,860Z200US43220,39,29355,1575,310,132,17056,1178,2873,1000,13244,877,21116,1188,0.018175422,0.004642387,0.097870891,0.02046115,0.627202122,0.013315555
208,43221,39049,33844,1,1323807,33844,2,126,860Z200US43221,39,35164,2074,648,215,19433,1319,1705,559,17032,1003,24656,1368,0.03334534,0.006583392,0.048487089,0.009506134,0.690785204,0.008287836
209,43222,39049,4124,1,1323807,4124,2,127,860Z200US43222,39,4151,1065,113,98,1622,403,2106,920,387,178,2793,596,0.069667078,0.035189478,0.507347627,0.109046575,0.138560687,0.034320237
210,43223,39049,27951,1,1323807,27951,2,128,860Z200US43223,39,27211,2220,679,223,11349,1267,6866,1195,2135,667,18072,1316,0.05982906,0.011233579,0.252324428,0.023581968,0.118138557,0.021818426
211,43224,39049,43544,1,1323807,43544,2,129,860Z200US43224,39,43391,1953,1655,436,22247,1298,10001,1435,5771,588,29457,1401,0.074392053,0.011617916,0.230485585,0.019089461,0.195912686,0.010731379
212,43227,39049,25041,1,1323807,25041,2,130,860Z200US43227,39,25031,1892,1048,306,11264,900,6729,1536,2596,375,16608,1329,0.093039773,0.015884054,0.268826655,0.035198791,0.156310212,0.011427564
213,43228,39049,58465,1,1323807,58465,2,131,860Z200US43228,39,57406,2794,1584,418,31211,1791,11171,1496,10073,979,36753,1690,0.050751338,0.007946647,0.194596384,0.014758648,0.274072865,0.014265903
214,43229,39049,54310,1,1323807,54310,2,132,860Z200US43229,39,55168,2653,2310,464,28966,1411,11786,2236,8591,712,35426,1539,0.079748671,0.009447171,0.213638341,0.02383406,0.242505504,0.010404747
215,43230,39049,58372,1,1323807,58372,2,133,860Z200US43230,39,58079,2359,1168,453,33612,1989,3510,1032,19619,1302,40176,1793,0.034749494,0.008096981,0.060434925,0.010698196,0.488326364,0.014580677
216,43231,39049,22126,1,1323807,22126,2,134,860Z200US43231,39,23110,2260,517,251,12779,1237,3549,1396,4623,640,14912,1337,0.040457,0.011700441,0.153569883,0.035568454,0.310018777,0.01987918
217,43232,39049,44823,1,1323807,44823,2,135,860Z200US43232,39,46881,1879,1363,334,23635,1249,8514,1478,5293,650,29483,1428,0.057668712,0.008388491,0.181608754,0.01864732,0.179527185,0.012315751
218,43235,39041,98,0.0022,214124,45561,3,136,860Z200US43235,39,45462,1950,743,255,25525,1338,3762,1096,19617,1247,32934,1372,0.029108717,0.006001819,0.082750429,0.014495639,0.595645837,0.017385544
219,43235,39049,45463,0.9978,1323807,45561,2,136,860Z200US43235,39,45462,1950,743,255,25525,1338,3762,1096,19617,1247,32934,1372,0.029108717,0.006001819,0.082750429,0.014495639,0.595645837,0.017385544
220,43240,39041,7661,1,214124,7661,3,137,860Z200US43240,39,6968,542,376,225,4801,548,513,260,2556,455,5377,482,0.078317017,0.027966425,0.073622273,0.022414206,0.475358006,0.044442394
221,43302,39159,27,5.00E-04,62784,54094,8,138,860Z200US43302,39,55090,885,1498,273,23355,846,8706,1111,4941,524,38502,704,0.064140441,0.006964082,0.158032311,0.012162047,0.128330996,0.008149466
222,43302,39033,216,0.004,42025,54094,24,138,860Z200US43302,39,55090,885,1498,273,23355,846,8706,1111,4941,524,38502,704,0.064140441,0.006964082,0.158032311,0.012162047,0.128330996,0.008149466
223,43302,39101,53851,0.9955,65359,54094,25,138,860Z200US43302,39,55090,885,1498,273,23355,846,8706,1111,4941,524,38502,704,0.064140441,0.006964082,0.158032311,0.012162047,0.128330996,0.008149466
224,43310,39065,811,0.2546,30696,3185,26,139,860Z200US43310,39,2734,357,26,26,1320,203,242,143,234,75,2001,257,0.01969697,0.0118314,0.088514996,0.031009903,0.116941529,0.020875597
225,43310,39091,2374,0.7454,46150,3185,16,139,860Z200US43310,39,2734,357,26,26,1320,203,242,143,234,75,2001,257,0.01969697,0.0118314,0.088514996,0.031009903,0.116941529,0.020875597
226,43311,39091,20029,1,46150,20029,16,140,860Z200US43311,39,19969,1005,367,154,9632,730,2475,726,2363,383,13448,614,0.038102159,0.009559531,0.12394211,0.021773398,0.175713861,0.016612013
227,43314,39033,89,0.0287,42025,3096,24,141,860Z200US43314,39,2555,472,59,67,1464,319,333,191,152,73,1733,303,0.040300546,0.027303739,0.130332681,0.043022422,0.087709175,0.023849784
228,43314,39101,2774,0.896,65359,3096,25,141,860Z200US43314,39,2555,472,59,67,1464,319,333,191,152,73,1733,303,0.040300546,0.027303739,0.130332681,0.043022422,0.087709175,0.023849784
229,43314,39117,233,0.0753,34950,3096,4,141,860Z200US43314,39,2555,472,59,67,1464,319,333,191,152,73,1733,303,0.040300546,0.027303739,0.130332681,0.043022422,0.087709175,0.023849784
230,43315,39101,303,0.0427,65359,7090,25,142,860Z200US43315,39,7013,705,152,101,3918,602,571,211,654,177,5213,521,0.038795304,0.015246083,0.08142022,0.01760015,0.125455592,0.019181576
231,43315,39117,6787,0.9573,34950,7090,4,142,860Z200US43315,39,7013,705,152,101,3918,602,571,211,654,177,5213,521,0.038795304,0.015246083,0.08142022,0.01760015,0.125455592,0.019181576
232,43316,39147,464,0.0782,55069,5931,27,143,860Z200US43316,39,6209,447,122,59,3365,336,427,186,789,191,4314,351,0.036255572,0.010428954,0.068771139,0.017960213,0.182892907,0.025348827
233,43316,39175,5417,0.9133,21900,5931,28,143,860Z200US43316,39,6209,447,122,59,3365,336,427,186,789,191,4314,351,0.036255572,0.010428954,0.068771139,0.017960213,0.182892907,0.025348827
234,43316,39063,50,0.0084,74920,5931,29,143,860Z200US43316,39,6209,447,122,59,3365,336,427,186,789,191,4314,351,0.036255572,0.010428954,0.068771139,0.017960213,0.182892907,0.025348827
236,43318,39091,2917,0.8083,46150,3609,16,145,860Z200US43318,39,4185,747,71,55,2091,468,227,141,505,205,2747,443,0.033955045,0.015307845,0.054241338,0.019617441,0.183836913,0.041632402
237,43318,39021,692,0.1917,38714,3609,9,145,860Z200US43318,39,4185,747,71,55,2091,468,227,141,505,205,2747,443,0.033955045,0.015307845,0.054241338,0.019617441,0.183836913,0.041632402
238,43319,39159,5,0.0047,62784,1062,8,146,860Z200US43319,39,1046,332,0,12,534,195,106,125,237,134,854,261,0,0.013660736,0.101338432,0.069965254,0.277517564,0.080249448
239,43319,39091,1057,0.9953,46150,1062,16,146,860Z200US43319,39,1046,332,0,12,534,195,106,125,237,134,854,261,0,0.013660736,0.101338432,0.069965254,0.277517564,0.080249448
240,43320,39117,1440,1,34950,1440,4,147,860Z200US43320,39,1370,366,10,12,585,204,75,45,86,60,1030,277,0.017094017,0.011931667,0.054744526,0.017879068,0.083495146,0.032675209
241,43321,39117,250,1,34950,250,4,148,860Z200US43321,39,374,165,3,7,192,83,91,72,37,29,277,120,0.015625,0.021779434,0.243315508,0.097147406,0.133574007,0.053038182
242,43322,39101,310,1,65359,310,25,149,860Z200US43322,39,447,159,3,4,230,78,21,24,24,23,297,92,0.013043478,0.010224531,0.046979866,0.031017917,0.080808081,0.044549552
243,43323,39175,581,0.954,21900,609,28,150,860Z200US43323,39,626,206,0,12,244,119,40,33,42,37,452,143,0,0.029896856,0.063897764,0.029386317,0.092920354,0.046442311
244,43323,39101,28,0.046,65359,609,25,150,860Z200US43323,39,626,206,0,12,244,119,40,33,42,37,452,143,0,0.029896856,0.063897764,0.029386317,0.092920354,0.046442311
245,43324,39091,2753,1,46150,2753,16,151,860Z200US43324,39,2688,460,27,24,1471,268,296,155,612,146,2095,361,0.018354861,0.00970763,0.110119048,0.033129168,0.292124105,0.029298188
247,43326,39101,10,8.00E-04,65359,13328,25,153,860Z200US43326,39,12990,554,367,155,5682,450,2583,719,1521,286,8480,408,0.064589933,0.016288888,0.198845266,0.033250309,0.179363208,0.019819854
248,43326,39065,13318,0.9992,30696,13328,26,153,860Z200US43326,39,12990,554,367,155,5682,450,2583,719,1521,286,8480,408,0.064589933,0.016288888,0.198845266,0.033250309,0.179363208,0.019819854
250,43331,39065,18,0.0041,30696,4428,26,155,860Z200US43331,39,4247,339,160,94,2080,261,431,154,529,136,3372,298,0.076923077,0.026838589,0.1014834,0.02148602,0.15688019,0.023023904
251,43331,39091,4265,0.9632,46150,4428,16,155,860Z200US43331,39,4247,339,160,94,2080,261,431,154,529,136,3372,298,0.076923077,0.026838589,0.1014834,0.02148602,0.15688019,0.023023904
252,43331,39011,145,0.0327,46422,4428,30,155,860Z200US43331,39,4247,339,160,94,2080,261,431,154,529,136,3372,298,0.076923077,0.026838589,0.1014834,0.02148602,0.15688019,0.023023904
253,43332,39101,1908,0.8933,65359,2136,25,156,860Z200US43332,39,1585,382,11,10,851,245,198,118,214,105,1266,310,0.012925969,0.006775725,0.124921136,0.041391236,0.169036335,0.043691017
254,43332,39175,47,0.022,21900,2136,28,156,860Z200US43332,39,1585,382,11,10,851,245,198,118,214,105,1266,310,0.012925969,0.006775725,0.124921136,0.041391236,0.169036335,0.043691017
255,43332,39065,181,0.0847,30696,2136,26,156,860Z200US43332,39,1585,382,11,10,851,245,198,118,214,105,1266,310,0.012925969,0.006775725,0.124921136,0.041391236,0.169036335,0.043691017
256,43333,39091,826,1,46150,826,16,157,860Z200US43333,39,884,297,0,12,397,180,149,161,118,108,560,180,0,0.018374894,0.168552036,0.10522742,0.210714286,0.109770773
257,43334,39117,6530,0.9716,34950,6721,4,158,860Z200US43334,39,6229,515,27,33,3148,313,488,218,790,202,4395,410,0.008576874,0.00635143,0.078343233,0.020907584,0.179749716,0.026014129
258,43334,39041,191,0.0284,214124,6721,3,158,860Z200US43334,39,6229,515,27,33,3148,313,488,218,790,202,4395,410,0.008576874,0.00635143,0.078343233,0.020907584,0.179749716,0.026014129
260,43337,39175,81,0.0809,21900,1001,28,160,860Z200US43337,39,769,248,8,10,289,156,98,62,121,76,623,187,0.027681661,0.018972311,0.127438231,0.042165756,0.194221509,0.065142208
261,43337,39101,920,0.9191,65359,1001,25,160,860Z200US43337,39,769,248,8,10,289,156,98,62,121,76,623,187,0.027681661,0.018972311,0.127438231,0.042165756,0.194221509,0.065142208
262,43338,39117,10423,1,34950,10423,4,161,860Z200US43338,39,10033,506,144,126,5295,478,891,391,1445,274,7188,428,0.027195467,0.014388481,0.088806937,0.023533842,0.201029494,0.022000562
263,43340,39065,1535,0.8751,30696,1754,26,162,860Z200US43340,39,2001,630,27,28,953,255,460,549,170,53,1099,236,0.028331584,0.01725596,0.229885057,0.160877802,0.154686078,0.021253301
264,43340,39159,219,0.1249,62784,1754,8,162,860Z200US43340,39,2001,630,27,28,953,255,460,549,170,53,1099,236,0.028331584,0.01725596,0.229885057,0.160877802,0.154686078,0.021253301
265,43341,39101,911,1,65359,911,25,163,860Z200US43341,39,835,339,49,67,508,226,130,122,141,127,734,287,0.096456693,0.075813744,0.155688623,0.080077819,0.192098093,0.094754243
266,43342,39041,80,0.0246,214124,3256,3,164,860Z200US43342,39,3699,562,20,17,1902,429,242,135,497,162,2556,355,0.010515247,0.005238626,0.065423087,0.021347528,0.194444444,0.034856354
267,43342,39159,42,0.0129,62784,3256,8,164,860Z200US43342,39,3699,562,20,17,1902,429,242,135,497,162,2556,355,0.010515247,0.005238626,0.065423087,0.021347528,0.194444444,0.034856354
268,43342,39101,3134,0.9625,65359,3256,25,164,860Z200US43342,39,3699,562,20,17,1902,429,242,135,497,162,2556,355,0.010515247,0.005238626,0.065423087,0.021347528,0.194444444,0.034856354
269,43343,39091,1101,0.8929,46150,1233,16,165,860Z200US43343,39,1124,295,22,19,596,199,74,44,41,32,926,256,0.036912752,0.017872547,0.065836299,0.021353182,0.044276458,0.019645427
270,43343,39021,132,0.1071,38714,1233,9,165,860Z200US43343,39,1124,295,22,19,596,199,74,44,41,32,926,256,0.036912752,0.017872547,0.065836299,0.021353182,0.044276458,0.019645427
271,43344,39159,5547,0.9728,62784,5702,8,166,860Z200US43344,39,6119,442,86,58,3091,314,394,167,583,182,4012,313,0.027822711,0.011276638,0.064389606,0.016348206,0.145314058,0.026701818
272,43344,39041,112,0.0196,214124,5702,3,166,860Z200US43344,39,6119,442,86,58,3091,314,394,167,583,182,4012,313,0.027822711,0.011276638,0.064389606,0.016348206,0.145314058,0.026701818
273,43344,39101,43,0.0075,65359,5702,25,166,860Z200US43344,39,6119,442,86,58,3091,314,394,167,583,182,4012,313,0.027822711,0.011276638,0.064389606,0.016348206,0.145314058,0.026701818
274,43345,39091,327,0.3741,46150,874,16,167,860Z200US43345,39,851,307,6,8,490,178,13,12,111,62,509,155,0.012244898,0.009549484,0.015276146,0.007890329,0.218074656,0.062074765
275,43345,39159,15,0.0172,62784,874,8,167,860Z200US43345,39,851,307,6,8,490,178,13,12,111,62,509,155,0.012244898,0.009549484,0.015276146,0.007890329,0.218074656,0.062074765
276,43345,39065,532,0.6087,30696,874,26,167,860Z200US43345,39,851,307,6,8,490,178,13,12,111,62,509,155,0.012244898,0.009549484,0.015276146,0.007890329,0.218074656,0.062074765
278,43347,39065,77,0.0516,30696,1492,26,169,860Z200US43347,39,1206,259,11,11,578,131,125,75,150,52,777,149,0.019031142,0.01126803,0.103648425,0.035300225,0.193050193,0.033892179
279,43347,39091,1415,0.9484,46150,1492,16,169,860Z200US43347,39,1206,259,11,11,578,131,125,75,150,52,777,149,0.019031142,0.01126803,0.103648425,0.035300225,0.193050193,0.033892179
280,43348,39091,1880,1,46150,1880,16,170,860Z200US43348,39,1840,296,50,28,724,149,420,156,243,75,1225,202,0.069060773,0.021864882,0.22826087,0.046454731,0.198367347,0.031461359
282,43351,39175,10144,1,21900,10144,28,172,860Z200US43351,39,10591,473,138,91,5347,327,564,289,1874,309,7323,360,0.025808865,0.010301241,0.053252762,0.016524911,0.255906049,0.024484381
283,43356,39117,102,0.0879,34950,1161,4,173,860Z200US43356,39,1111,313,13,20,576,212,32,35,248,121,881,236,0.022569444,0.020494795,0.02880288,0.018504643,0.281498297,0.069782186
284,43356,39041,95,0.0818,214124,1161,3,173,860Z200US43356,39,1111,313,13,20,576,212,32,35,248,121,881,236,0.022569444,0.020494795,0.02880288,0.018504643,0.281498297,0.069782186
285,43356,39101,964,0.8303,65359,1161,25,173,860Z200US43356,39,1111,313,13,20,576,212,32,35,248,121,881,236,0.022569444,0.020494795,0.02880288,0.018504643,0.281498297,0.069782186
286,43357,39091,3919,0.8084,46150,4848,16,174,860Z200US43357,39,4469,664,48,47,2152,414,245,112,676,165,3028,422,0.022304833,0.013017915,0.054822108,0.014407842,0.22324967,0.027194872
287,43357,39021,929,0.1916,38714,4848,9,174,860Z200US43357,39,4469,664,48,47,2152,414,245,112,676,165,3028,422,0.022304833,0.013017915,0.054822108,0.014407842,0.22324967,0.027194872
288,43358,39091,1354,0.5234,46150,2587,16,175,860Z200US43358,39,2608,405,43,31,1379,243,177,128,361,103,1794,263,0.031182016,0.013251178,0.067868098,0.029139694,0.20122631,0.029942449
289,43358,39159,1233,0.4766,62784,2587,8,175,860Z200US43358,39,2608,405,43,31,1379,243,177,128,361,103,1794,263,0.031182016,0.013251178,0.067868098,0.029139694,0.20122631,0.029942449
290,43359,39175,720,1,21900,720,28,176,860Z200US43359,39,618,155,7,9,307,90,62,45,55,29,427,115,0.022801303,0.017351807,0.100323625,0.041537919,0.128805621,0.03549414
291,43360,39091,1590,1,46150,1590,16,177,860Z200US43360,39,1790,379,2,4,976,264,38,27,242,98,1124,228,0.00204918,0.002468514,0.02122905,0.008752895,0.215302491,0.045873434
292,43402,39173,31459,1,132248,31459,31,178,860Z200US43402,39,31472,747,971,292,18824,817,7997,887,7691,654,16815,737,0.051583085,0.009331126,0.254098882,0.016736116,0.457389236,0.020260913
294,43406,39143,75,0.0431,58896,1740,32,180,860Z200US43406,39,1620,353,38,33,695,168,193,94,96,59,1040,237,0.054676259,0.0277237,0.119135802,0.031546296,0.092307692,0.032028386
295,43406,39173,1665,0.9569,132248,1740,31,180,860Z200US43406,39,1620,353,38,33,695,168,193,94,96,59,1040,237,0.054676259,0.0277237,0.119135802,0.031546296,0.092307692,0.032028386
296,43407,39143,631,1,58896,631,32,181,860Z200US43407,39,521,200,8,10,225,71,38,31,52,29,395,179,0.035555556,0.026142827,0.07293666,0.03191597,0.13164557,0.026013631
297,43408,39123,251,1,40364,251,33,182,860Z200US43408,39,355,178,11,11,122,41,65,36,8,15,238,105,0.090163934,0.051623023,0.183098592,0.026183009,0.033613445,0.037237524
298,43410,39143,9989,0.9775,58896,10219,32,183,860Z200US43410,39,9838,527,301,145,5259,484,938,383,1575,365,7422,393,0.057235216,0.016452239,0.095344582,0.023461518,0.212206952,0.029104694
299,43410,39147,230,0.0225,55069,10219,27,183,860Z200US43410,39,9838,527,301,145,5259,484,938,383,1575,365,7422,393,0.057235216,0.016452239,0.095344582,0.023461518,0.212206952,0.029104694
300,43412,39095,2017,0.5001,431279,4033,34,184,860Z200US43412,39,4166,347,28,30,2293,324,369,207,743,168,2947,241,0.012211077,0.007883905,0.088574172,0.029870629,0.252120801,0.032308829
301,43412,39123,2016,0.4999,40364,4033,33,184,860Z200US43412,39,4166,347,28,30,2293,324,369,207,743,168,2947,241,0.012211077,0.007883905,0.088574172,0.029870629,0.252120801,0.032308829
302,43413,39173,1430,1,132248,1430,31,185,860Z200US43413,39,951,185,8,9,512,120,119,74,77,31,628,130,0.015625,0.010451321,0.125131441,0.044928493,0.122611465,0.025737329
304,43416,39123,2660,0.9606,40364,2769,33,187,860Z200US43416,39,2900,236,8,15,1436,163,243,103,619,130,2021,188,0.005571031,0.006338312,0.083793103,0.021189359,0.306284018,0.035058049
305,43416,39143,109,0.0394,58896,2769,32,187,860Z200US43416,39,2900,236,8,15,1436,163,243,103,619,130,2021,188,0.005571031,0.006338312,0.083793103,0.021189359,0.306284018,0.035058049
306,43420,39123,15,5.00E-04,40364,29332,33,188,860Z200US43420,39,29304,607,733,179,14114,534,4471,815,3733,412,20130,514,0.05193425,0.007616598,0.152573028,0.01679742,0.18544461,0.012104365
307,43420,39143,29317,0.9995,58896,29332,32,188,860Z200US43420,39,29304,607,733,179,14114,534,4471,815,3733,412,20130,514,0.05193425,0.007616598,0.152573028,0.01679742,0.18544461,0.012104365
308,43430,39173,230,0.0497,132248,4631,31,189,860Z200US43430,39,4953,501,44,28,2518,525,247,134,662,158,3218,244,0.017474186,0.006386712,0.049868766,0.016157994,0.205717837,0.028301047
309,43430,39143,59,0.0127,58896,4631,32,189,860Z200US43430,39,4953,501,44,28,2518,525,247,134,662,158,3218,244,0.017474186,0.006386712,0.049868766,0.016157994,0.205717837,0.028301047
310,43430,39123,4342,0.9376,40364,4631,33,189,860Z200US43430,39,4953,501,44,28,2518,525,247,134,662,158,3218,244,0.017474186,0.006386712,0.049868766,0.016157994,0.205717837,0.028301047
311,43431,39143,4475,0.9944,58896,4500,32,190,860Z200US43431,39,4871,490,69,53,2549,287,581,190,658,138,3484,349,0.027069439,0.012503267,0.119277356,0.022562337,0.188863375,0.02115467
312,43431,39173,25,0.0056,132248,4500,31,190,860Z200US43431,39,4871,490,69,53,2549,287,581,190,658,138,3484,349,0.027069439,0.012503267,0.119277356,0.022562337,0.188863375,0.02115467
313,43432,39123,1354,1,40364,1354,33,191,860Z200US43432,39,1137,347,17,25,568,214,21,31,210,122,923,289,0.029929577,0.025863279,0.018469657,0.016216229,0.22751896,0.067682373
316,43435,39143,1484,1,58896,1484,32,194,860Z200US43435,39,1084,272,37,40,619,168,85,74,140,67,762,182,0.059773829,0.038024821,0.078413284,0.039737835,0.183727034,0.046318095
318,43437,39173,447,1,132248,447,31,196,860Z200US43437,39,535,144,8,8,250,57,87,62,37,26,296,72,0.032,0.018940521,0.162616822,0.065230547,0.125,0.050095748
319,43438,39043,256,1,75622,256,35,197,860Z200US43438,39,221,81,21,16,104,52,10,9,90,34,209,72,0.201923077,0.07056755,0.045248869,0.022610382,0.43062201,0.040585836
321,43440,39123,4665,1,40364,4665,33,199,860Z200US43440,39,4099,340,90,59,1806,241,169,81,1384,207,3558,295,0.049833887,0.019443699,0.041229568,0.011831454,0.388982574,0.029435462
322,43442,39143,996,0.9813,58896,1015,32,200,860Z200US43442,39,841,177,5,8,386,92,87,46,81,31,607,115,0.012953368,0.012458449,0.103448276,0.030502631,0.133443163,0.026975191
323,43442,39123,19,0.0187,40364,1015,33,200,860Z200US43442,39,841,177,5,8,386,92,87,46,81,31,607,115,0.012953368,0.012458449,0.103448276,0.030502631,0.133443163,0.026975191
324,43443,39173,1856,1,132248,1856,31,201,860Z200US43443,39,1609,356,20,19,972,211,17,19,248,82,1082,200,0.020576132,0.011568489,0.010565569,0.007036397,0.229205176,0.038198822
325,43445,39095,186,0.1566,431279,1188,34,202,860Z200US43445,39,983,274,15,24,635,195,64,59,168,76,781,204,0.023622047,0.022548702,0.065106816,0.034778731,0.215108835,0.048298462
326,43445,39123,1002,0.8434,40364,1188,33,202,860Z200US43445,39,983,274,15,24,635,195,64,59,168,76,781,204,0.023622047,0.022548702,0.065106816,0.034778731,0.215108835,0.048298462
328,43447,39173,2730,0.8166,132248,3343,31,204,860Z200US43447,39,3140,538,64,58,1738,292,248,142,571,127,2206,368,0.036823936,0.019935074,0.078980892,0.026231462,0.258839529,0.023147499
329,43447,39123,613,0.1834,40364,3343,33,204,860Z200US43447,39,3140,538,64,58,1738,292,248,142,571,127,2206,368,0.036823936,0.019935074,0.078980892,0.026231462,0.258839529,0.023147499
330,43449,39143,70,0.0087,58896,8057,32,205,860Z200US43449,39,8281,352,104,64,3972,294,627,286,1249,238,6083,349,0.026183283,0.009723898,0.075715493,0.020903711,0.205326319,0.022680773
331,43449,39123,7987,0.9913,40364,8057,33,205,860Z200US43449,39,8281,352,104,64,3972,294,627,286,1249,238,6083,349,0.026183283,0.009723898,0.075715493,0.020903711,0.205326319,0.022680773
332,43450,39173,3454,1,132248,3454,31,206,860Z200US43450,39,3681,349,55,47,1871,249,368,216,863,188,2751,293,0.029396045,0.01508435,0.099972833,0.035203107,0.313704108,0.036239645
333,43451,39173,1126,1,132248,1126,31,207,860Z200US43451,39,1125,284,101,70,709,226,72,62,187,74,884,223,0.142454161,0.053294036,0.064,0.032030209,0.211538462,0.039207607
334,43452,39123,13443,1,40364,13443,33,208,860Z200US43452,39,14048,486,345,128,6765,461,1945,349,3087,334,11141,458,0.050997783,0.011306399,0.138453872,0.014819006,0.277084642,0.016857787
335,43456,39123,678,1,40364,678,33,209,860Z200US43456,39,549,110,26,21,357,107,59,26,153,39,355,62,0.072829132,0.0332058,0.107468124,0.025641672,0.430985915,0.048644921
336,43457,39173,1029,0.7131,132248,1443,31,210,860Z200US43457,39,1281,307,11,11,570,137,184,109,82,49,910,219,0.019298246,0.011387561,0.143637783,0.04730435,0.09010989,0.029961249
337,43457,39143,384,0.2661,58896,1443,32,210,860Z200US43457,39,1281,307,11,11,570,137,184,109,82,49,910,219,0.019298246,0.011387561,0.143637783,0.04730435,0.09010989,0.029961249
338,43457,39147,30,0.0208,55069,1443,27,210,860Z200US43457,39,1281,307,11,11,570,137,184,109,82,49,910,219,0.019298246,0.011387561,0.143637783,0.04730435,0.09010989,0.029961249
339,43458,39123,312,1,40364,312,33,211,860Z200US43458,39,323,129,13,19,187,77,28,22,17,21,220,83,0.069518717,0.05926356,0.086687307,0.035657212,0.077272727,0.055254577
340,43460,39173,6230,1,132248,6230,31,212,860Z200US43460,39,6225,90,180,144,3702,282,715,294,1379,232,4452,274,0.048622366,0.023538696,0.114859438,0.028692834,0.309748428,0.029482837
341,43462,39173,1096,1,132248,1096,31,213,860Z200US43462,39,985,278,37,30,590,182,20,19,134,57,732,163,0.062711864,0.028585874,0.020304569,0.011196613,0.183060109,0.040332432
342,43463,39173,253,1,132248,253,31,214,860Z200US43463,39,536,267,0,12,259,147,0,12,59,57,408,249,0,0.028165378,0,0.013609763,0.144607843,0.065836416
343,43464,39143,1011,0.7567,58896,1336,32,215,860Z200US43464,39,2041,483,81,97,1026,317,180,128,154,80,1291,308,0.078947368,0.055526507,0.088192063,0.035951221,0.119287374,0.033462574
344,43464,39043,325,0.2433,75622,1336,35,215,860Z200US43464,39,2041,483,81,97,1026,317,180,128,154,80,1291,308,0.078947368,0.055526507,0.088192063,0.035951221,0.119287374,0.033462574
345,43465,39173,5599,1,132248,5599,31,216,860Z200US43465,39,5600,443,179,106,3005,258,1094,504,663,195,3836,339,0.059567388,0.021216916,0.195357143,0.053898624,0.172836288,0.029474304
346,43466,39173,2141,1,132248,2141,31,217,860Z200US43466,39,2735,458,63,60,1360,210,199,120,220,103,1507,212,0.046323529,0.026464394,0.072760512,0.025623056,0.145985401,0.039628782
348,43468,39123,565,1,40364,565,33,219,860Z200US43468,39,629,253,0,12,179,98,0,12,64,53,456,166,0,0.040753256,0,0.011597508,0.140350877,0.063462559
349,43469,39123,144,0.0478,40364,3014,33,220,860Z200US43469,39,2857,424,91,71,1500,260,123,62,524,134,2060,307,0.060666667,0.028055008,0.043052153,0.012607417,0.254368932,0.032134246
350,43469,39143,2870,0.9522,58896,3014,32,220,860Z200US43469,39,2857,424,91,71,1500,260,123,62,524,134,2060,307,0.060666667,0.028055008,0.043052153,0.012607417,0.254368932,0.032134246
351,43501,39171,844,1,37102,844,36,221,860Z200US43501,39,941,372,8,13,342,150,235,215,52,47,559,168,0.023391813,0.022249824,0.249734325,0.125258122,0.093023256,0.048203435
352,43502,39051,6493,0.9192,42713,7064,37,222,860Z200US43502,39,6895,279,136,76,3404,286,689,420,1145,195,4539,237,0.039952996,0.013418167,0.099927484,0.036947935,0.252258207,0.024858398
353,43502,39171,85,0.012,37102,7064,36,222,860Z200US43502,39,6895,279,136,76,3404,286,689,420,1145,195,4539,237,0.039952996,0.013418167,0.099927484,0.036947935,0.252258207,0.024858398
354,43502,39069,486,0.0688,27662,7064,38,222,860Z200US43502,39,6895,279,136,76,3404,286,689,420,1145,195,4539,237,0.039952996,0.013418167,0.099927484,0.036947935,0.252258207,0.024858398
355,43504,39051,32,0.0288,42713,1110,37,223,860Z200US43504,39,1076,214,41,61,498,106,7,9,166,47,793,158,0.082329317,0.073696023,0.006505576,0.005023486,0.209331652,0.025598511
356,43504,39095,1078,0.9712,431279,1110,34,223,860Z200US43504,39,1076,214,41,61,498,106,7,9,166,47,793,158,0.082329317,0.073696023,0.006505576,0.005023486,0.209331652,0.025598511
358,43506,39039,426,0.0284,38286,15010,39,225,860Z200US43506,39,14584,486,309,188,7531,534,1608,489,1667,259,10543,326,0.041030408,0.015071959,0.110257817,0.020260166,0.158114389,0.014635043
359,43506,39171,14584,0.9716,37102,15010,36,225,860Z200US43506,39,14584,486,309,188,7531,534,1608,489,1667,259,10543,326,0.041030408,0.015071959,0.110257817,0.020260166,0.158114389,0.014635043
361,43511,39069,68,0.0794,27662,856,38,227,860Z200US43511,39,1114,254,33,36,554,154,113,60,137,63,750,155,0.059566787,0.038198729,0.101436266,0.029569218,0.182666667,0.045616422
362,43511,39173,788,0.9206,132248,856,31,227,860Z200US43511,39,1114,254,33,36,554,154,113,60,137,63,750,155,0.059566787,0.038198729,0.101436266,0.029569218,0.182666667,0.045616422
363,43512,39069,56,0.002,27662,28208,38,228,860Z200US43512,39,28435,532,658,170,14484,395,3121,697,3738,452,20136,400,0.045429439,0.007095147,0.1097591,0.014848557,0.185637664,0.013460412
364,43512,39039,27223,0.9651,38286,28208,39,228,860Z200US43512,39,28435,532,658,170,14484,395,3121,697,3738,452,20136,400,0.045429439,0.007095147,0.1097591,0.014848557,0.185637664,0.013460412
365,43512,39125,929,0.0329,18806,28208,40,228,860Z200US43512,39,28435,532,658,170,14484,395,3121,697,3738,452,20136,400,0.045429439,0.007095147,0.1097591,0.014848557,0.185637664,0.013460412
366,43515,39051,8174,1,42713,8174,37,229,860Z200US43515,39,7925,597,75,60,4068,384,729,363,854,214,5196,406,0.018436578,0.008903482,0.091987382,0.027524143,0.164357198,0.023788508
367,43516,39173,300,0.1081,132248,2776,31,230,860Z200US43516,39,2892,316,60,33,1559,198,229,93,435,108,1844,200,0.038486209,0.012519958,0.079183956,0.018827875,0.235900217,0.032026846
368,43516,39063,41,0.0148,74920,2776,29,230,860Z200US43516,39,2892,316,60,33,1559,198,229,93,435,108,1844,200,0.038486209,0.012519958,0.079183956,0.018827875,0.235900217,0.032026846
369,43516,39069,2430,0.8754,27662,2776,38,230,860Z200US43516,39,2892,316,60,33,1559,198,229,93,435,108,1844,200,0.038486209,0.012519958,0.079183956,0.018827875,0.235900217,0.032026846
370,43516,39137,5,0.0018,34451,2776,41,230,860Z200US43516,39,2892,316,60,33,1559,198,229,93,435,108,1844,200,0.038486209,0.012519958,0.079183956,0.018827875,0.235900217,0.032026846
371,43517,39171,2808,0.8037,37102,3494,36,231,860Z200US43517,39,3561,320,136,76,1953,231,318,191,353,123,2529,228,0.069636457,0.023120264,0.089300758,0.032238852,0.139580862,0.028559082
372,43517,39039,686,0.1963,38286,3494,39,231,860Z200US43517,39,3561,320,136,76,1953,231,318,191,353,123,2529,228,0.069636457,0.023120264,0.089300758,0.032238852,0.139580862,0.028559082
373,43518,39171,2572,1,37102,2572,36,232,860Z200US43518,39,2999,460,35,34,1487,293,257,138,476,198,1945,282,0.023537323,0.013610656,0.085695232,0.026807327,0.244730077,0.058003326
376,43521,39171,41,0.0152,37102,2693,36,235,860Z200US43521,39,2683,345,37,30,1313,212,397,192,235,58,1930,246,0.028179741,0.013611443,0.147968692,0.041936704,0.121761658,0.015643841
377,43521,39051,2652,0.9848,42713,2693,37,235,860Z200US43521,39,2683,345,37,30,1313,212,397,192,235,58,1930,246,0.028179741,0.013611443,0.147968692,0.041936704,0.121761658,0.015643841
378,43522,39173,1755,0.5402,132248,3249,31,236,860Z200US43522,39,3986,449,99,69,2196,324,215,126,699,161,2748,308,0.045081967,0.018667889,0.053938786,0.018857883,0.254366812,0.031114595
379,43522,39095,1457,0.4484,431279,3249,34,236,860Z200US43522,39,3986,449,99,69,2196,324,215,126,699,161,2748,308,0.045081967,0.018667889,0.053938786,0.018857883,0.254366812,0.031114595
380,43522,39069,37,0.0114,27662,3249,38,236,860Z200US43522,39,3986,449,99,69,2196,324,215,126,699,161,2748,308,0.045081967,0.018667889,0.053938786,0.018857883,0.254366812,0.031114595
382,43524,39069,1239,1,27662,1239,38,238,860Z200US43524,39,1059,207,26,22,461,117,190,105,82,44,748,132,0.056399132,0.027674834,0.179414542,0.056377422,0.109625668,0.033769811
383,43525,39173,1191,1,132248,1191,31,239,860Z200US43525,39,1176,247,22,17,657,158,39,29,257,65,735,147,0.03348554,0.014948441,0.033163265,0.014380362,0.349659864,0.032907334
384,43526,39039,5910,0.9858,38286,5995,39,240,860Z200US43526,39,5559,239,96,51,2777,260,435,205,527,135,3436,239,0.03456968,0.010989474,0.078251484,0.022324227,0.153376019,0.022987066
385,43526,39125,85,0.0142,18806,5995,40,240,860Z200US43526,39,5559,239,96,51,2777,260,435,205,527,135,3436,239,0.03456968,0.010989474,0.078251484,0.022324227,0.153376019,0.022987066
386,43527,39039,118,0.0548,38286,2152,39,241,860Z200US43527,39,2155,357,78,99,1062,242,148,77,219,76,1568,291,0.073446328,0.055748115,0.068677494,0.020590354,0.139668367,0.024897341
387,43527,39069,2034,0.9452,27662,2152,38,241,860Z200US43527,39,2155,357,78,99,1062,242,148,77,219,76,1568,291,0.073446328,0.055748115,0.068677494,0.020590354,0.139668367,0.024897341
388,43528,39095,16746,1,431279,16746,34,242,860Z200US43528,39,16683,1145,320,127,8487,590,1647,580,4215,490,12067,838,0.037704725,0.008956054,0.098723251,0.020729042,0.349299743,0.019796351
389,43529,39173,220,1,132248,220,31,243,860Z200US43529,39,368,128,37,30,217,82,67,73,27,29,218,72,0.170506912,0.074356635,0.182065217,0.114279524,0.123853211,0.076949657
392,43532,39095,51,0.0135,431279,3775,34,246,860Z200US43532,39,3452,407,61,34,2077,312,369,181,412,122,2367,288,0.029369283,0.009583015,0.106894554,0.030939914,0.174059992,0.028565328
393,43532,39051,170,0.045,42713,3775,37,246,860Z200US43532,39,3452,407,61,34,2077,312,369,181,412,122,2367,288,0.029369283,0.009583015,0.106894554,0.030939914,0.174059992,0.028565328
394,43532,39069,3554,0.9415,27662,3775,38,246,860Z200US43532,39,3452,407,61,34,2077,312,369,181,412,122,2367,288,0.029369283,0.009583015,0.106894554,0.030939914,0.174059992,0.028565328
395,43533,39051,1509,1,42713,1509,37,247,860Z200US43533,39,1469,278,17,16,669,145,233,126,144,72,997,160,0.025411061,0.014148015,0.1586113,0.048844395,0.1444333,0.041577991
396,43534,39069,1662,1,27662,1662,38,248,860Z200US43534,39,1474,318,64,53,839,200,55,37,127,63,938,193,0.076281287,0.036776115,0.037313433,0.014453472,0.135394456,0.037151459
397,43535,39069,721,1,27662,721,38,249,860Z200US43535,39,721,182,48,39,362,116,76,80,88,42,503,117,0.132596685,0.060183682,0.105409154,0.065482903,0.174950298,0.044323012
399,43537,39095,29075,1,431279,29075,34,251,860Z200US43537,39,29859,1308,1030,419,15752,1111,1850,475,8437,656,20335,708,0.065388522,0.01592519,0.061957869,0.00952879,0.414900418,0.017534725
400,43540,39051,1459,1,42713,1459,37,252,860Z200US43540,39,1479,274,3,5,864,178,136,97,250,87,1089,197,0.003472222,0.003490976,0.091954023,0.038500776,0.229568411,0.041487887
402,43542,39095,4443,1,431279,4443,34,254,860Z200US43542,39,4734,1000,68,67,2141,486,324,249,1645,379,3089,586,0.031760859,0.018511838,0.068441065,0.030743046,0.532534801,0.042325405
403,43543,39171,7364,1,37102,7364,36,255,860Z200US43543,39,7579,505,133,97,3689,397,833,223,571,136,5202,387,0.036053131,0.015809457,0.109908959,0.017323679,0.109765475,0.015097729
404,43545,39039,33,0.0024,38286,13954,39,256,860Z200US43545,39,14573,626,302,149,7139,481,1427,421,1899,288,10037,474,0.042302844,0.012568839,0.097920812,0.017374576,0.18919996,0.01657582
405,43545,39069,13921,0.9976,27662,13954,38,256,860Z200US43545,39,14573,626,302,149,7139,481,1427,421,1899,288,10037,474,0.042302844,0.012568839,0.097920812,0.017374576,0.18919996,0.01657582
406,43547,39095,370,1,431279,370,34,257,860Z200US43547,39,482,455,60,89,418,457,12,18,0,24,377,333,0.14354067,0.087475324,0.024896266,0.017642548,0,0.038699378
407,43548,39069,671,0.9307,27662,721,38,258,860Z200US43548,39,898,246,0,12,482,142,51,74,146,55,620,162,0,0.015134508,0.056792873,0.049193534,0.235483871,0.038846403
408,43548,39137,11,0.0153,34451,721,41,258,860Z200US43548,39,898,246,0,12,482,142,51,74,146,55,620,162,0,0.015134508,0.056792873,0.049193534,0.235483871,0.038846403
409,43548,39039,39,0.0541,38286,721,39,258,860Z200US43548,39,898,246,0,12,482,142,51,74,146,55,620,162,0,0.015134508,0.056792873,0.049193534,0.235483871,0.038846403
410,43549,39039,1359,1,38286,1359,39,259,860Z200US43549,39,1353,303,29,23,741,191,159,132,262,113,981,213,0.039136302,0.017844456,0.11751663,0.057109007,0.267074414,0.060503054
411,43551,39173,43235,1,132248,43235,31,260,860Z200US43551,39,42914,761,1100,428,23649,958,2421,461,14822,850,29773,799,0.046513595,0.010942045,0.056415156,0.006501964,0.497833608,0.015337647
413,43554,39171,2413,1,37102,2413,36,262,860Z200US43554,39,2129,417,40,42,1098,247,272,117,195,75,1433,267,0.036429872,0.022713185,0.127759512,0.029743172,0.136078158,0.027833677
415,43556,39039,1762,1,38286,1762,39,264,860Z200US43556,39,1682,373,0,12,746,180,158,88,202,79,1099,213,0,0.009778596,0.093935791,0.029174929,0.183803458,0.03795482
416,43557,39171,3080,0.9744,37102,3161,36,265,860Z200US43557,39,3246,186,41,33,1431,157,145,86,340,96,2315,163,0.028651293,0.013887873,0.044670364,0.016030522,0.146868251,0.024412532
417,43557,39051,18,0.0057,42713,3161,37,265,860Z200US43557,39,3246,186,41,33,1431,157,145,86,340,96,2315,163,0.028651293,0.013887873,0.044670364,0.016030522,0.146868251,0.024412532
418,43557,39069,63,0.0199,27662,3161,38,265,860Z200US43557,39,3246,186,41,33,1431,157,145,86,340,96,2315,163,0.028651293,0.013887873,0.044670364,0.016030522,0.146868251,0.024412532
419,43558,39051,8589,0.6563,42713,13088,37,266,860Z200US43558,39,13319,652,445,239,6918,528,872,263,1746,256,9931,479,0.064324949,0.020788416,0.065470381,0.011844619,0.17581311,0.014798265
420,43558,39095,4499,0.3438,431279,13088,34,266,860Z200US43558,39,13319,652,445,239,6918,528,872,263,1746,256,9931,479,0.064324949,0.020788416,0.065470381,0.011844619,0.17581311,0.014798265
421,43560,39095,34204,1,431279,34204,34,267,860Z200US43560,39,32717,1063,529,144,16731,925,1895,373,12179,836,22782,881,0.031617955,0.005123035,0.057920959,0.006835507,0.53458871,0.018430546
422,43565,39173,349,1,132248,349,31,268,860Z200US43565,39,380,108,3,4,204,54,37,40,17,20,250,69,0.014705882,0.0116824,0.097368421,0.061738891,0.068,0.04727499
423,43566,39095,8371,1,431279,8371,34,269,860Z200US43566,39,7947,441,184,133,3910,391,330,217,2715,371,5750,441,0.047058824,0.020479181,0.041525104,0.01654012,0.472173913,0.032462369
424,43567,39051,13192,0.9964,42713,13240,37,270,860Z200US43567,39,12987,537,147,76,6352,459,729,244,1571,283,8678,348,0.023142317,0.007202002,0.056133056,0.011333798,0.181032496,0.019326984
425,43567,39069,48,0.0036,27662,13240,38,270,860Z200US43567,39,12987,537,147,76,6352,459,729,244,1571,283,8678,348,0.023142317,0.007202002,0.056133056,0.011333798,0.181032496,0.019326984
426,43569,39173,2628,1,132248,2628,31,271,860Z200US43569,39,2823,429,61,41,1413,227,283,108,501,124,1896,248,0.043170559,0.01712781,0.100247963,0.021333211,0.264240506,0.03375181
427,43570,39051,95,0.0301,42713,3152,37,272,860Z200US43570,39,3069,300,96,62,1469,214,366,180,235,75,2005,258,0.065350579,0.024995663,0.119257087,0.034942742,0.117206983,0.02080927
428,43570,39171,3057,0.9699,37102,3152,36,272,860Z200US43570,39,3069,300,96,62,1469,214,366,180,235,75,2005,258,0.065350579,0.024995663,0.119257087,0.034942742,0.117206983,0.02080927
429,43571,39095,7753,1,431279,7753,34,273,860Z200US43571,39,7169,657,116,58,3818,405,523,375,1845,308,4963,431,0.030382399,0.009024556,0.072952992,0.031537706,0.371750957,0.032219437
430,43604,39095,9248,1,431279,9248,34,274,860Z200US43604,39,9626,854,667,206,3940,431,5218,802,984,186,6366,482,0.16928934,0.029723284,0.542073551,0.041358596,0.154571159,0.016274404
431,43605,39095,24769,0.9905,431279,25007,34,275,860Z200US43605,39,24937,1443,1744,415,10879,884,9086,1199,1309,290,15501,929,0.160308852,0.021795673,0.364358183,0.026268631,0.084446165,0.010948887
432,43605,39173,238,0.0095,132248,25007,31,275,860Z200US43605,39,24937,1443,1744,415,10879,884,9086,1199,1309,290,15501,929,0.160308852,0.021795673,0.364358183,0.026268631,0.084446165,0.010948887
433,43606,39095,25671,1,431279,25671,34,276,860Z200US43606,39,24536,1361,775,194,13127,938,3568,568,6629,553,14926,896,0.059038623,0.008610207,0.145418976,0.013190805,0.444124347,0.015639486
434,43607,39095,20494,1,431279,20494,34,277,860Z200US43607,39,21112,1573,871,297,9634,908,6821,1152,2617,456,12573,909,0.090408968,0.018010524,0.323086396,0.029768526,0.208144436,0.020060128
435,43608,39095,12948,1,431279,12948,34,278,860Z200US43608,39,14378,1229,628,191,5261,581,6529,1192,917,259,8646,656,0.119368941,0.02056352,0.454096536,0.04453288,0.106060606,0.017541002
436,43609,39095,20519,1,431279,20519,34,279,860Z200US43609,39,19889,1432,1010,377,10210,832,5415,877,1487,296,13424,993,0.098922625,0.021905123,0.272261049,0.024010846,0.110771752,0.0124444
437,43610,39095,4159,1,431279,4159,34,280,860Z200US43610,39,3955,452,159,74,2030,336,980,333,513,171,2758,338,0.078325123,0.020711261,0.247787611,0.048201855,0.186004351,0.035051029
438,43611,39095,18505,1,431279,18505,34,281,860Z200US43611,39,19110,1292,374,150,8535,765,3344,807,1956,438,12973,899,0.043819566,0.010413497,0.174986918,0.024643254,0.150774686,0.019516742
439,43612,39095,29718,1,431279,29718,34,282,860Z200US43612,39,28565,1627,1088,362,15216,900,5041,1297,2214,384,18083,976,0.07150368,0.014232099,0.176474707,0.026917112,0.122435437,0.012268102
440,43613,39095,32116,1,431279,32116,34,283,860Z200US43613,39,32231,1826,842,284,16709,1150,4731,1005,4490,501,21391,1031,0.050392004,0.010115024,0.146784152,0.018268581,0.20990136,0.012840955
441,43614,39095,29866,1,431279,29866,34,284,860Z200US43614,39,28885,2115,853,258,14705,971,4614,1391,6669,605,21589,1108,0.05800748,0.010408412,0.159736888,0.028397887,0.308907314,0.014047328
442,43615,39095,39449,1,431279,39449,34,285,860Z200US43615,39,39405,1849,1101,297,20421,1229,5835,973,7421,833,28374,1260,0.053915087,0.008618402,0.148077655,0.014403979,0.261542257,0.016390763
443,43616,39095,20480,1,431279,20480,34,286,860Z200US43616,39,20215,438,478,208,11067,565,1430,405,3409,382,14664,527,0.04319147,0.011346392,0.07073955,0.012143412,0.232474086,0.014999448
444,43617,39095,7659,1,431279,7659,34,287,860Z200US43617,39,8508,1202,403,264,4590,954,356,170,2665,387,5610,601,0.087799564,0.03315785,0.041842971,0.011602855,0.475044563,0.028310476
445,43619,39173,7454,1,132248,7454,31,288,860Z200US43619,39,7316,456,41,43,4173,389,799,394,1700,380,5107,353,0.009825066,0.006239243,0.109212685,0.032475762,0.332876444,0.043015733
446,43620,39095,5019,1,431279,5019,34,289,860Z200US43620,39,5341,796,258,141,2058,349,2107,448,849,232,3582,363,0.125364431,0.039593459,0.394495413,0.036367789,0.237018425,0.036565219
447,43623,39095,20320,1,431279,20320,34,290,860Z200US43623,39,19995,1313,795,300,11175,892,2696,734,4992,653,14919,891,0.07114094,0.015950265,0.134833708,0.021656782,0.334606877,0.023672665
448,43701,39119,55361,1,86410,55361,15,291,860Z200US43701,39,55531,1086,1373,300,26643,883,9423,922,6631,607,38704,826,0.051533236,0.006765782,0.169689003,0.009889554,0.171325961,0.009271101
450,43713,39013,7227,1,66497,7227,43,293,860Z200US43713,39,6544,260,72,63,3128,292,1052,342,758,178,4617,284,0.023017903,0.012173688,0.160757946,0.031531824,0.164175872,0.022618249
451,43716,39111,1475,0.8167,13385,1806,44,294,860Z200US43716,39,1954,435,24,17,754,239,268,161,64,41,1512,315,0.031830239,0.012257112,0.137154555,0.046522089,0.042328042,0.015588126
452,43716,39013,331,0.1833,66497,1806,43,294,860Z200US43716,39,1954,435,24,17,754,239,268,161,64,41,1512,315,0.031830239,0.012257112,0.137154555,0.046522089,0.042328042,0.015588126
454,43718,39013,3049,1,66497,3049,43,296,860Z200US43718,39,2704,450,77,64,1383,244,99,49,347,122,1957,315,0.055676067,0.02749038,0.036612426,0.010374611,0.177312213,0.033692112
455,43719,39013,2319,1,66497,2319,43,297,860Z200US43719,39,2593,190,30,23,1103,148,396,228,386,115,1742,160,0.027198549,0.012480472,0.152718858,0.053017665,0.221584386,0.038176634
456,43720,39115,38,0.0291,13802,1304,45,298,860Z200US43720,39,1164,283,19,20,480,152,169,107,123,78,953,233,0.039583333,0.024155946,0.145189003,0.051596757,0.129066107,0.045908323
457,43720,39119,1266,0.9709,86410,1304,15,298,860Z200US43720,39,1164,283,19,20,480,152,169,107,123,78,953,233,0.039583333,0.024155946,0.145189003,0.051596757,0.129066107,0.045908323
460,43723,39059,4671,1,38438,4671,46,301,860Z200US43723,39,4412,309,168,129,2153,219,738,243,296,99,3139,232,0.078030655,0.036102339,0.167271079,0.032715338,0.094297547,0.01869849
461,43724,39115,34,0.0038,13802,8865,45,302,860Z200US43724,39,9183,527,169,93,2911,382,1169,311,891,225,7192,432,0.058055651,0.018860866,0.127300446,0.020103087,0.123887653,0.018472242
462,43724,39121,8831,0.9962,14115,8865,42,302,860Z200US43724,39,9183,527,169,93,2911,382,1169,311,891,225,7192,432,0.058055651,0.018860866,0.127300446,0.020103087,0.123887653,0.018472242
463,43725,39059,19520,1,38438,19520,46,303,860Z200US43725,39,19662,797,411,187,9052,536,3865,729,2210,306,13386,543,0.045404331,0.012451504,0.196572068,0.022012324,0.165097863,0.013286731
464,43727,39119,1517,1,86410,1517,15,304,860Z200US43727,39,1070,273,0,12,427,154,94,87,126,68,855,212,0,0.017083918,0.087850467,0.04751242,0.147368421,0.042942891
465,43728,39009,17,0.0159,62431,1072,47,305,860Z200US43728,39,1323,268,45,45,495,136,206,106,66,42,883,175,0.090909091,0.053137133,0.155706727,0.044772763,0.074745187,0.02747692
466,43728,39115,1055,0.9841,13802,1072,45,305,860Z200US43728,39,1323,268,45,45,495,136,206,106,66,42,883,175,0.090909091,0.053137133,0.155706727,0.044772763,0.074745187,0.02747692
467,43730,39127,2277,1,35408,2277,17,306,860Z200US43730,39,2856,576,67,53,1436,407,304,126,131,63,2072,419,0.046657382,0.020946939,0.106442577,0.023430034,0.063223938,0.016770059
468,43731,39115,735,0.1413,13802,5200,45,307,860Z200US43731,39,4959,529,74,57,2236,286,963,241,371,157,3349,385,0.033094812,0.015281479,0.194192377,0.02672482,0.110779337,0.02742658
469,43731,39127,4465,0.8587,35408,5200,17,307,860Z200US43731,39,4959,529,74,57,2236,286,963,241,371,157,3349,385,0.033094812,0.015281479,0.194192377,0.02672482,0.110779337,0.02742658
470,43732,39059,1231,0.747,38438,1648,46,308,860Z200US43732,39,1701,448,24,18,649,188,177,111,141,69,1090,250,0.036979969,0.015551825,0.104056437,0.036001148,0.129357798,0.033993537
471,43732,39121,343,0.2081,14115,1648,42,308,860Z200US43732,39,1701,448,24,18,649,188,177,111,141,69,1090,250,0.036979969,0.015551825,0.104056437,0.036001148,0.129357798,0.033993537
472,43732,39119,74,0.0449,86410,1648,15,308,860Z200US43732,39,1701,448,24,18,649,188,177,111,141,69,1090,250,0.036979969,0.015551825,0.104056437,0.036001148,0.129357798,0.033993537
474,43734,39119,1212,1,86410,1212,15,310,860Z200US43734,39,1911,486,35,41,960,233,128,86,516,288,1384,488,0.036458333,0.025399145,0.066980638,0.025321665,0.37283237,0.098059922
478,43739,39089,800,0.3361,178519,2380,1,314,860Z200US43739,39,2650,672,23,29,1433,396,51,53,353,199,1640,399,0.016050244,0.012003182,0.019245283,0.011790532,0.215243902,0.066540835
479,43739,39127,1580,0.6639,35408,2380,17,314,860Z200US43739,39,2650,672,23,29,1433,396,51,53,353,199,1640,399,0.016050244,0.012003182,0.019245283,0.011790532,0.215243902,0.066540835
482,43746,39119,1163,0.9223,86410,1261,15,316,860Z200US43746,39,762,329,0,12,297,166,126,147,91,95,632,244,0,0.024561727,0.165354331,0.108946268,0.143987342,0.084899408
483,43746,39089,98,0.0777,178519,1261,1,316,860Z200US43746,39,762,329,0,12,297,166,126,147,91,95,632,244,0,0.024561727,0.165354331,0.108946268,0.143987342,0.084899408
484,43747,39013,403,0.3279,66497,1229,43,317,860Z200US43747,39,1492,386,62,50,539,171,96,94,154,84,887,208,0.115027829,0.051844826,0.064343164,0.036938456,0.17361894,0.051977455
485,43747,39111,826,0.6721,13385,1229,44,317,860Z200US43747,39,1492,386,62,50,539,171,96,94,154,84,887,208,0.115027829,0.051844826,0.064343164,0.036938456,0.17361894,0.051977455
486,43748,39127,2711,1,35408,2711,17,318,860Z200US43748,39,3023,347,41,40,1309,269,552,201,213,96,1875,259,0.03132162,0.018159325,0.182600066,0.038358752,0.1136,0.02962678
487,43749,39031,187,0.081,36612,2308,6,319,860Z200US43749,39,2153,488,65,60,985,270,194,122,201,121,1659,351,0.065989848,0.035359265,0.090106828,0.032131613,0.121157324,0.041509136
488,43749,39157,42,0.0182,93263,2308,48,319,860Z200US43749,39,2153,488,65,60,985,270,194,122,201,121,1659,351,0.065989848,0.035359265,0.090106828,0.032131613,0.121157324,0.041509136
489,43749,39059,2079,0.9008,38438,2308,46,319,860Z200US43749,39,2153,488,65,60,985,270,194,122,201,121,1659,351,0.065989848,0.035359265,0.090106828,0.032131613,0.121157324,0.041509136
491,43754,39111,1318,1,13385,1318,44,321,860Z200US43754,39,1634,417,27,43,760,203,152,131,92,51,983,202,0.035526316,0.033907304,0.093023256,0.046550715,0.093591048,0.029292198
492,43755,39059,1732,1,38438,1732,46,322,860Z200US43755,39,1417,370,37,43,539,159,150,101,140,62,1097,260,0.06864564,0.04690856,0.105857445,0.039938964,0.127620784,0.029022842
493,43756,39119,61,0.0124,86410,4909,15,323,860Z200US43756,39,5369,633,85,60,2351,333,711,254,654,199,4028,453,0.036154828,0.015198775,0.132426895,0.027147741,0.162363456,0.027906313
494,43756,39115,4848,0.9876,13802,4909,45,323,860Z200US43756,39,5369,633,85,60,2351,333,711,254,654,199,4028,453,0.036154828,0.015198775,0.132426895,0.027147741,0.162363456,0.027906313
495,43758,39115,3000,1,13802,3000,45,324,860Z200US43758,39,2901,421,50,40,1300,224,549,197,213,71,1995,301,0.038461538,0.018265687,0.189245088,0.037754577,0.106766917,0.019291551
496,43759,39013,235,1,66497,235,43,325,860Z200US43759,39,269,132,30,45,137,92,24,31,31,33,177,83,0.218978102,0.178548265,0.089219331,0.064803411,0.175141243,0.101748928
497,43760,39089,117,0.06,178519,1949,1,326,860Z200US43760,39,1194,400,32,37,597,207,14,20,89,73,872,284,0.05360134,0.035941788,0.011725293,0.00989868,0.10206422,0.046707072
498,43760,39127,1220,0.626,35408,1949,17,326,860Z200US43760,39,1194,400,32,37,597,207,14,20,89,73,872,284,0.05360134,0.035941788,0.011725293,0.00989868,0.10206422,0.046707072
499,43760,39119,612,0.314,86410,1949,15,326,860Z200US43760,39,1194,400,32,37,597,207,14,20,89,73,872,284,0.05360134,0.035941788,0.011725293,0.00989868,0.10206422,0.046707072
501,43762,39059,962,0.1799,38438,5346,46,328,860Z200US43762,39,5208,573,64,42,2760,370,461,150,1223,252,2966,385,0.023188406,0.009055622,0.088517665,0.016477398,0.412339852,0.04011203
502,43762,39119,4384,0.8201,86410,5346,15,328,860Z200US43762,39,5208,573,64,42,2760,370,461,150,1223,252,2966,385,0.023188406,0.009055622,0.088517665,0.016477398,0.412339852,0.04011203
503,43764,39127,8177,1,35408,8177,17,329,860Z200US43764,39,8149,354,158,98,3348,416,1682,586,645,188,5446,379,0.047192354,0.017433346,0.206405694,0.043373536,0.118435549,0.02037833
504,43766,39073,177,0.1186,28050,1492,20,330,860Z200US43766,39,1146,276,21,17,526,179,249,94,70,43,811,207,0.039923954,0.01782675,0.217277487,0.038397729,0.086313194,0.029317519
505,43766,39127,1315,0.8814,35408,1492,17,330,860Z200US43766,39,1146,276,21,17,526,179,249,94,70,43,811,207,0.039923954,0.01782675,0.217277487,0.038397729,0.086313194,0.029317519
506,43767,39119,1425,1,86410,1425,15,331,860Z200US43767,39,1195,303,42,46,715,192,68,52,229,84,824,176,0.058741259,0.037916091,0.056903766,0.024956224,0.277912621,0.050380846
507,43768,39059,223,1,38438,223,46,332,860Z200US43768,39,469,252,13,16,237,115,236,267,32,38,296,134,0.054852321,0.037715734,0.503198294,0.304556002,0.108108108,0.072148101
508,43771,39119,1796,1,86410,1796,15,333,860Z200US43771,39,2274,569,13,24,1044,301,370,211,58,34,1586,416,0.012452107,0.013803307,0.162708883,0.050686375,0.036569987,0.011654636
509,43772,39059,1124,0.6207,38438,1811,46,334,860Z200US43772,39,1748,396,39,28,820,210,191,106,206,98,1221,227,0.047560976,0.019392137,0.109267735,0.033652438,0.168714169,0.044911481
510,43772,39121,687,0.3793,14115,1811,42,334,860Z200US43772,39,1748,396,39,28,820,210,191,106,206,98,1221,227,0.047560976,0.019392137,0.109267735,0.033652438,0.168714169,0.044911481
511,43773,39111,87,0.0294,13385,2964,44,335,860Z200US43773,39,2772,644,3,5,996,222,639,396,233,88,1794,435,0.003012048,0.003024307,0.230519481,0.080509877,0.129877369,0.022862246
512,43773,39121,1014,0.3421,14115,2964,42,335,860Z200US43773,39,2772,644,3,5,996,222,639,396,233,88,1794,435,0.003012048,0.003024307,0.230519481,0.080509877,0.129877369,0.022862246
513,43773,39059,1863,0.6285,38438,2964,46,335,860Z200US43773,39,2772,644,3,5,996,222,639,396,233,88,1794,435,0.003012048,0.003024307,0.230519481,0.080509877,0.129877369,0.022862246
514,43777,39119,2670,0.5845,86410,4568,15,336,860Z200US43777,39,4917,722,189,142,2129,374,785,245,324,129,3508,479,0.088774072,0.039422013,0.159650193,0.026728273,0.092360319,0.020998743
515,43777,39127,1898,0.4155,35408,4568,17,336,860Z200US43777,39,4917,722,189,142,2129,374,785,245,324,129,3508,479,0.088774072,0.039422013,0.159650193,0.026728273,0.092360319,0.020998743
516,43778,39059,1367,0.9573,38438,1428,46,337,860Z200US43778,39,1511,481,11,15,569,162,28,45,82,53,1033,317,0.019332162,0.015672369,0.018530774,0.01774562,0.079380445,0.027450015
517,43778,39121,61,0.0427,14115,1428,42,337,860Z200US43778,39,1511,481,11,15,569,162,28,45,82,53,1033,317,0.019332162,0.015672369,0.018530774,0.01774562,0.079380445,0.027450015
518,43779,39121,888,1,14115,888,42,338,860Z200US43779,39,531,192,3,5,224,116,54,54,42,34,401,164,0.013392857,0.012897625,0.101694915,0.057637855,0.104738155,0.044481391
519,43780,39059,1848,0.8268,38438,2235,46,339,860Z200US43780,39,2165,337,15,16,840,177,223,127,369,120,1676,262,0.017857143,0.011350921,0.103002309,0.034302057,0.220167064,0.038166694
520,43780,39121,387,0.1732,14115,2235,42,339,860Z200US43780,39,2165,337,15,16,840,177,223,127,369,120,1676,262,0.017857143,0.011350921,0.103002309,0.034302057,0.220167064,0.038166694
521,43782,39127,727,1,35408,727,17,340,860Z200US43782,39,458,146,30,22,196,75,134,93,48,42,331,108,0.153061224,0.058208231,0.292576419,0.109647473,0.145015106,0.07157214
522,43783,39127,4743,1,35408,4743,17,341,860Z200US43783,39,4992,468,89,56,2137,310,637,362,562,162,3343,324,0.041647169,0.015500931,0.127604167,0.043478703,0.168112474,0.027743611
524,43787,39115,2466,0.876,13802,2815,45,343,860Z200US43787,39,3024,548,62,42,1223,289,520,253,123,85,1931,325,0.050695012,0.01956513,0.171957672,0.047200117,0.063697566,0.025953297
525,43787,39167,349,0.124,59771,2815,49,343,860Z200US43787,39,3024,548,62,42,1223,289,520,253,123,85,1931,325,0.050695012,0.01956513,0.171957672,0.047200117,0.063697566,0.025953297
526,43788,39111,150,0.1838,13385,816,44,344,860Z200US43788,39,624,170,13,23,158,70,83,54,77,66,528,162,0.082278481,0.085672736,0.133012821,0.047772613,0.145833333,0.070952812
527,43788,39121,666,0.8162,14115,816,42,344,860Z200US43788,39,624,170,13,23,158,70,83,54,77,66,528,162,0.082278481,0.085672736,0.133012821,0.047772613,0.145833333,0.070952812
529,43793,39111,4829,1,13385,4829,44,346,860Z200US43793,39,4647,318,185,81,1949,277,826,190,311,87,3420,255,0.094920472,0.023896234,0.177749085,0.023729712,0.090935673,0.014904776
530,43802,39119,1334,1,86410,1334,15,347,860Z200US43802,39,1240,401,0,12,494,195,132,165,66,51,704,228,0,0.014766868,0.106451613,0.078136384,0.09375,0.039983877
531,43804,39031,504,0.1246,36612,4045,6,348,860Z200US43804,39,3688,578,13,13,1709,328,241,190,109,54,2123,329,0.007606788,0.004538221,0.065347072,0.030693137,0.05134244,0.01468647
532,43804,39075,2284,0.5646,44223,4045,7,348,860Z200US43804,39,3688,578,13,13,1709,328,241,190,109,54,2123,329,0.007606788,0.004538221,0.065347072,0.030693137,0.05134244,0.01468647
533,43804,39157,1257,0.3108,93263,4045,48,348,860Z200US43804,39,3688,578,13,13,1709,328,241,190,109,54,2123,329,0.007606788,0.004538221,0.065347072,0.030693137,0.05134244,0.01468647
535,43811,39031,763,1,36612,763,6,350,860Z200US43811,39,584,164,18,24,262,89,35,17,41,42,486,131,0.06870229,0.053848196,0.059931507,0.014438382,0.08436214,0.050683505
536,43812,39031,18666,0.9998,36612,18669,6,351,860Z200US43812,39,18834,742,745,278,8313,507,4280,766,2390,303,13163,502,0.08961867,0.020055873,0.227248593,0.024117629,0.181569551,0.013345204
537,43812,39119,3,2.00E-04,86410,18669,15,351,860Z200US43812,39,18834,742,745,278,8313,507,4280,766,2390,303,13163,502,0.08961867,0.020055873,0.227248593,0.024117629,0.181569551,0.013345204
538,43821,39031,698,0.1532,36612,4557,6,352,860Z200US43821,39,4350,569,63,48,2164,357,340,115,504,194,2914,367,0.029112754,0.013164097,0.07816092,0.014820579,0.172958133,0.038243569
539,43821,39119,3859,0.8468,86410,4557,15,352,860Z200US43821,39,4350,569,63,48,2164,357,340,115,504,194,2914,367,0.029112754,0.013164097,0.07816092,0.014820579,0.172958133,0.038243569
540,43822,39083,343,0.0735,62721,4668,5,353,860Z200US43822,39,5052,893,204,86,2061,384,911,502,516,214,3462,583,0.098981077,0.022754293,0.180324624,0.057213098,0.149046794,0.034339704
541,43822,39089,1066,0.2284,178519,4668,1,353,860Z200US43822,39,5052,893,204,86,2061,384,911,502,516,214,3462,583,0.098981077,0.022754293,0.180324624,0.057213098,0.149046794,0.034339704
542,43822,39031,510,0.1093,36612,4668,6,353,860Z200US43822,39,5052,893,204,86,2061,384,911,502,516,214,3462,583,0.098981077,0.022754293,0.180324624,0.057213098,0.149046794,0.034339704
543,43822,39119,2749,0.5889,86410,4668,15,353,860Z200US43822,39,5052,893,204,86,2061,384,911,502,516,214,3462,583,0.098981077,0.022754293,0.180324624,0.057213098,0.149046794,0.034339704
544,43824,39031,3719,0.9318,36612,3991,6,354,860Z200US43824,39,3922,562,5,9,1629,321,407,314,297,118,2483,439,0.003069368,0.003338392,0.103773585,0.047822565,0.119613371,0.025871359
545,43824,39157,272,0.0682,93263,3991,48,354,860Z200US43824,39,3922,562,5,9,1629,321,407,314,297,118,2483,439,0.003069368,0.003338392,0.103773585,0.047822565,0.119613371,0.025871359
546,43830,39119,5789,0.8781,86410,6593,15,355,860Z200US43830,39,6676,852,112,101,3406,535,961,454,1522,354,4133,584,0.032883147,0.01775091,0.143948472,0.039803297,0.368255504,0.041358039
547,43830,39089,804,0.1219,178519,6593,1,355,860Z200US43830,39,6676,852,112,101,3406,535,961,454,1522,354,4133,584,0.032883147,0.01775091,0.143948472,0.039803297,0.368255504,0.041358039
548,43832,39031,1112,0.1515,36612,7341,6,356,860Z200US43832,39,7124,603,505,267,3466,430,1454,388,561,182,5050,391,0.145701096,0.045521735,0.204098821,0.031398964,0.111089109,0.021275494
549,43832,39157,6012,0.819,93263,7341,48,356,860Z200US43832,39,7124,603,505,267,3466,430,1454,388,561,182,5050,391,0.145701096,0.045521735,0.204098821,0.031398964,0.111089109,0.021275494
550,43832,39059,217,0.0296,38438,7341,46,356,860Z200US43832,39,7124,603,505,267,3466,430,1454,388,561,182,5050,391,0.145701096,0.045521735,0.204098821,0.031398964,0.111089109,0.021275494
552,43837,39157,1665,0.9333,93263,1784,48,358,860Z200US43837,39,1749,416,63,48,766,188,428,354,116,69,1249,244,0.082245431,0.036062612,0.244711264,0.117843066,0.092874299,0.031720244
553,43837,39059,119,0.0667,38438,1784,46,358,860Z200US43837,39,1749,416,63,48,766,188,428,354,116,69,1249,244,0.082245431,0.036062612,0.244711264,0.117843066,0.092874299,0.031720244
554,43840,39031,16,0.0125,36612,1279,6,359,860Z200US43840,39,1259,395,47,48,527,164,27,30,53,30,701,123,0.089184061,0.05273566,0.021445592,0.01389591,0.075606277,0.024734302
555,43840,39157,1263,0.9875,93263,1279,48,359,860Z200US43840,39,1259,395,47,48,527,164,27,30,53,30,701,123,0.089184061,0.05273566,0.021445592,0.01389591,0.075606277,0.024734302
557,43843,39031,730,0.5038,36612,1449,6,361,860Z200US43843,39,877,319,0,12,387,177,0,12,52,52,672,216,0,0.018849697,0,0.008317939,0.077380952,0.044543855
558,43843,39083,719,0.4962,62721,1449,5,361,860Z200US43843,39,877,319,0,12,387,177,0,12,52,52,672,216,0,0.018849697,0,0.008317939,0.077380952,0.044543855
559,43844,39031,3778,1,36612,3778,6,362,860Z200US43844,39,3842,557,32,25,1795,378,417,146,605,190,2925,396,0.017827298,0.008153235,0.10853722,0.02102744,0.206837607,0.035630045
560,43845,39031,4803,1,36612,4803,6,363,860Z200US43845,39,4870,344,88,79,2263,244,1265,522,468,161,3282,239,0.038886434,0.021067909,0.259753593,0.064197436,0.142595978,0.029145175
561,43901,39067,327,0.1571,14483,2082,50,364,860Z200US43901,39,1907,260,70,43,872,164,201,79,179,60,1465,192,0.080275229,0.028537311,0.105401154,0.023619448,0.1221843,0.022915112
562,43901,39081,1486,0.7137,65249,2082,51,364,860Z200US43901,39,1907,260,70,43,872,164,201,79,179,60,1465,192,0.080275229,0.028537311,0.105401154,0.023619448,0.1221843,0.022915112
563,43901,39013,269,0.1292,66497,2082,43,364,860Z200US43901,39,1907,260,70,43,872,164,201,79,179,60,1465,192,0.080275229,0.028537311,0.105401154,0.023619448,0.1221843,0.022915112
565,43903,39081,994,0.5132,65249,1937,51,366,860Z200US43903,39,2127,369,64,48,973,219,166,88,224,116,1563,268,0.065775951,0.028606747,0.078044194,0.023765773,0.143314139,0.042571429
566,43903,39019,943,0.4868,26721,1937,52,366,860Z200US43903,39,2127,369,64,48,973,219,166,88,224,116,1563,268,0.065775951,0.028606747,0.078044194,0.023765773,0.143314139,0.042571429
568,43906,39013,7952,1,66497,7952,43,368,860Z200US43906,39,7987,332,262,108,3571,305,1371,375,592,145,5763,328,0.073368804,0.017986205,0.171653938,0.028210307,0.102724276,0.014876476
569,43907,39081,159,0.0296,65249,5369,51,369,860Z200US43907,39,4978,340,36,34,1938,293,687,224,407,117,3700,328,0.018575851,0.010527425,0.138007232,0.026747516,0.11,0.018286035
570,43907,39067,5210,0.9704,14483,5369,50,369,860Z200US43907,39,4978,340,36,34,1938,293,687,224,407,117,3700,328,0.018575851,0.010527425,0.138007232,0.026747516,0.11,0.018286035
571,43908,39019,30,0.0227,26721,1321,52,370,860Z200US43908,39,1038,289,19,20,449,173,214,123,80,62,784,234,0.042316258,0.025198877,0.206165703,0.063019107,0.102040816,0.044365794
572,43908,39081,1291,0.9773,65249,1321,51,370,860Z200US43908,39,1038,289,19,20,449,173,214,123,80,62,784,234,0.042316258,0.025198877,0.206165703,0.063019107,0.102040816,0.044365794
574,43910,39081,3249,0.9615,65249,3379,51,372,860Z200US43910,39,3283,442,110,107,1506,323,439,289,387,168,2604,349,0.073041169,0.042128014,0.133719159,0.052382168,0.148617512,0.03730358
575,43910,39067,130,0.0385,14483,3379,50,372,860Z200US43910,39,3283,442,110,107,1506,323,439,289,387,168,2604,349,0.073041169,0.042128014,0.133719159,0.052382168,0.148617512,0.03730358
576,43912,39013,6060,1,66497,6060,43,373,860Z200US43912,39,6011,417,218,115,2951,317,848,235,765,168,4635,358,0.073873263,0.023193505,0.141074696,0.023009243,0.165048544,0.020626235
577,43913,39081,1322,1,65249,1322,51,374,860Z200US43913,39,1068,269,21,23,531,199,170,91,62,59,778,207,0.039548023,0.024741552,0.15917603,0.045704768,0.079691517,0.044262002
579,43915,39111,1383,1,13385,1383,44,376,860Z200US43915,39,1180,229,27,36,554,180,72,42,100,47,954,145,0.048736462,0.0383119,0.061016949,0.020404697,0.104821803,0.028339832
580,43917,39013,384,0.1451,66497,2647,43,377,860Z200US43917,39,2850,461,44,27,1118,222,366,134,355,126,2208,368,0.039355993,0.013891119,0.128421053,0.025641289,0.160778986,0.030627602
581,43917,39081,2263,0.8549,65249,2647,51,377,860Z200US43917,39,2850,461,44,27,1118,222,366,134,355,126,2208,368,0.039355993,0.013891119,0.128421053,0.025641289,0.160778986,0.030627602
582,43920,39029,21662,1,101877,21662,53,378,860Z200US43920,39,21462,428,539,159,9919,553,4077,685,1973,333,15251,534,0.054340155,0.009568969,0.189963657,0.019265202,0.129368566,0.012984564
584,43926,39081,247,1,65249,247,51,380,860Z200US43926,39,237,94,5,7,114,57,59,46,4,22,157,60,0.043859649,0.034865613,0.248945148,0.10158141,0.025477707,0.084977935
586,43930,39029,171,0.2511,101877,681,53,382,860Z200US43930,39,1250,407,0,12,573,259,177,118,92,66,786,229,0,0.012730947,0.1416,0.05007618,0.117048346,0.046646122
587,43930,39081,510,0.7489,65249,681,51,382,860Z200US43930,39,1250,407,0,12,573,259,177,118,92,66,786,229,0,0.012730947,0.1416,0.05007618,0.117048346,0.046646122
589,43932,39029,69,0.0711,101877,970,53,384,860Z200US43932,39,920,208,31,21,436,119,189,103,63,40,557,117,0.071100917,0.02679802,0.205434783,0.061925629,0.113105925,0.041197194
590,43932,39081,901,0.9289,65249,970,51,384,860Z200US43932,39,920,208,31,21,436,119,189,103,63,40,557,117,0.071100917,0.02679802,0.205434783,0.061925629,0.113105925,0.041197194
591,43933,39013,1969,1,66497,1969,43,385,860Z200US43933,39,2052,544,46,72,686,239,136,91,198,111,1641,341,0.067055394,0.062202566,0.066276803,0.024752419,0.120658135,0.038190388
593,43935,39013,7968,1,66497,7968,43,387,860Z200US43935,39,7998,355,666,339,4083,421,2040,350,598,159,5568,421,0.163115356,0.049426037,0.255063766,0.025696735,0.107399425,0.016642596
594,43938,39081,5196,1,65249,5196,51,388,860Z200US43938,39,5868,427,139,90,2721,370,1546,459,533,195,4069,394,0.05108416,0.019658623,0.263462849,0.046100333,0.130990415,0.028093836
595,43939,39081,436,1,65249,436,51,389,860Z200US43939,39,291,80,15,14,145,52,49,43,32,15,238,67,0.103448276,0.054188391,0.16838488,0.085305877,0.134453782,0.030634448
596,43940,39013,321,1,66497,321,43,390,860Z200US43940,39,388,224,21,25,176,97,23,33,6,23,223,112,0.119318182,0.076538928,0.059278351,0.047332879,0.02690583,0.062158013
597,43942,39013,2164,0.9529,66497,2271,43,391,860Z200US43942,39,2281,418,35,27,1133,281,431,193,168,56,1562,260,0.030891439,0.013717548,0.188952214,0.046931623,0.107554417,0.018882387
598,43942,39111,107,0.0471,13385,2271,44,391,860Z200US43942,39,2281,418,35,27,1133,281,431,193,168,56,1562,260,0.030891439,0.013717548,0.188952214,0.046931623,0.107554417,0.018882387
599,43943,39081,3295,0.9545,65249,3452,51,392,860Z200US43943,39,3180,334,66,38,1198,194,517,168,318,87,2358,231,0.05509182,0.018504001,0.162578616,0.030391754,0.134860051,0.020941764
600,43943,39013,157,0.0455,66497,3452,43,392,860Z200US43943,39,3180,334,66,38,1198,194,517,168,318,87,2358,231,0.05509182,0.018504001,0.162578616,0.030391754,0.134860051,0.020941764
601,43944,39081,2328,1,65249,2328,51,393,860Z200US43944,39,2538,352,6,7,1003,235,160,107,201,67,1934,301,0.005982054,0.004156157,0.063041765,0.025071473,0.103929679,0.018623228
602,43945,39029,2335,0.7857,101877,2972,53,394,860Z200US43945,39,3095,585,42,27,1351,307,495,198,295,103,2201,405,0.031088083,0.011364724,0.15993538,0.034274246,0.134029986,0.024176746
603,43945,39019,505,0.1699,26721,2972,52,394,860Z200US43945,39,3095,585,42,27,1351,307,495,198,295,103,2201,405,0.031088083,0.011364724,0.15993538,0.034274246,0.134029986,0.024176746
604,43945,39081,132,0.0444,65249,2972,51,394,860Z200US43945,39,3095,585,42,27,1351,307,495,198,295,103,2201,405,0.031088083,0.011364724,0.15993538,0.034274246,0.134029986,0.024176746
605,43946,39111,1836,1,13385,1836,44,395,860Z200US43946,39,1788,309,28,26,681,176,330,190,173,75,1275,211,0.041116006,0.022292151,0.184563758,0.061619492,0.135686275,0.033051085
606,43947,39013,5002,1,66497,5002,43,396,860Z200US43947,39,4869,263,49,38,2448,258,471,248,963,226,3679,263,0.02001634,0.009348853,0.096734442,0.030799856,0.261755912,0.035568648
607,43948,39081,514,1,65249,514,51,397,860Z200US43948,39,682,211,71,69,424,186,83,72,34,29,517,195,0.16745283,0.088275488,0.12170088,0.059956955,0.065764023,0.030583841
608,43950,39067,39,0.0024,14483,16212,50,398,860Z200US43950,39,16472,600,207,104,6570,476,1006,346,3134,405,12869,522,0.031506849,0.009522235,0.061073337,0.012697391,0.243530966,0.018164421
609,43950,39013,16173,0.9976,66497,16212,43,398,860Z200US43950,39,16472,600,207,104,6570,476,1006,346,3134,405,12869,522,0.031506849,0.009522235,0.061073337,0.012697391,0.243530966,0.018164421
611,43952,39081,17977,1,65249,17977,51,400,860Z200US43952,39,17412,593,721,195,8304,506,4164,456,2731,321,11400,522,0.086825626,0.013908145,0.239145417,0.015130809,0.239561404,0.015764965
612,43953,39081,11637,1,65249,11637,51,401,860Z200US43953,39,12047,691,162,89,5294,461,1442,537,2541,388,8591,553,0.03060068,0.010090552,0.11969785,0.026774161,0.295774648,0.024896308
613,43961,39081,234,1,65249,234,51,402,860Z200US43961,39,239,86,13,18,146,63,63,53,19,30,179,63,0.089041096,0.071214481,0.263598326,0.121853106,0.106145251,0.099319777
615,43963,39081,1249,1,65249,1249,51,404,860Z200US43963,39,1309,160,38,21,683,107,188,96,222,57,1014,126,0.055636896,0.017924249,0.143621085,0.043286559,0.218934911,0.029903595
616,43964,39081,9098,1,65249,9098,51,405,860Z200US43964,39,9199,423,134,74,4123,329,1230,305,1212,214,6754,323,0.032500606,0.010796193,0.133710186,0.0198059,0.179449215,0.01854139
618,43968,39029,6546,1,101877,6546,53,407,860Z200US43968,39,5903,616,210,119,2898,432,803,270,600,263,4328,419,0.072463768,0.024082996,0.136032526,0.026432136,0.138632163,0.036028237
619,43971,39013,421,0.4076,66497,1033,43,408,860Z200US43971,39,970,226,31,24,435,122,164,98,41,27,715,184,0.071264368,0.031261356,0.169072165,0.056556237,0.057342657,0.021130423
620,43971,39081,612,0.5924,65249,1033,51,408,860Z200US43971,39,970,226,31,24,435,122,164,98,41,27,715,184,0.071264368,0.031261356,0.169072165,0.056556237,0.057342657,0.021130423
622,43973,39157,9,0.0046,93263,1947,48,410,860Z200US43973,39,2415,456,36,35,1020,192,425,231,202,94,1586,258,0.035294118,0.020464704,0.175983437,0.054525726,0.127364439,0.033756386
623,43973,39059,837,0.4299,38438,1947,46,410,860Z200US43973,39,2415,456,36,35,1020,192,425,231,202,94,1586,258,0.035294118,0.020464704,0.175983437,0.054525726,0.127364439,0.033756386
624,43973,39067,1101,0.5655,14483,1947,50,410,860Z200US43973,39,2415,456,36,35,1020,192,425,231,202,94,1586,258,0.035294118,0.020464704,0.175983437,0.054525726,0.127364439,0.033756386
626,43976,39067,1543,1,14483,1543,50,412,860Z200US43976,39,1669,276,29,21,724,146,266,156,79,32,1282,207,0.040055249,0.016935034,0.159376872,0.054514495,0.061622465,0.01391619
627,43977,39067,126,0.0579,14483,2178,50,413,860Z200US43977,39,2155,362,54,37,1171,232,235,124,179,76,1518,241,0.046114432,0.018387371,0.109048724,0.033159219,0.117918314,0.028227381
628,43977,39013,2052,0.9421,66497,2178,43,413,860Z200US43977,39,2155,362,54,37,1171,232,235,124,179,76,1518,241,0.046114432,0.018387371,0.109048724,0.033159219,0.117918314,0.028227381
630,43983,39013,258,0.5917,66497,436,43,415,860Z200US43983,39,534,478,0,12,120,89,374,492,46,41,250,112,0,0.060790274,0.700374532,0.410433506,0.184,0.086187157
631,43983,39067,78,0.1789,14483,436,50,415,860Z200US43983,39,534,478,0,12,120,89,374,492,46,41,250,112,0,0.060790274,0.700374532,0.410433506,0.184,0.086187157
632,43983,39059,100,0.2294,38438,436,46,415,860Z200US43983,39,534,478,0,12,120,89,374,492,46,41,250,112,0,0.060790274,0.700374532,0.410433506,0.184,0.086187157
634,43986,39067,1698,0.9826,14483,1728,50,417,860Z200US43986,39,1783,326,23,17,835,186,360,190,194,105,1349,263,0.02754491,0.011801033,0.201906898,0.060767916,0.14381023,0.044140077
635,43986,39019,30,0.0174,26721,1728,52,417,860Z200US43986,39,1783,326,23,17,835,186,360,190,194,105,1349,263,0.02754491,0.011801033,0.201906898,0.060767916,0.14381023,0.044140077
636,43988,39019,492,0.2093,26721,2351,52,418,860Z200US43988,39,2326,380,56,50,1034,251,301,179,251,112,1636,261,0.054158607,0.028288414,0.129406707,0.044981912,0.153422983,0.038866005
637,43988,39067,1859,0.7907,14483,2351,50,418,860Z200US43988,39,2326,380,56,50,1034,251,301,179,251,112,1636,261,0.054158607,0.028288414,0.129406707,0.044981912,0.153422983,0.038866005
638,44001,39093,20837,1,312964,20837,54,419,860Z200US44001,39,20982,439,655,195,11159,604,1200,329,4320,638,15360,559,0.058697016,0.010445863,0.057191879,0.009504183,0.28125,0.024471464
639,44003,39007,4275,1,97574,4275,55,420,860Z200US44003,39,4888,812,81,51,1649,309,839,450,263,102,2881,435,0.049120679,0.01794917,0.171644845,0.053212879,0.091287747,0.019824394
640,44004,39007,31661,1,97574,31661,55,421,860Z200US44004,39,31348,534,1550,314,14414,662,7475,815,3382,432,22277,641,0.107534342,0.012897963,0.238452214,0.015610453,0.151815774,0.011485579
641,44010,39007,1666,1,97574,1666,55,422,860Z200US44010,39,1588,351,54,81,626,210,197,168,320,146,1213,299,0.086261981,0.076666029,0.124055416,0.062114396,0.263808739,0.061571166
642,44011,39093,24847,1,312964,24847,54,423,860Z200US44011,39,24822,52,435,225,13027,535,1131,410,10074,879,16370,613,0.033392185,0.010466438,0.045564419,0.01004093,0.615394013,0.02948293
643,44012,39093,25206,1,312964,25206,54,424,860Z200US44012,39,25220,48,251,131,12942,556,1171,322,9818,753,17951,459,0.01939422,0.00613236,0.046431404,0.0077613,0.546933318,0.024041137
644,44017,39035,18611,1,1264817,18611,56,425,860Z200US44017,39,18582,55,461,139,9595,421,1617,411,4456,409,11800,411,0.048045857,0.008712769,0.087019696,0.01344479,0.377627119,0.019494505
645,44021,39055,6347,1,95397,6347,57,426,860Z200US44021,39,5850,544,52,50,3176,409,337,123,940,148,3918,399,0.016372796,0.009484037,0.057606838,0.012359737,0.239918326,0.017512932
646,44022,39035,11558,0.6739,1264817,17150,56,427,860Z200US44022,39,16609,490,341,129,8229,420,892,414,8732,512,12173,374,0.041438814,0.009442515,0.053705822,0.015122089,0.717325228,0.021777475
647,44022,39055,5592,0.3261,95397,17150,57,427,860Z200US44022,39,16609,490,341,129,8229,420,892,414,8732,512,12173,374,0.041438814,0.009442515,0.053705822,0.015122089,0.717325228,0.021777475
648,44023,39055,19075,1,95397,19075,57,428,860Z200US44023,39,18735,268,224,100,9992,622,591,301,7845,639,13372,448,0.022417934,0.006024458,0.031545236,0.009762826,0.586673646,0.026478429
649,44024,39055,23583,0.9911,95397,23795,57,429,860Z200US44024,39,24558,484,419,159,12806,556,1681,599,6109,560,17315,583,0.032719038,0.007498189,0.0684502,0.014804803,0.352815478,0.018286447
650,44024,39085,212,0.0089,232603,23795,58,429,860Z200US44024,39,24558,484,419,159,12806,556,1681,599,6109,560,17315,583,0.032719038,0.007498189,0.0684502,0.014804803,0.352815478,0.018286447
651,44026,39055,10877,1,95397,10877,57,430,860Z200US44026,39,10489,203,224,120,5415,441,727,289,3283,485,7934,315,0.041366574,0.01331495,0.069310706,0.016729484,0.413788757,0.035793543
652,44028,39093,8931,1,312964,8931,54,431,860Z200US44028,39,9249,438,144,62,4736,400,789,269,2084,312,6874,385,0.030405405,0.007803568,0.08530652,0.017508992,0.30317137,0.0255882
653,44030,39007,15868,1,97574,15868,55,432,860Z200US44030,39,16387,631,772,215,7427,507,2617,578,2079,320,12159,533,0.103945065,0.017060983,0.159699762,0.021113477,0.170984456,0.015336218
654,44032,39007,1505,1,97574,1505,55,433,860Z200US44032,39,1546,611,15,23,732,437,33,30,10,27,927,314,0.020491803,0.017593571,0.021345408,0.01062326,0.010787487,0.017566017
655,44035,39093,61921,1,312964,61921,54,434,860Z200US44035,39,62050,525,1500,300,30888,1013,11060,1142,6856,614,43592,806,0.048562549,0.00582434,0.178243352,0.011150529,0.157276565,0.008377931
656,44039,39093,35630,1,312964,35630,54,435,860Z200US44039,39,35625,99,579,179,17902,612,2039,604,8029,684,24949,588,0.032342755,0.006041071,0.057235088,0.010306164,0.321816506,0.016015751
657,44040,39035,3032,1,1264817,3032,56,436,860Z200US44040,39,3031,569,154,159,1671,529,161,70,1414,193,2217,366,0.092160383,0.055057291,0.053117783,0.012663231,0.637798827,NA
658,44041,39085,158,0.0114,232603,13910,58,437,860Z200US44041,39,14073,423,457,175,7161,492,2157,467,1833,281,10239,509,0.063817903,0.014614812,0.153272223,0.019977361,0.179021389,0.015781803
659,44041,39007,13752,0.9886,97574,13910,55,437,860Z200US44041,39,14073,423,457,175,7161,492,2157,467,1833,281,10239,509,0.063817903,0.014614812,0.153272223,0.019977361,0.179021389,0.015781803
660,44044,39093,14911,1,312964,14911,54,438,860Z200US44044,39,14629,1013,305,181,6070,588,635,261,1972,304,11383,672,0.050247117,0.01788379,0.043406931,0.010690735,0.173240798,0.014997322
661,44045,39085,421,1,232603,421,58,439,860Z200US44045,39,662,202,14,12,454,170,61,45,100,41,531,152,0.030837004,0.014453582,0.092145015,0.037622066,0.188323917,0.033604032
662,44046,39055,2187,1,95397,2187,57,440,860Z200US44046,39,2020,461,20,33,887,211,252,189,187,81,1355,265,0.022547914,0.022380174,0.124752475,0.054180833,0.13800738,0.032424648
663,44047,39007,9156,1,97574,9156,55,441,860Z200US44047,39,8736,549,156,97,4665,543,1141,384,1088,262,6305,565,0.033440514,0.012416756,0.130608974,0.026251011,0.172561459,0.02344679
664,44048,39007,2178,1,97574,2178,55,442,860Z200US44048,39,2465,476,8,15,1099,243,126,84,327,137,1850,278,0.007279345,0.008239232,0.051115619,0.019827496,0.176756757,0.042022312
666,44050,39093,6724,1,312964,6724,54,444,860Z200US44050,39,6985,418,135,65,3476,370,258,103,1160,210,5069,385,0.038837745,0.011086298,0.036936292,0.008862784,0.228841981,0.022860739
667,44052,39093,29249,1,312964,29249,54,445,860Z200US44052,39,28264,1553,1058,312,11656,746,8960,1040,2254,353,18168,980,0.090768703,0.01588409,0.317011039,0.019703307,0.124064289,0.011088702
668,44053,39093,20735,1,312964,20735,54,446,860Z200US44053,39,20973,978,305,136,10364,691,3490,933,2936,444,14661,705,0.029428792,0.007887432,0.166404425,0.026628437,0.200259191,0.017454466
669,44054,39093,12484,1,312964,12484,54,447,860Z200US44054,39,12649,191,212,106,6947,524,1147,418,2456,344,9605,352,0.03051677,0.009169461,0.090679105,0.020071557,0.255700156,0.021013392
670,44055,39093,19331,1,312964,19331,54,448,860Z200US44055,39,19775,1229,482,188,8694,786,6045,847,1087,321,13240,824,0.055440534,0.012787357,0.305689001,0.023336118,0.082099698,0.014407408
671,44056,39153,12156,1,540428,12156,59,449,860Z200US44056,39,12126,29,218,132,6526,564,528,316,3545,440,8782,504,0.033404842,0.012170029,0.043542801,0.01584164,0.403666591,0.027006029
672,44057,39055,281,0.0144,95397,19447,57,450,860Z200US44057,39,19273,330,478,171,10307,440,1443,331,2246,332,13392,424,0.046376249,0.010013446,0.074871582,0.010411168,0.167712067,0.014720724
673,44057,39007,37,0.0019,97574,19447,55,450,860Z200US44057,39,19273,330,478,171,10307,440,1443,331,2246,332,13392,424,0.046376249,0.010013446,0.074871582,0.010411168,0.167712067,0.014720724
674,44057,39085,19129,0.9836,232603,19447,58,450,860Z200US44057,39,19273,330,478,171,10307,440,1443,331,2246,332,13392,424,0.046376249,0.010013446,0.074871582,0.010411168,0.167712067,0.014720724
675,44060,39085,60219,0.9977,232603,60360,58,451,860Z200US44060,39,59932,796,1151,281,32164,906,3252,587,14776,888,43992,840,0.03578535,0.005275459,0.054261496,0.005937923,0.335879251,0.011634981
676,44060,39055,141,0.0023,95397,60360,57,451,860Z200US44060,39,59932,796,1151,281,32164,906,3252,587,14776,888,43992,840,0.03578535,0.005275459,0.054261496,0.005937923,0.335879251,0.011634981
677,44062,39055,11839,0.7848,95397,15085,57,452,860Z200US44062,39,16090,847,276,129,7281,515,2165,719,1179,199,8170,432,0.037906881,0.010646378,0.134555625,0.026821393,0.144308446,0.0140616
678,44062,39007,443,0.0294,97574,15085,55,452,860Z200US44062,39,16090,847,276,129,7281,515,2165,719,1179,199,8170,432,0.037906881,0.010646378,0.134555625,0.026821393,0.144308446,0.0140616
679,44062,39155,2803,0.1858,201977,15085,60,452,860Z200US44062,39,16090,847,276,129,7281,515,2165,719,1179,199,8170,432,0.037906881,0.010646378,0.134555625,0.026821393,0.144308446,0.0140616
680,44064,39007,43,0.0266,97574,1618,55,453,860Z200US44064,39,1340,160,16,18,739,137,86,60,286,107,1084,128,0.02165088,0.01460441,0.064179104,0.026817928,0.263837638,0.056938059
681,44064,39055,1575,0.9734,95397,1618,57,453,860Z200US44064,39,1340,160,16,18,739,137,86,60,286,107,1084,128,0.02165088,0.01460441,0.064179104,0.026817928,0.263837638,0.056938059
682,44065,39055,4058,1,95397,4058,57,454,860Z200US44065,39,3999,458,34,41,2284,319,141,125,1009,245,3111,408,0.014886165,0.010838999,0.035258815,0.018842478,0.324333012,0.040290419
683,44067,39153,19995,1,540428,19995,59,455,860Z200US44067,39,19987,42,541,293,10939,469,1114,366,6180,555,15397,330,0.049456075,0.016231512,0.055736229,0.011131628,0.401376892,0.02127927
685,44070,39035,32442,1,1264817,32442,56,457,860Z200US44070,39,32244,28,533,174,17043,682,3516,834,7372,581,22939,655,0.031273837,0.006159561,0.109043543,0.015723467,0.321374079,0.014350901
686,44072,39055,4583,1,95397,4583,57,458,860Z200US44072,39,5192,475,176,180,2962,387,144,78,1691,348,3829,386,0.059419311,0.036639401,0.027734977,0.009001387,0.441629668,0.048166733
687,44074,39093,11957,1,312964,11957,54,459,860Z200US44074,39,11727,595,259,96,5618,442,1484,341,2767,369,6605,461,0.046101816,0.010151095,0.126545579,0.017240416,0.418925057,0.028938782
688,44076,39155,714,0.1344,201977,5313,60,460,860Z200US44076,39,4749,487,70,51,2267,321,794,245,187,70,3027,320,0.030877812,0.013415037,0.167193093,0.029578994,0.061777337,0.013485631
689,44076,39007,4599,0.8656,97574,5313,55,460,860Z200US44076,39,4749,487,70,51,2267,321,794,245,187,70,3027,320,0.030877812,0.013415037,0.167193093,0.029578994,0.061777337,0.013485631
690,44077,39085,58253,1,232603,58253,58,461,860Z200US44077,39,58369,855,1318,351,30467,968,6491,1018,11959,943,40811,849,0.043259921,0.006953422,0.111206291,0.010555942,0.293033741,0.013548859
692,44081,39085,6930,1,232603,6930,58,463,860Z200US44081,39,7003,276,171,90,3708,279,439,336,1292,184,4849,249,0.046116505,0.014603363,0.06268742,0.029128137,0.26644669,0.021515743
693,44082,39007,1511,1,97574,1511,55,464,860Z200US44082,39,1587,580,143,97,878,348,204,140,22,36,1067,376,0.162870159,0.054502099,0.128544423,0.04539029,0.020618557,0.020029076
694,44084,39007,3707,1,97574,3707,55,465,860Z200US44084,39,3931,496,27,21,1822,239,552,219,642,208,2799,339,0.01481888,0.006906197,0.140422284,0.032108486,0.229367631,0.041899427
695,44085,39007,3232,1,97574,3232,55,466,860Z200US44085,39,3334,594,44,36,1562,320,292,253,394,113,2312,397,0.028169014,0.013564252,0.087582484,0.045144787,0.170415225,0.023797784
696,44086,39055,1911,0.8604,95397,2221,57,467,860Z200US44086,39,2290,222,30,23,1227,158,91,60,298,84,1720,215,0.024449878,0.011233199,0.039737991,0.015754481,0.173255814,0.026609538
697,44086,39085,282,0.127,232603,2221,58,467,860Z200US44086,39,2290,222,30,23,1227,158,91,60,298,84,1720,215,0.024449878,0.011233199,0.039737991,0.015754481,0.173255814,0.026609538
698,44086,39007,28,0.0126,97574,2221,55,467,860Z200US44086,39,2290,222,30,23,1227,158,91,60,298,84,1720,215,0.024449878,0.011233199,0.039737991,0.015754481,0.173255814,0.026609538
699,44087,39153,22626,1,540428,22626,59,468,860Z200US44087,39,22351,553,462,208,12596,520,963,267,7048,587,15720,542,0.036678311,0.009996115,0.043085321,0.007232897,0.448346056,0.020663244
700,44089,39043,9167,0.5766,75622,15899,35,469,860Z200US44089,39,15788,422,373,126,8252,511,706,279,3327,435,11790,445,0.045201163,0.009124789,0.044717507,0.010718043,0.282188295,0.021474113
701,44089,39093,6732,0.4234,312964,15899,54,469,860Z200US44089,39,15788,422,373,126,8252,511,706,279,3327,435,11790,445,0.045201163,0.009124789,0.044717507,0.010718043,0.282188295,0.021474113
702,44090,39093,10995,0.9919,312964,11085,54,470,860Z200US44090,39,11095,592,196,104,5263,641,983,435,1788,290,7539,672,0.037241117,0.011691791,0.088598468,0.023660063,0.237166733,0.019536049
703,44090,39103,90,0.0081,182470,11085,61,470,860Z200US44090,39,11095,592,196,104,5263,641,983,435,1788,290,7539,672,0.037241117,0.011691791,0.088598468,0.023660063,0.237166733,0.019536049
704,44092,39085,16786,1,232603,16786,58,471,860Z200US44092,39,17138,482,619,215,10206,543,1269,370,3790,510,12308,557,0.060650598,0.012654973,0.07404598,0.013063086,0.307929802,0.023722116
705,44093,39007,1454,1,97574,1454,55,472,860Z200US44093,39,1007,321,67,67,604,230,132,81,103,77,808,235,0.110927152,0.062352497,0.131082423,0.041782506,0.127475248,0.053367354
706,44094,39085,37597,0.999,232603,37634,58,473,860Z200US44094,39,36958,524,811,208,20309,617,2297,418,10854,662,28288,566,0.039933035,0.006182162,0.062151632,0.006854562,0.383696267,0.013438934
707,44094,39055,37,0.001,95397,37634,57,473,860Z200US44094,39,36958,524,811,208,20309,617,2297,418,10854,662,28288,566,0.039933035,0.006182162,0.062151632,0.006854562,0.383696267,0.013438934
708,44095,39085,32616,1,232603,32616,58,474,860Z200US44095,39,32635,186,942,314,18246,573,2208,420,5322,516,23933,445,0.051627754,0.010415019,0.067657423,0.007819964,0.222370785,0.012863231
709,44099,39055,372,0.1472,95397,2528,57,475,860Z200US44099,39,2290,515,14,21,889,235,251,275,228,91,1039,289,0.015748031,0.014135166,0.109606987,0.071446975,0.219441771,0.038183527
710,44099,39007,2156,0.8528,97574,2528,55,475,860Z200US44099,39,2290,515,14,21,889,235,251,275,228,91,1039,289,0.015748031,0.014135166,0.109606987,0.071446975,0.219441771,0.038183527
712,44102,39035,43347,1,1264817,43347,56,477,860Z200US44102,39,42078,1583,2378,459,20628,907,13278,1272,6715,661,28921,1194,0.115280202,0.013170996,0.315556823,0.016900309,0.232184226,0.012612804
713,44103,39035,14469,1,1264817,14469,56,478,860Z200US44103,39,14512,1163,943,291,5782,668,5574,669,1116,234,10561,735,0.163092356,0.028369847,0.384095921,0.020861594,0.105671811,0.012705699
714,44104,39035,20202,1,1264817,20202,56,479,860Z200US44104,39,18901,1617,1569,304,7104,779,9572,1285,1231,286,12220,987,0.220861486,0.021446717,0.506428231,0.031849559,0.100736498,0.013340079
715,44105,39035,34100,1,1264817,34100,56,480,860Z200US44105,39,33667,2293,2420,458,15395,1198,10454,1327,2263,396,23355,1564,0.157193894,0.016485548,0.310511777,0.020219713,0.09689574,0.009522777
716,44106,39035,26608,1,1264817,26608,56,481,860Z200US44106,39,24622,1482,945,215,11535,816,6118,667,7281,695,15116,999,0.081924577,0.010769016,0.248476972,0.013730648,0.481675046,0.020167272
717,44107,39035,51109,1,1264817,51109,56,482,860Z200US44107,39,50676,76,1762,431,32825,857,5901,767,19555,895,38474,544,0.053678599,0.00793631,0.116445655,0.00920022,0.508265322,0.013449569
718,44108,39035,20005,1,1264817,20005,56,483,860Z200US44108,39,20691,1401,1328,445,8241,828,6871,1262,2238,290,13898,844,0.161145492,0.031315395,0.332076748,0.034466151,0.161030364,0.011205423
719,44109,39035,39121,1,1264817,39121,56,484,860Z200US44109,39,38026,1522,2266,488,19978,1069,9122,1111,4264,499,26067,1148,0.113424767,0.014383503,0.239888497,0.016774522,0.163578471,0.010781583
720,44110,39035,17617,1,1264817,17617,56,485,860Z200US44110,39,18006,1336,849,232,7671,768,6377,1063,1558,277,12622,811,0.110676574,0.017106877,0.354159725,0.032136811,0.123435272,0.01243925
721,44111,39035,41045,1,1264817,41045,56,486,860Z200US44111,39,40940,2023,1681,337,21676,1194,9703,1588,6611,585,27966,1225,0.077551209,0.00908739,0.237005374,0.022479173,0.236394193,0.011048977
722,44112,39035,18685,1,1264817,18685,56,487,860Z200US44112,39,18679,1050,1379,366,8264,868,5775,894,2197,464,13144,657,0.166868345,0.024725129,0.309170726,0.027109022,0.167148509,0.020850055
723,44113,39035,20291,1,1264817,20291,56,488,860Z200US44113,39,19757,1042,730,205,12052,815,4670,534,7787,683,15613,904,0.06057086,0.010035919,0.236371919,0.014578541,0.498751041,0.019975346
724,44114,39035,7622,1,1264817,7622,56,489,860Z200US44114,39,6953,563,383,199,4225,512,2442,372,2318,397,4868,459,0.090650888,0.027842921,0.351215303,0.027548889,0.476170912,0.041386883
725,44115,39035,8985,1,1264817,8985,56,490,860Z200US44115,39,9802,1009,837,315,4615,488,5625,873,1692,382,5134,506,0.181365114,0.039821321,0.573862477,0.04051915,0.329567589,0.040693984
726,44116,39035,21821,1,1264817,21821,56,491,860Z200US44116,39,21575,37,290,133,11314,556,1112,440,9894,758,15874,440,0.02563196,0.007104964,0.051541136,0.012397436,0.623283356,0.027061504
727,44117,39035,10533,1,1264817,10533,56,492,860Z200US44117,39,9476,893,375,157,4059,549,1972,505,1405,288,6976,592,0.092387288,0.022252528,0.208104686,0.030123327,0.201404817,0.022845143
728,44118,39035,40242,1,1264817,40242,56,493,860Z200US44118,39,41037,1213,1648,414,21690,847,6338,1203,15604,703,26111,868,0.075979714,0.011462079,0.154445988,0.017603256,0.597602543,0.011046801
729,44119,39035,12134,1,1264817,12134,56,494,860Z200US44119,39,13650,1247,614,285,7164,944,2889,881,1801,398,9132,810,0.085706309,0.023188788,0.211648352,0.037433364,0.197218572,0.024266435
730,44120,39035,34611,1,1264817,34611,56,495,860Z200US44120,39,34050,1822,1433,344,16231,1126,7305,1219,9461,733,25386,1370,0.088287844,0.012334174,0.214537445,0.020613866,0.372685732,0.01259401
731,44121,39035,32887,1,1264817,32887,56,496,860Z200US44121,39,32840,1281,1095,270,18278,913,3533,638,9080,645,21898,940,0.059908086,0.008793665,0.107582217,0.011531232,0.41464974,0.014266483
732,44122,39035,36268,1,1264817,36268,56,497,860Z200US44122,39,36522,1220,1341,340,18978,983,2958,740,16476,993,26277,903,0.070660765,0.01066118,0.080992279,0.01220688,0.627012216,0.01887228
733,44123,39035,17620,1,1264817,17620,56,498,860Z200US44123,39,18714,1094,915,341,10328,945,3397,719,2638,419,12348,824,0.088594113,0.019456815,0.181521855,0.022447374,0.213637836,0.018718853
734,44124,39035,40530,1,1264817,40530,56,499,860Z200US44124,39,40208,507,995,379,22539,697,2323,608,15396,993,30277,680,0.044145703,0.010188322,0.057774572,0.009181647,0.508504806,0.018689654
735,44125,39035,29663,1,1264817,29663,56,500,860Z200US44125,39,29605,775,1444,381,15327,736,5637,1209,3268,406,19601,810,0.094212827,0.014858932,0.190407026,0.024639734,0.166726187,0.011874624
736,44126,39035,17235,1,1264817,17235,56,501,860Z200US44126,39,17114,47,337,116,10211,458,1723,643,5690,447,12369,368,0.033003624,0.006847073,0.100677808,0.022839247,0.46002102,0.020332407
737,44127,39035,4179,1,1264817,4179,56,502,860Z200US44127,39,4203,687,196,97,1667,345,1517,345,255,114,2745,435,0.117576485,0.032131372,0.360932667,0.034694562,0.092896175,0.023606908
738,44128,39035,28146,1,1264817,28146,56,503,860Z200US44128,39,28535,1573,1907,518,13715,1061,7209,1209,3197,494,20030,1098,0.139044841,0.02200896,0.252637112,0.024325083,0.159610584,0.014017532
739,44129,39035,28803,1,1264817,28803,56,504,860Z200US44129,39,28851,1362,1057,720,16574,1173,2952,651,4801,439,20808,894,0.063774587,0.026265302,0.10231881,0.013398871,0.230728566,0.011321393
740,44130,39035,50825,1,1264817,50825,56,505,860Z200US44130,39,50548,984,1004,278,26666,1002,5710,1193,10200,774,37597,1024,0.037650941,0.006278917,0.112961937,0.014284902,0.271298242,0.01168083
741,44131,39035,20664,1,1264817,20664,56,506,860Z200US44131,39,20704,151,297,99,10881,456,842,237,6314,502,15808,371,0.027295285,0.005487073,0.04066847,0.006956365,0.399418016,0.018444378
742,44132,39035,14524,1,1264817,14524,56,507,860Z200US44132,39,14416,854,404,152,7256,751,3206,828,2238,539,9694,647,0.05567806,0.012243129,0.222391787,0.033984696,0.230864452,0.03247644
743,44133,39035,31373,1,1264817,31373,56,508,860Z200US44133,39,31144,82,738,185,17669,699,1701,419,9133,683,23012,576,0.041768068,0.006285172,0.054617262,0.008178034,0.396879889,0.017002014
744,44134,39035,38845,1,1264817,38845,56,509,860Z200US44134,39,37914,1427,1146,325,21267,911,3327,571,7214,636,28305,1155,0.053886303,0.009183316,0.087751226,0.008932394,0.254866631,0.012108111
745,44135,39035,26684,1,1264817,26684,56,510,860Z200US44135,39,27371,1574,1458,400,14049,906,7359,1196,3150,437,18499,825,0.103779628,0.016823111,0.268861203,0.024844432,0.170279475,0.01359819
746,44136,39035,25890,1,1264817,25890,56,511,860Z200US44136,39,25261,835,473,208,13698,718,1404,564,8740,716,18910,665,0.034530588,0.00916501,0.055579747,0.01352656,0.462189318,0.020788758
747,44137,39035,23759,1,1264817,23759,56,512,860Z200US44137,39,23610,114,981,315,11394,867,5031,1455,2523,505,16089,772,0.086097946,0.01632745,0.213087675,0.037457653,0.156815215,0.018524411
748,44138,39035,23088,1,1264817,23088,56,513,860Z200US44138,39,23149,41,292,117,11892,644,1062,299,6891,764,15999,732,0.024554322,0.005926003,0.045876712,0.007851714,0.43071442,0.026442055
749,44139,39035,25331,1,1264817,25331,56,514,860Z200US44139,39,24912,202,413,138,12843,508,889,313,10422,674,17188,470,0.032157596,0.006486079,0.035685613,0.007635802,0.60635327,0.021602175
750,44140,39035,16163,1,1264817,16163,56,515,860Z200US44140,39,16047,23,177,65,8218,332,718,232,7252,586,10892,327,0.021538087,0.004779003,0.044743566,0.008788686,0.665809769,0.030364629
751,44141,39153,381,0.027,540428,14130,59,516,860Z200US44141,39,13771,138,449,252,7482,479,391,227,6182,505,10181,333,0.060010692,0.020341032,0.028393,0.010019124,0.607209508,0.027630733
752,44141,39035,13749,0.973,1264817,14130,56,516,860Z200US44141,39,13771,138,449,252,7482,479,391,227,6182,505,10181,333,0.060010692,0.020341032,0.028393,0.010019124,0.607209508,0.027630733
753,44142,39035,18598,1,1264817,18598,56,517,860Z200US44142,39,18509,39,510,172,9590,465,1557,384,2095,287,13629,341,0.053180396,0.010789675,0.084121238,0.012611493,0.15371634,0.012585924
754,44143,39035,25339,1,1264817,25339,56,518,860Z200US44143,39,24233,693,880,252,12426,673,1662,312,8028,707,18320,682,0.07081925,0.012105797,0.068584162,0.007735403,0.438209607,0.021260933
755,44144,39035,21361,1,1264817,21361,56,519,860Z200US44144,39,21446,1235,981,350,11101,854,3324,998,2849,375,15483,864,0.088370417,0.018715517,0.154993938,0.027763829,0.184008267,0.013334802
756,44145,39035,34228,1,1264817,34228,56,520,860Z200US44145,39,34027,53,640,266,17535,695,1661,481,14343,1024,24890,556,0.036498432,0.009179652,0.048814177,0.008593087,0.576255524,0.023753995
757,44146,39035,29778,1,1264817,29778,56,521,860Z200US44146,39,29632,326,971,314,15158,765,3680,766,4822,664,22002,768,0.064058583,0.012438482,0.124190065,0.015692584,0.219161894,0.017746734
758,44147,39035,19872,1,1264817,19872,56,522,860Z200US44147,39,19815,24,171,97,10725,553,673,261,7676,717,14213,467,0.015944056,0.005475287,0.033964169,0.008007158,0.540068951,0.028706823
759,44149,39103,77,0.0037,182470,20678,61,523,860Z200US44149,39,20980,835,276,119,10378,578,705,256,7712,619,15239,692,0.02659472,0.006912156,0.033603432,0.007372998,0.506069952,0.020360982
760,44149,39035,20601,0.9963,1264817,20678,56,523,860Z200US44149,39,20980,835,276,119,10378,578,705,256,7712,619,15239,692,0.02659472,0.006912156,0.033603432,0.007372998,0.506069952,0.020360982
761,44201,39133,6577,0.9878,161791,6658,62,524,860Z200US44201,39,6956,719,231,134,3841,547,184,113,908,246,4882,421,0.060140588,0.020558724,0.026451984,0.009734481,0.185989349,0.02903858
762,44201,39151,81,0.0122,374853,6658,63,524,860Z200US44201,39,6956,719,231,134,3841,547,184,113,908,246,4882,421,0.060140588,0.020558724,0.026451984,0.009734481,0.185989349,0.02903858
763,44202,39153,4075,0.1838,540428,22167,59,525,860Z200US44202,39,22106,581,471,206,11361,559,654,254,9183,717,16032,549,0.041457618,0.010952645,0.029584728,0.006968847,0.572791916,0.024432967
764,44202,39055,208,0.0094,95397,22167,57,525,860Z200US44202,39,22106,581,471,206,11361,559,654,254,9183,717,16032,549,0.041457618,0.010952645,0.029584728,0.006968847,0.572791916,0.024432967
765,44202,39133,17884,0.8068,161791,22167,62,525,860Z200US44202,39,22106,581,471,206,11361,559,654,254,9183,717,16032,549,0.041457618,0.010952645,0.029584728,0.006968847,0.572791916,0.024432967
766,44203,39169,101,0.0026,116894,39577,64,526,860Z200US44203,39,38714,458,1059,245,18863,700,4946,734,5930,574,28129,869,0.056141653,0.007793439,0.1277574,0.011488882,0.210814462,0.011756092
767,44203,39103,71,0.0018,182470,39577,61,526,860Z200US44203,39,38714,458,1059,245,18863,700,4946,734,5930,574,28129,869,0.056141653,0.007793439,0.1277574,0.011488882,0.210814462,0.011756092
768,44203,39153,39405,0.9957,540428,39577,59,526,860Z200US44203,39,38714,458,1059,245,18863,700,4946,734,5930,574,28129,869,0.056141653,0.007793439,0.1277574,0.011488882,0.210814462,0.011756092
769,44212,39103,45749,1,182470,45749,61,527,860Z200US44212,39,45874,259,571,153,25817,621,2701,581,9355,709,31540,636,0.02211721,0.003588085,0.058878668,0.007696512,0.296607483,0.013172707
770,44214,39169,1953,0.9088,116894,2149,64,528,860Z200US44214,39,2418,419,33,29,1357,281,307,245,204,140,1531,268,0.024318349,0.012625471,0.126964433,0.060125222,0.133246244,0.053750002
771,44214,39103,196,0.0912,182470,2149,61,528,860Z200US44214,39,2418,419,33,29,1357,281,307,245,204,140,1531,268,0.024318349,0.012625471,0.126964433,0.060125222,0.133246244,0.053750002
772,44215,39103,2289,1,182470,2289,61,529,860Z200US44215,39,2634,446,29,20,1525,303,186,94,455,170,1788,291,0.019016393,0.007634468,0.070615034,0.020440435,0.254474273,0.052026632
773,44216,39151,795,0.0842,374853,9443,63,530,860Z200US44216,39,9145,764,172,93,5161,581,380,148,1617,261,6826,547,0.033326875,0.010714207,0.041552761,0.009609123,0.236888368,0.020176963
774,44216,39153,8584,0.909,540428,9443,59,530,860Z200US44216,39,9145,764,172,93,5161,581,380,148,1617,261,6826,547,0.033326875,0.010714207,0.041552761,0.009609123,0.236888368,0.020176963
775,44216,39169,64,0.0068,116894,9443,64,530,860Z200US44216,39,9145,764,172,93,5161,581,380,148,1617,261,6826,547,0.033326875,0.010714207,0.041552761,0.009609123,0.236888368,0.020176963
776,44217,39103,315,0.0756,182470,4165,61,531,860Z200US44217,39,3538,351,44,35,1641,204,191,82,439,80,2507,251,0.026812919,0.012806315,0.053985302,0.01370798,0.175109693,0.016208575
777,44217,39169,3850,0.9244,116894,4165,64,531,860Z200US44217,39,3538,351,44,35,1641,204,191,82,439,80,2507,251,0.026812919,0.012806315,0.053985302,0.01370798,0.175109693,0.016208575
778,44221,39153,29601,1,540428,29601,59,532,860Z200US44221,39,29677,1004,952,263,17684,866,3062,533,6519,609,21495,801,0.053833974,0.008897676,0.103177545,0.010709767,0.303279833,0.015793618
779,44223,39153,18388,1,540428,18388,59,533,860Z200US44223,39,18388,1054,224,93,10307,824,1306,343,6115,641,13800,774,0.021732803,0.005382453,0.071024581,0.011066132,0.443115942,0.02385476
780,44224,39153,38662,0.9988,540428,38709,59,534,860Z200US44224,39,38715,614,981,341,21176,851,2714,726,13003,742,26593,658,0.046326029,0.009723499,0.070102028,0.011379596,0.488963261,0.015284253
781,44224,39133,47,0.0012,161791,38709,62,534,860Z200US44224,39,38715,614,981,341,21176,851,2714,726,13003,742,26593,658,0.046326029,0.009723499,0.070102028,0.011379596,0.488963261,0.015284253
782,44230,39153,10,0.0012,540428,8064,59,535,860Z200US44230,39,8194,357,118,95,3957,439,338,123,1810,331,6073,344,0.029820571,0.014455346,0.041249695,0.009059581,0.298040507,0.031503355
783,44230,39169,7669,0.951,116894,8064,64,535,860Z200US44230,39,8194,357,118,95,3957,439,338,123,1810,331,6073,344,0.029820571,0.014455346,0.041249695,0.009059581,0.298040507,0.031503355
784,44230,39103,385,0.0477,182470,8064,61,535,860Z200US44230,39,8194,357,118,95,3957,439,338,123,1810,331,6073,344,0.029820571,0.014455346,0.041249695,0.009059581,0.298040507,0.031503355
785,44231,39133,7452,0.8874,161791,8398,62,536,860Z200US44231,39,8831,681,232,162,4585,457,777,386,1141,264,5306,504,0.050599782,0.021258846,0.087985506,0.026249142,0.215039578,0.027579906
786,44231,39055,946,0.1126,95397,8398,57,536,860Z200US44231,39,8831,681,232,162,4585,457,777,386,1141,264,5306,504,0.050599782,0.021258846,0.087985506,0.026249142,0.215039578,0.027579906
788,44233,39103,8025,1,182470,8025,61,538,860Z200US44233,39,8028,26,122,68,3841,282,300,151,2465,375,5644,329,0.031762562,0.010668369,0.037369208,0.011433908,0.436746988,0.03730769
789,44234,39133,2734,0.7265,161791,3763,62,539,860Z200US44234,39,3838,368,77,47,2046,242,199,104,869,201,2530,297,0.037634409,0.01369984,0.051849922,0.016192998,0.343478261,0.041613402
790,44234,39055,1029,0.2735,95397,3763,57,539,860Z200US44234,39,3838,368,77,47,2046,242,199,104,869,201,2530,297,0.037634409,0.01369984,0.051849922,0.016192998,0.343478261,0.041613402
791,44235,39005,42,0.0214,52447,1960,11,540,860Z200US44235,39,1362,531,14,19,673,274,60,58,369,260,915,293,0.020802377,0.016371725,0.044052863,0.023688407,0.403278689,0.153868433
792,44235,39103,1918,0.9786,182470,1960,61,540,860Z200US44235,39,1362,531,14,19,673,274,60,58,369,260,915,293,0.020802377,0.016371725,0.044052863,0.023688407,0.403278689,0.153868433
793,44236,39133,195,0.0074,161791,26216,62,541,860Z200US44236,39,26269,466,322,101,13357,508,841,320,12834,719,17845,542,0.02410721,0.004562788,0.032014923,0.007397211,0.719193051,0.020581302
794,44236,39153,26021,0.9926,540428,26216,59,541,860Z200US44236,39,26269,466,322,101,13357,508,841,320,12834,719,17845,542,0.02410721,0.004562788,0.032014923,0.007397211,0.719193051,0.020581302
795,44240,39153,230,0.006,540428,38354,59,542,860Z200US44240,39,38208,685,1486,410,21671,866,7581,828,9973,807,23104,920,0.068570901,0.01137982,0.198413945,0.012995082,0.431656856,0.018484541
796,44240,39133,38124,0.994,161791,38354,62,542,860Z200US44240,39,38208,685,1486,410,21671,866,7581,828,9973,807,23104,920,0.068570901,0.01137982,0.198413945,0.012995082,0.431656856,0.018484541
797,44241,39133,17659,1,161791,17659,62,543,860Z200US44241,39,18161,530,456,202,10399,669,1778,548,3860,529,12927,518,0.04385037,0.011683287,0.097902098,0.018260778,0.29859983,0.023789521
799,44250,39153,1469,1,540428,1469,59,545,860Z200US44250,39,1576,312,70,76,919,231,124,92,24,31,1175,283,0.07616975,0.048906843,0.078680203,0.034200103,0.020425532,0.015756998
800,44251,39103,928,1,182470,928,61,546,860Z200US44251,39,1042,250,35,33,556,152,59,42,336,76,778,155,0.06294964,0.034530604,0.056621881,0.023069191,0.431876607,0.028117446
801,44253,39093,369,0.1073,312964,3438,54,547,860Z200US44253,39,3613,377,24,25,1904,302,306,312,466,125,2676,252,0.012605042,0.00788884,0.08469416,0.052219716,0.174140508,0.026588653
802,44253,39103,3069,0.8927,182470,3438,61,547,860Z200US44253,39,3613,377,24,25,1904,302,306,312,466,125,2676,252,0.012605042,0.00788884,0.08469416,0.052219716,0.174140508,0.026588653
803,44254,39103,4784,1,182470,4784,61,548,860Z200US44254,39,4984,414,83,49,2643,328,675,286,378,99,3517,279,0.031403708,0.011018411,0.135433387,0.03420673,0.107477964,0.016308015
804,44255,39133,7558,1,161791,7558,62,549,860Z200US44255,39,6959,696,227,135,4260,600,627,200,1254,292,4874,554,0.053286385,0.018716477,0.090099152,0.016589976,0.257283545,0.031785616
805,44256,39103,64747,0.999,182470,64815,61,550,860Z200US44256,39,64186,940,1266,269,34850,954,3796,628,19429,841,46103,850,0.036327116,0.004653173,0.059140623,0.00592441,0.421425938,0.010033007
806,44256,39093,68,0.001,312964,64815,54,550,860Z200US44256,39,64186,940,1266,269,34850,954,3796,628,19429,841,46103,850,0.036327116,0.004653173,0.059140623,0.00592441,0.421425938,0.010033007
807,44260,39153,2870,0.2182,540428,13152,59,551,860Z200US44260,39,13037,856,183,89,6937,565,474,177,2537,498,9132,633,0.02638028,0.007689094,0.036358058,0.008124752,0.277814279,0.031015345
808,44260,39133,9359,0.7116,161791,13152,62,551,860Z200US44260,39,13037,856,183,89,6937,565,474,177,2537,498,9132,633,0.02638028,0.007689094,0.036358058,0.008124752,0.277814279,0.031015345
809,44260,39151,923,0.0702,374853,13152,63,551,860Z200US44260,39,13037,856,183,89,6937,565,474,177,2537,498,9132,633,0.02638028,0.007689094,0.036358058,0.008124752,0.277814279,0.031015345
810,44262,39153,5020,1,540428,5020,59,552,860Z200US44262,39,4966,107,91,76,2210,260,265,163,1374,330,3737,308,0.041176471,0.020696797,0.053362867,0.019941066,0.367674605,0.050421773
811,44264,39153,3370,1,540428,3370,59,553,860Z200US44264,39,3281,495,73,47,1670,263,86,58,1303,212,2325,310,0.043712575,0.01658893,0.026211521,0.010473889,0.560430108,0.031766184
812,44266,39133,32606,1,161791,32606,62,554,860Z200US44266,39,32530,842,775,210,17307,736,4086,714,4719,548,23489,760,0.044779569,0.007284775,0.125607132,0.01319565,0.20090255,0.013620793
813,44270,39169,7706,0.9191,116894,8384,64,555,860Z200US44270,39,8245,376,255,194,4111,375,804,308,1070,204,5478,401,0.062028703,0.028480259,0.097513645,0.022547319,0.195326762,0.020903076
814,44270,39103,678,0.0809,182470,8384,61,555,860Z200US44270,39,8245,376,255,194,4111,375,804,308,1070,204,5478,401,0.062028703,0.028480259,0.097513645,0.022547319,0.195326762,0.020903076
815,44272,39133,5356,1,161791,5356,62,556,860Z200US44272,39,5468,553,151,114,3299,442,312,112,1211,238,3890,387,0.045771446,0.020673207,0.057059254,0.011947189,0.311311054,0.032075698
816,44273,39103,6832,0.9901,182470,6900,61,557,860Z200US44273,39,6938,741,70,60,3648,506,329,140,1190,247,4996,509,0.019188596,0.009866618,0.047420006,0.01187405,0.238190552,0.026184818
817,44273,39169,68,0.0099,116894,6900,64,557,860Z200US44273,39,6938,741,70,60,3648,506,329,140,1190,247,4996,509,0.019188596,0.009866618,0.047420006,0.01187405,0.238190552,0.026184818
819,44275,39093,108,0.0332,312964,3257,54,559,860Z200US44275,39,3120,388,18,12,1740,292,142,76,361,97,2273,282,0.010344828,0.004057432,0.045512821,0.014402611,0.158820941,0.023011285
820,44275,39103,3149,0.9668,182470,3257,61,559,860Z200US44275,39,3120,388,18,12,1740,292,142,76,361,97,2273,282,0.010344828,0.004057432,0.045512821,0.014402611,0.158820941,0.023011285
821,44276,39169,2023,1,116894,2023,64,560,860Z200US44276,39,1687,296,9,11,884,170,232,213,234,78,1102,173,0.010180995,0.007470179,0.137522229,0.075338892,0.212341198,0.037956949
822,44278,39153,18185,0.974,540428,18671,59,561,860Z200US44278,39,18584,253,245,120,9462,504,928,294,4510,469,13887,448,0.025893046,0.007663884,0.049935428,0.009608175,0.324764168,0.019517561
823,44278,39133,486,0.026,161791,18671,62,561,860Z200US44278,39,18584,253,245,120,9462,504,928,294,4510,469,13887,448,0.025893046,0.007663884,0.049935428,0.009608175,0.324764168,0.019517561
824,44280,39093,84,0.0157,312964,5343,54,562,860Z200US44280,39,5355,280,52,43,2932,316,184,116,1474,278,3990,268,0.017735334,0.008839307,0.034360411,0.013123018,0.369423559,0.039578094
825,44280,39103,5259,0.9843,182470,5343,61,562,860Z200US44280,39,5355,280,52,43,2932,316,184,116,1474,278,3990,268,0.017735334,0.008839307,0.034360411,0.013123018,0.369423559,0.039578094
826,44281,39103,33027,0.9936,182470,33241,61,563,860Z200US44281,39,33768,714,616,283,18420,735,2204,677,9706,729,23363,699,0.033441911,0.009304362,0.065268894,0.012158669,0.415443222,0.017398571
827,44281,39153,214,0.0064,540428,33241,59,563,860Z200US44281,39,33768,714,616,283,18420,735,2204,677,9706,729,23363,699,0.033441911,0.009304362,0.065268894,0.012158669,0.415443222,0.017398571
829,44286,39153,6258,1,540428,6258,59,565,860Z200US44286,39,6421,198,70,44,3325,314,233,154,2427,297,4982,230,0.021052632,0.00795312,0.036287183,0.014563943,0.487153754,0.033562069
830,44287,39103,372,0.0492,182470,7561,61,566,860Z200US44287,39,7766,548,155,112,3628,404,568,186,1220,282,5294,425,0.042723264,0.018542379,0.073139325,0.014217558,0.230449566,0.03036594
831,44287,39169,4573,0.6048,116894,7561,64,566,860Z200US44287,39,7766,548,155,112,3628,404,568,186,1220,282,5294,425,0.042723264,0.018542379,0.073139325,0.014217558,0.230449566,0.03036594
832,44287,39005,2616,0.346,52447,7561,11,566,860Z200US44287,39,7766,548,155,112,3628,404,568,186,1220,282,5294,425,0.042723264,0.018542379,0.073139325,0.014217558,0.230449566,0.03036594
833,44288,39155,8,0.0023,201977,3444,60,567,860Z200US44288,39,3263,532,131,64,1472,246,699,395,226,117,2271,301,0.088994565,0.024836089,0.214220043,0.070459761,0.099515632,0.030274841
834,44288,39133,3436,0.9977,161791,3444,62,567,860Z200US44288,39,3263,532,131,64,1472,246,699,395,226,117,2271,301,0.088994565,0.024836089,0.214220043,0.070459761,0.099515632,0.030274841
835,44301,39153,14364,1,540428,14364,59,568,860Z200US44301,39,14363,1229,714,297,7388,721,2687,633,1699,378,9358,816,0.096643205,0.023755804,0.187077909,0.024961472,0.181555888,0.022590628
836,44302,39153,4661,1,540428,4661,59,569,860Z200US44302,39,5043,706,195,142,2730,513,1191,410,1061,242,3899,558,0.071428571,0.030548949,0.236168947,0.04515158,0.272121057,0.029379279
837,44303,39153,7031,1,540428,7031,59,570,860Z200US44303,39,7755,686,307,144,4453,476,1156,409,3410,488,6135,627,0.068942286,0.019140926,0.149065119,0.03104265,0.555827221,0.033848143
838,44304,39153,4185,1,540428,4185,59,571,860Z200US44304,39,3592,676,143,73,1816,407,1233,287,618,170,1732,333,0.078744493,0.021955657,0.343262806,0.028582589,0.356812933,0.04267313
839,44305,39153,21214,1,540428,21214,59,572,860Z200US44305,39,21206,1322,705,235,10732,906,4382,762,2262,380,14816,962,0.06569139,0.012877348,0.20663963,0.02039193,0.152672786,0.014379815
840,44306,39153,21085,1,540428,21085,59,573,860Z200US44306,39,21301,1544,1372,314,10036,864,6041,977,1207,286,13394,1048,0.136707852,0.017622737,0.283601709,0.024925069,0.090114977,0.01225234
841,44307,39153,6959,1,540428,6959,59,574,860Z200US44307,39,5784,720,303,168,2435,419,2144,536,504,139,3814,431,0.124435318,0.039870602,0.370677732,0.048853968,0.13214473,0.020209641
842,44308,39153,1037,1,540428,1037,59,575,860Z200US44308,39,1449,255,55,57,844,199,575,198,182,100,595,163,0.065165877,0.039978415,0.396825397,0.07140007,0.305882353,0.088563659
843,44310,39153,24984,1,540428,24984,59,576,860Z200US44310,39,24892,1728,1308,410,12006,1194,7302,1565,2120,362,16366,1287,0.108945527,0.019687085,0.29334726,0.036159436,0.129536845,0.011935416
844,44311,39153,6993,1,540428,6993,59,577,860Z200US44311,39,7377,801,419,148,3120,441,3001,489,276,95,3543,400,0.134294872,0.026426963,0.406804934,0.030045946,0.077900085,0.015398208
845,44312,39153,30474,0.9988,540428,30510,59,578,860Z200US44312,39,30508,1524,999,288,16706,1088,2909,569,4408,608,22725,1026,0.059798875,0.010208912,0.095352039,0.010961916,0.193971397,0.015368263
846,44312,39133,36,0.0012,161791,30510,62,578,860Z200US44312,39,30508,1524,999,288,16706,1088,2909,569,4408,608,22725,1026,0.059798875,0.010208912,0.095352039,0.010961916,0.193971397,0.015368263
847,44313,39153,25678,1,540428,25678,59,579,860Z200US44313,39,27797,1301,395,145,15966,856,2666,676,9821,738,20526,952,0.024740073,0.00546165,0.095909631,0.01452966,0.478466335,0.017196903
848,44314,39153,17686,1,540428,17686,59,580,860Z200US44314,39,17646,1238,676,232,9530,688,3845,819,1563,360,12308,830,0.070933893,0.014467765,0.217896407,0.026640098,0.126990575,0.017001536
849,44319,39153,21833,1,540428,21833,59,581,860Z200US44319,39,22196,992,683,262,12470,830,1467,375,5153,641,16609,699,0.054771451,0.01257856,0.06609299,0.010112284,0.310253477,0.022077586
850,44320,39153,19083,1,540428,19083,59,582,860Z200US44320,39,17786,1494,416,161,8187,832,4533,1027,2340,346,12256,942,0.050812263,0.011535111,0.254863376,0.032599878,0.190926893,0.014661002
851,44321,39103,64,0.004,182470,15993,61,583,860Z200US44321,39,15932,653,146,77,8964,758,954,428,6638,563,11382,547,0.016287372,0.005154276,0.059879488,0.01626251,0.583201546,0.024776359
852,44321,39153,15929,0.996,540428,15993,59,583,860Z200US44321,39,15932,653,146,77,8964,758,954,428,6638,563,11382,547,0.016287372,0.005154276,0.059879488,0.01626251,0.583201546,0.024776359
854,44333,39103,170,0.0087,182470,19449,61,585,860Z200US44333,39,19315,549,363,207,10532,603,711,275,8761,742,14130,523,0.034466388,0.011887582,0.036810769,0.008631697,0.620028309,0.028712555
855,44333,39153,19279,0.9913,540428,19449,59,585,860Z200US44333,39,19315,549,363,207,10532,603,711,275,8761,742,14130,523,0.034466388,0.011887582,0.036810769,0.008631697,0.620028309,0.028712555
856,44401,39099,2648,1,228614,2648,65,586,860Z200US44401,39,2716,438,53,45,1154,251,260,148,386,137,1944,279,0.04592721,0.022914039,0.095729013,0.031768596,0.198559671,0.039182152
857,44402,39155,2951,1,201977,2951,60,587,860Z200US44402,39,2709,556,48,43,1495,342,147,77,329,123,2058,379,0.032107023,0.016905124,0.054263566,0.015897263,0.159863946,0.031618694
858,44403,39155,3690,1,201977,3690,60,588,860Z200US44403,39,3798,332,57,38,1720,242,373,202,455,112,3047,274,0.033139535,0.013127903,0.098209584,0.031907873,0.149327207,0.02080054
859,44404,39155,1300,1,201977,1300,60,589,860Z200US44404,39,1490,464,29,32,519,147,345,358,151,66,1000,278,0.055876686,0.036225681,0.231543624,0.139327568,0.151,0.030960383
860,44405,39099,7837,1,228614,7837,65,590,860Z200US44405,39,7841,44,478,134,3551,230,2239,429,886,194,5178,258,0.134609969,0.022319037,0.285550312,0.033245556,0.171108536,0.02217828
861,44406,39099,22740,1,228614,22740,65,591,860Z200US44406,39,22101,547,516,207,11117,679,794,469,7365,821,16232,648,0.0464154,0.011187267,0.035925976,0.012888828,0.453733366,0.028707847
862,44408,39029,8103,0.7698,101877,10526,53,592,860Z200US44408,39,10594,577,276,144,5591,596,818,341,2500,456,7759,578,0.049365051,0.015326663,0.077213517,0.019399469,0.32220647,0.03261129
863,44408,39099,2423,0.2302,228614,10526,65,592,860Z200US44408,39,10594,577,276,144,5591,596,818,341,2500,456,7759,578,0.049365051,0.015326663,0.077213517,0.019399469,0.32220647,0.03261129
864,44410,39155,16824,1,201977,16824,60,593,860Z200US44410,39,16549,681,226,98,7899,579,1772,432,3688,482,12776,598,0.028611217,0.007433491,0.107075956,0.015641178,0.288666249,0.021413076
865,44411,39133,2319,1,161791,2319,62,594,860Z200US44411,39,2119,249,34,50,1085,214,220,147,188,82,1358,183,0.031336406,0.027760848,0.103822558,0.041514381,0.138438881,0.034911113
866,44412,39133,2069,0.837,161791,2472,62,595,860Z200US44412,39,2866,337,34,49,1636,256,96,101,444,146,2122,259,0.020782396,0.018099714,0.033496162,0.02128873,0.209236569,0.038837565
867,44412,39099,403,0.163,228614,2472,65,595,860Z200US44412,39,2866,337,34,49,1636,256,96,101,444,146,2122,259,0.020782396,0.018099714,0.033496162,0.02128873,0.209236569,0.038837565
868,44413,39029,7186,1,101877,7186,53,596,860Z200US44413,39,7228,445,80,51,3348,426,617,184,481,181,4909,295,0.023894863,0.009073843,0.085362479,0.015141742,0.097983296,0.022126356
870,44417,39155,1539,1,201977,1539,60,598,860Z200US44417,39,1401,223,9,15,584,137,90,61,131,57,1096,167,0.015410959,0.015458498,0.064239829,0.025728048,0.119525547,0.029613465
871,44418,39155,1224,1,201977,1224,60,599,860Z200US44418,39,1398,456,0,12,552,227,79,106,349,224,1118,389,0,0.013215277,0.056509299,0.044710081,0.31216458,0.10234803
872,44420,39155,15033,1,201977,15033,60,600,860Z200US44420,39,15100,993,341,192,7143,667,2752,960,2149,356,10369,670,0.047739045,0.016113823,0.182251656,0.037955161,0.207252387,0.019218028
873,44423,39029,2234,1,101877,2234,53,601,860Z200US44423,39,2261,430,75,58,1059,225,290,215,317,139,1639,314,0.07082153,0.032012823,0.128261831,0.055871574,0.193410616,0.046373822
875,44425,39155,14155,0.9912,201977,14280,60,603,860Z200US44425,39,13341,513,212,161,7032,560,1459,433,2447,359,9907,472,0.030147895,0.013841403,0.109362117,0.019563982,0.246997073,0.020834678
876,44425,39099,125,0.0088,228614,14280,65,603,860Z200US44425,39,13341,513,212,161,7032,560,1459,433,2447,359,9907,472,0.030147895,0.013841403,0.109362117,0.019563982,0.246997073,0.020834678
877,44427,39019,608,0.391,26721,1555,52,604,860Z200US44427,39,1612,456,65,56,774,293,263,212,142,100,1050,283,0.083979328,0.039509396,0.163151365,0.074863,0.135238095,0.053487498
878,44427,39029,947,0.609,101877,1555,53,604,860Z200US44427,39,1612,456,65,56,774,293,263,212,142,100,1050,283,0.083979328,0.039509396,0.163151365,0.074863,0.135238095,0.053487498
879,44428,39007,77,0.0247,97574,3115,55,605,860Z200US44428,39,3337,459,35,42,1403,259,382,206,300,92,2487,343,0.024946543,0.01798146,0.114474079,0.036285849,0.120627262,0.020085269
880,44428,39155,3038,0.9753,201977,3115,60,605,860Z200US44428,39,3337,459,35,42,1403,259,382,206,300,92,2487,343,0.024946543,0.01798146,0.114474079,0.036285849,0.120627262,0.020085269
881,44429,39099,2376,0.975,228614,2437,65,606,860Z200US44429,39,2353,283,24,21,1057,208,275,129,329,94,1646,247,0.022705771,0.011768147,0.116872078,0.032213379,0.199878493,0.029542476
882,44429,39133,61,0.025,161791,2437,62,606,860Z200US44429,39,2353,283,24,21,1057,208,275,129,329,94,1646,247,0.022705771,0.011768147,0.116872078,0.032213379,0.199878493,0.029542476
883,44430,39155,4723,1,201977,4723,60,607,860Z200US44430,39,4372,474,71,57,1066,191,546,244,165,73,3455,398,0.066604128,0.031685233,0.124885636,0.032913302,0.047756874,0.012401232
884,44431,39029,4629,1,101877,4629,53,608,860Z200US44431,39,4713,499,102,48,2210,319,439,179,552,174,3305,377,0.046153846,0.012566869,0.093146616,0.022296222,0.167019667,0.029835493
885,44432,39029,12276,1,101877,12276,53,609,860Z200US44432,39,12246,883,220,111,4786,575,1468,343,1293,262,9336,581,0.045967405,0.013693331,0.119875878,0.016195779,0.138496144,0.016235319
886,44436,39099,3382,1,228614,3382,65,610,860Z200US44436,39,3348,424,64,38,1720,323,404,157,475,117,2624,335,0.037209302,0.012740975,0.120669056,0.026950603,0.181021341,0.023180377
887,44437,39099,44,0.0108,228614,4073,65,611,860Z200US44437,39,3975,312,57,49,2006,259,118,79,633,157,2833,258,0.028414756,0.014680634,0.029685535,0.011998271,0.223438052,0.031335773
888,44437,39155,4029,0.9892,201977,4073,60,611,860Z200US44437,39,3975,312,57,49,2006,259,118,79,633,157,2833,258,0.028414756,0.014680634,0.029685535,0.011998271,0.223438052,0.031335773
889,44438,39155,4762,1,201977,4762,60,612,860Z200US44438,39,4949,468,152,96,2293,307,814,335,532,183,3689,364,0.066288705,0.024872364,0.164477672,0.040048181,0.144212524,0.028888905
891,44440,39099,1018,0.219,228614,4648,65,614,860Z200US44440,39,4819,697,74,56,2166,502,347,169,865,220,3762,454,0.034164358,0.014961564,0.07200664,0.020357066,0.229930888,0.031293086
892,44440,39155,3630,0.781,201977,4648,60,614,860Z200US44440,39,4819,697,74,56,2166,502,347,169,865,220,3762,454,0.034164358,0.014961564,0.07200664,0.020357066,0.229930888,0.031293086
893,44441,39029,1558,1,101877,1558,53,615,860Z200US44441,39,1674,329,65,48,982,265,75,56,284,152,1154,246,0.066191446,0.027659096,0.044802867,0.019618937,0.24610052,0.07344517
894,44442,39099,4095,1,228614,4095,65,616,860Z200US44442,39,3864,470,57,37,1743,248,196,95,992,279,2964,422,0.032702238,0.012590601,0.050724638,0.014467569,0.334682861,0.049348075
895,44443,39029,53,0.0304,101877,1742,53,617,860Z200US44443,39,2062,403,37,57,998,245,181,144,299,142,1445,295,0.037074148,0.034276229,0.087778855,0.041152041,0.206920415,0.05393738
896,44443,39099,1689,0.9696,228614,1742,65,617,860Z200US44443,39,2062,403,37,57,998,245,181,144,299,142,1445,295,0.037074148,0.034276229,0.087778855,0.041152041,0.206920415,0.05393738
897,44444,39099,242,0.0241,228614,10042,65,618,860Z200US44444,39,9577,543,260,122,4747,483,964,290,1179,331,7265,466,0.054771435,0.015251641,0.100657826,0.018077932,0.162284928,0.026964029
898,44444,39133,922,0.0918,161791,10042,62,618,860Z200US44444,39,9577,543,260,122,4747,483,964,290,1179,331,7265,466,0.054771435,0.015251641,0.100657826,0.018077932,0.162284928,0.026964029
899,44444,39155,8878,0.8841,201977,10042,60,618,860Z200US44444,39,9577,543,260,122,4747,483,964,290,1179,331,7265,466,0.054771435,0.015251641,0.100657826,0.018077932,0.162284928,0.026964029
900,44445,39029,3160,1,101877,3160,53,619,860Z200US44445,39,3237,578,64,49,1701,439,174,110,365,138,2224,450,0.037624927,0.016486699,0.053753475,0.019816656,0.164118705,0.031864258
901,44446,39155,20173,1,201977,20173,60,620,860Z200US44446,39,20260,616,591,185,9952,665,2685,599,3267,476,14980,632,0.059385048,0.011039975,0.132527147,0.017805335,0.218090788,0.018488978
902,44449,39099,742,0.6033,228614,1230,65,621,860Z200US44449,39,1526,330,0,12,762,170,199,130,260,90,1071,222,0,0.009573271,0.130406291,0.04886748,0.242763772,0.040912654
903,44449,39133,488,0.3967,161791,1230,62,621,860Z200US44449,39,1526,330,0,12,762,170,199,130,260,90,1071,222,0,0.009573271,0.130406291,0.04886748,0.242763772,0.040912654
904,44450,39155,1824,1,201977,1824,60,622,860Z200US44450,39,2223,623,54,59,705,219,869,536,141,72,1219,273,0.076595745,0.048774631,0.39091318,0.130571256,0.115668581,0.032268191
905,44451,39099,3199,1,228614,3199,65,623,860Z200US44451,39,2993,371,106,63,1351,237,491,262,452,114,2181,275,0.0784604,0.027084836,0.164049449,0.05175863,0.207244383,0.027519067
906,44452,39099,3114,1,228614,3114,65,624,860Z200US44452,39,2984,456,84,74,1293,351,364,217,926,284,2484,375,0.064965197,0.03309807,0.121983914,0.042730348,0.372785829,0.060499376
907,44454,39099,865,0.9251,228614,935,65,625,860Z200US44454,39,639,248,0,12,269,150,148,137,118,67,492,158,0,0.027118338,0.231611894,0.118324271,0.239837398,0.068270631
908,44454,39029,70,0.0749,101877,935,53,625,860Z200US44454,39,639,248,0,12,269,150,148,137,118,67,492,158,0,0.027118338,0.231611894,0.118324271,0.239837398,0.068270631
909,44455,39029,1558,1,101877,1558,53,626,860Z200US44455,39,1838,385,15,15,831,271,97,79,130,84,1220,252,0.018050542,0.010373089,0.052774755,0.025249606,0.106557377,0.03965936
910,44460,39029,20846,0.8209,101877,25393,53,627,860Z200US44460,39,25215,532,754,328,13576,693,3046,650,3749,492,18206,514,0.055539187,0.014585635,0.12080111,0.015593921,0.205921125,0.016043348
911,44460,39099,4547,0.1791,228614,25393,65,627,860Z200US44460,39,25215,532,754,328,13576,693,3046,650,3749,492,18206,514,0.055539187,0.014585635,0.12080111,0.015593921,0.205921125,0.016043348
912,44470,39155,3681,1,201977,3681,60,628,860Z200US44470,39,4014,281,13,19,1859,256,430,221,425,142,2856,230,0.006993007,0.006185459,0.107125062,0.033157552,0.148809524,0.02933376
913,44471,39099,10445,1,228614,10445,65,629,860Z200US44471,39,10383,143,209,99,5544,362,1681,461,1450,291,7493,294,0.037698413,0.010751776,0.161899258,0.026956519,0.193513946,0.023153059
914,44473,39155,3719,1,201977,3719,60,630,860Z200US44473,39,4145,636,67,48,2283,599,247,131,861,242,3007,374,0.02934735,0.011893155,0.059589867,0.018390778,0.286331892,0.043872592
915,44481,39155,10145,0.989,201977,10258,60,631,860Z200US44481,39,9769,829,158,68,4028,481,883,275,1115,247,6977,576,0.039225422,0.009859568,0.090387962,0.016465117,0.159810807,0.019970653
916,44481,39099,113,0.011,228614,10258,65,631,860Z200US44481,39,9769,829,158,68,4028,481,883,275,1115,247,6977,576,0.039225422,0.009859568,0.090387962,0.016465117,0.159810807,0.019970653
917,44483,39155,24840,1,201977,24840,60,632,860Z200US44483,39,25899,1301,695,234,10966,767,6254,1082,3060,481,17908,1036,0.063377713,0.012688857,0.241476505,0.024302668,0.170873353,0.015181938
918,44484,39155,22290,1,201977,22290,60,633,860Z200US44484,39,21284,995,607,281,9690,615,3102,657,4017,447,15411,771,0.062641899,0.017462092,0.145743281,0.018302094,0.260657972,0.015749843
919,44485,39155,15172,1,201977,15172,60,634,860Z200US44485,39,15898,1065,508,222,5912,625,6264,1031,1558,416,10644,772,0.085926928,0.022149194,0.394011825,0.036010033,0.146373544,0.022865372
920,44490,39099,343,0.4757,228614,721,65,635,860Z200US44490,39,744,176,27,18,310,90,196,97,69,33,506,104,0.087096774,0.031774758,0.26344086,0.069615588,0.136363636,0.035798081
921,44490,39029,378,0.5243,101877,721,53,635,860Z200US44490,39,744,176,27,18,310,90,196,97,69,33,506,104,0.087096774,0.031774758,0.26344086,0.069615588,0.136363636,0.035798081
922,44491,39055,603,0.1527,95397,3950,57,636,860Z200US44491,39,3419,326,24,24,1393,162,728,378,221,105,1962,256,0.017229002,0.010402491,0.212927757,0.066065967,0.112640163,0.031282149
923,44491,39133,85,0.0215,161791,3950,62,636,860Z200US44491,39,3419,326,24,24,1393,162,728,378,221,105,1962,256,0.017229002,0.010402491,0.212927757,0.066065967,0.112640163,0.031282149
924,44491,39155,3262,0.8258,201977,3950,60,636,860Z200US44491,39,3419,326,24,24,1393,162,728,378,221,105,1962,256,0.017229002,0.010402491,0.212927757,0.066065967,0.112640163,0.031282149
926,44502,39099,9300,1,228614,9300,65,638,860Z200US44502,39,9043,721,367,126,3673,380,3422,511,519,152,5575,399,0.099918323,0.019884373,0.378414243,0.029045028,0.09309417,0.016071704
927,44503,39099,1922,1,228614,1922,65,639,860Z200US44503,39,960,193,28,23,165,95,391,171,73,42,823,193,0.16969697,0.060438303,0.407291667,0.096163519,0.088699878,0.028329006
928,44504,39099,4442,0.9705,228614,4577,65,640,860Z200US44504,39,5165,617,168,89,2208,344,1051,347,902,188,3290,446,0.076086957,0.023419741,0.203484995,0.038073725,0.274164134,0.026385854
929,44504,39155,135,0.0295,201977,4577,60,640,860Z200US44504,39,5165,617,168,89,2208,344,1051,347,902,188,3290,446,0.076086957,0.023419741,0.203484995,0.038073725,0.274164134,0.026385854
930,44505,39155,6728,0.3947,201977,17048,60,641,860Z200US44505,39,16534,1132,963,294,6502,677,5581,875,2065,359,10900,668,0.148108274,0.025839424,0.337546873,0.028941409,0.189449541,0.01873649
931,44505,39099,10320,0.6053,228614,17048,65,641,860Z200US44505,39,16534,1132,963,294,6502,677,5581,875,2065,359,10900,668,0.148108274,0.025839424,0.337546873,0.028941409,0.189449541,0.01873649
932,44506,39099,2109,1,228614,2109,65,642,860Z200US44506,39,2489,461,370,230,1169,315,910,425,26,40,1732,366,0.316509837,0.107783099,0.365608678,0.095288683,0.015011547,0.013906257
933,44507,39099,4598,1,228614,4598,65,643,860Z200US44507,39,4761,587,347,171,1960,373,2012,590,200,88,2649,353,0.177040816,0.048922102,0.422600294,0.068351182,0.075500189,0.01924615
934,44509,39099,10934,1,228614,10934,65,644,860Z200US44509,39,11044,815,510,150,5209,501,3490,554,1162,219,7698,579,0.097907468,0.016542923,0.316008693,0.026998673,0.150948298,0.015857306
935,44510,39099,2034,1,228614,2034,65,645,860Z200US44510,39,2064,391,223,137,901,219,1138,360,78,68,1193,200,0.247502775,0.08489142,0.551356589,0.084916179,0.065381391,0.034003258
936,44511,39099,18738,1,228614,18738,65,646,860Z200US44511,39,19354,1330,433,114,9903,805,3193,513,3275,534,14387,1024,0.043724124,0.006656065,0.164978816,0.014564846,0.22763606,0.020300243
937,44512,39099,33282,1,228614,33282,65,647,860Z200US44512,39,32821,854,1159,303,17336,716,4873,761,8126,617,23664,803,0.066855099,0.010491546,0.148472015,0.013898037,0.343390805,0.014179144
938,44514,39099,22599,1,228614,22599,65,648,860Z200US44514,39,23391,1084,395,146,11742,733,1412,339,6404,503,16818,798,0.033639925,0.007450079,0.060365098,0.008644497,0.380782495,0.014488868
939,44515,39099,27480,1,228614,27480,65,649,860Z200US44515,39,27543,953,914,341,15215,875,4088,810,4438,554,20391,723,0.060072297,0.013461539,0.148422467,0.017602855,0.217645039,0.01583577
941,44601,39029,1337,0.0397,101877,33688,53,651,860Z200US44601,39,32716,577,580,210,16085,822,5901,877,3620,423,22724,792,0.03605844,0.007857109,0.180370461,0.016180568,0.15930294,0.010800835
942,44601,39151,31079,0.9226,374853,33688,63,651,860Z200US44601,39,32716,577,580,210,16085,822,5901,877,3620,423,22724,792,0.03605844,0.007857109,0.180370461,0.016180568,0.15930294,0.010800835
943,44601,39099,1272,0.0378,228614,33688,65,651,860Z200US44601,39,32716,577,580,210,16085,822,5901,877,3620,423,22724,792,0.03605844,0.007857109,0.180370461,0.016180568,0.15930294,0.010800835
944,44606,39169,8218,1,116894,8218,64,652,860Z200US44606,39,8180,719,89,63,3781,464,520,171,389,108,4496,398,0.023538746,0.009975656,0.063569682,0.012245625,0.086521352,0.013840477
946,44608,39157,424,0.1602,93263,2646,48,654,860Z200US44608,39,2610,511,67,71,1396,314,420,384,78,47,1652,300,0.047994269,0.030213199,0.16091954,0.087363849,0.047215496,0.016490929
947,44608,39151,2222,0.8398,374853,2646,63,654,860Z200US44608,39,2610,511,67,71,1396,314,420,384,78,47,1652,300,0.047994269,0.030213199,0.16091954,0.087363849,0.047215496,0.016490929
948,44609,39099,2161,0.6016,228614,3592,65,655,860Z200US44609,39,3267,441,84,57,1792,344,207,156,452,131,2533,350,0.046875,0.018546327,0.063360882,0.02855806,0.178444532,0.027636025
949,44609,39029,1431,0.3984,101877,3592,53,655,860Z200US44609,39,3267,441,84,57,1792,344,207,156,452,131,2533,350,0.046875,0.018546327,0.063360882,0.02855806,0.178444532,0.027636025
951,44611,39075,1976,0.9264,44223,2133,7,657,860Z200US44611,39,2146,573,28,45,1152,356,527,442,104,69,1406,333,0.024305556,0.023303081,0.245573159,0.118692092,0.073968706,0.027867431
952,44611,39169,157,0.0736,116894,2133,64,657,860Z200US44611,39,2146,573,28,45,1152,356,527,442,104,69,1406,333,0.024305556,0.023303081,0.245573159,0.118692092,0.073968706,0.027867431
953,44612,39151,225,0.0413,374853,5443,63,658,860Z200US44612,39,5450,493,63,50,2840,293,262,89,1135,203,3959,353,0.022183099,0.010611701,0.048073394,0.009568765,0.286688558,0.027020948
954,44612,39157,5218,0.9587,93263,5443,48,658,860Z200US44612,39,5450,493,63,50,2840,293,262,89,1135,203,3959,353,0.022183099,0.010611701,0.048073394,0.009568765,0.286688558,0.027020948
955,44613,39151,1998,1,374853,1998,63,659,860Z200US44613,39,1958,455,23,20,902,243,161,104,132,56,1488,311,0.025498891,0.012815803,0.082226762,0.03012732,0.088709677,0.019909046
956,44614,39151,12715,0.984,374853,12922,63,660,860Z200US44614,39,13241,551,448,286,7257,606,1114,390,2882,489,9669,612,0.061733499,0.02375174,0.084132618,0.01777821,0.298065984,0.028524824
957,44614,39169,9,7.00E-04,116894,12922,64,660,860Z200US44614,39,13241,551,448,286,7257,606,1114,390,2882,489,9669,612,0.061733499,0.02375174,0.084132618,0.01777821,0.298065984,0.028524824
958,44614,39153,198,0.0153,540428,12922,59,660,860Z200US44614,39,13241,551,448,286,7257,606,1114,390,2882,489,9669,612,0.061733499,0.02375174,0.084132618,0.01777821,0.298065984,0.028524824
959,44615,39019,10557,1,26721,10557,52,661,860Z200US44615,39,9559,688,155,81,4481,458,1233,524,766,188,6953,450,0.034590493,0.010776418,0.128988388,0.032842299,0.110168273,0.015855102
960,44618,39151,442,0.0617,374853,7159,63,662,860Z200US44618,39,7641,496,39,26,3443,339,684,323,1168,196,4633,297,0.011327331,0.004540268,0.089517079,0.025453291,0.252104468,0.023766932
961,44618,39169,6717,0.9383,116894,7159,64,662,860Z200US44618,39,7641,496,39,26,3443,339,684,323,1168,196,4633,297,0.011327331,0.004540268,0.089517079,0.025453291,0.252104468,0.023766932
964,44620,39019,1428,1,26721,1428,52,664,860Z200US44620,39,1661,430,18,17,790,238,118,67,111,57,1284,312,0.02278481,0.012398063,0.071041541,0.021824025,0.086448598,0.02377386
965,44621,39019,58,0.0126,26721,4606,52,665,860Z200US44621,39,4955,518,249,135,2383,299,999,365,338,94,3277,294,0.104490138,0.033503548,0.201614531,0.042907748,0.103143119,0.01650528
966,44621,39067,200,0.0434,14483,4606,50,665,860Z200US44621,39,4955,518,249,135,2383,299,999,365,338,94,3277,294,0.104490138,0.033503548,0.201614531,0.042907748,0.103143119,0.01650528
967,44621,39157,4348,0.944,93263,4606,48,665,860Z200US44621,39,4955,518,249,135,2383,299,999,365,338,94,3277,294,0.104490138,0.033503548,0.201614531,0.042907748,0.103143119,0.01650528
968,44622,39157,18921,1,93263,18921,48,666,860Z200US44622,39,18549,465,500,175,9413,571,2030,602,3734,487,12626,545,0.053118028,0.01113067,0.109439862,0.019658609,0.295738951,0.022126145
969,44624,39075,2938,0.5028,44223,5843,7,667,860Z200US44624,39,6574,887,211,244,3217,545,328,205,151,74,3509,552,0.065589058,0.045610165,0.04989352,0.018509505,0.043032203,0.012141413
970,44624,39157,2188,0.3745,93263,5843,48,667,860Z200US44624,39,6574,887,211,244,3217,545,328,205,151,74,3509,552,0.065589058,0.045610165,0.04989352,0.018509505,0.043032203,0.012141413
971,44624,39169,674,0.1154,116894,5843,64,667,860Z200US44624,39,6574,887,211,244,3217,545,328,205,151,74,3509,552,0.065589058,0.045610165,0.04989352,0.018509505,0.043032203,0.012141413
972,44624,39151,43,0.0074,374853,5843,63,667,860Z200US44624,39,6574,887,211,244,3217,545,328,205,151,74,3509,552,0.065589058,0.045610165,0.04989352,0.018509505,0.043032203,0.012141413
973,44625,39019,202,0.1528,26721,1322,52,668,860Z200US44625,39,1039,347,39,47,607,264,19,33,48,52,694,261,0.064250412,0.043897674,0.018286814,0.018947473,0.069164265,0.04271618
974,44625,39029,1120,0.8472,101877,1322,53,668,860Z200US44625,39,1039,347,39,47,607,264,19,33,48,52,694,261,0.064250412,0.043897674,0.018286814,0.018947473,0.069164265,0.04271618
975,44626,39151,2936,0.98,374853,2996,63,669,860Z200US44626,39,2771,256,153,106,1468,236,95,62,385,113,2182,240,0.104223433,0.04269678,0.034283652,0.013464608,0.17644363,0.029187505
976,44626,39157,60,0.02,93263,2996,48,669,860Z200US44626,39,2771,256,153,106,1468,236,95,62,385,113,2182,240,0.104223433,0.04269678,0.034283652,0.013464608,0.17644363,0.029187505
977,44627,39075,3409,0.4432,44223,7692,7,670,860Z200US44627,39,6917,776,3,5,3157,423,650,362,177,66,3567,457,0.000950269,0.000959669,0.093971375,0.031162306,0.049621531,0.010563203
978,44627,39169,4283,0.5568,116894,7692,64,670,860Z200US44627,39,6917,776,3,5,3157,423,650,362,177,66,3567,457,0.000950269,0.000959669,0.093971375,0.031162306,0.049621531,0.010563203
979,44628,39075,878,0.7846,44223,1119,7,671,860Z200US44628,39,1182,307,16,16,718,213,23,22,77,59,804,199,0.022284123,0.012936766,0.019458545,0.010889496,0.095771144,0.042218271
980,44628,39083,241,0.2154,62721,1119,5,671,860Z200US44628,39,1182,307,16,16,718,213,23,22,77,59,804,199,0.022284123,0.012936766,0.019458545,0.010889496,0.095771144,0.042218271
981,44629,39157,2126,1,93263,2126,48,672,860Z200US44629,39,2911,540,40,34,1575,406,121,72,310,159,2074,411,0.025396825,0.012504957,0.041566472,0.014286415,0.149469624,0.042984942
983,44632,39151,9548,0.9503,374853,10047,63,674,860Z200US44632,39,10766,1252,227,126,5218,595,556,262,2028,269,7077,580,0.043503258,0.014366053,0.051644065,0.014336263,0.286562103,0.018168379
984,44632,39133,499,0.0497,161791,10047,62,674,860Z200US44632,39,10766,1252,227,126,5218,595,556,262,2028,269,7077,580,0.043503258,0.014366053,0.051644065,0.014336263,0.286562103,0.018168379
985,44633,39075,2565,1,44223,2565,7,675,860Z200US44633,39,2377,423,0,12,1004,234,73,63,172,100,1498,336,0,0.00726577,0.03071098,0.015765598,0.11481976,0.037439373
986,44634,39151,470,0.2356,374853,1995,63,676,860Z200US44634,39,1886,372,58,38,1094,290,78,53,120,58,1467,284,0.053016453,0.019309956,0.04135737,0.016347582,0.081799591,0.022022199
987,44634,39029,1525,0.7644,101877,1995,53,676,860Z200US44634,39,1886,372,58,38,1094,290,78,53,120,58,1467,284,0.053016453,0.019309956,0.04135737,0.016347582,0.081799591,0.022022199
988,44637,39075,2207,0.9056,44223,2437,7,677,860Z200US44637,39,2363,447,80,48,1353,251,382,174,127,55,1654,294,0.059127864,0.020509651,0.161658908,0.040720327,0.076783555,0.018433252
989,44637,39031,230,0.0944,36612,2437,6,677,860Z200US44637,39,2363,447,80,48,1353,251,382,174,127,55,1654,294,0.059127864,0.020509651,0.161658908,0.040720327,0.076783555,0.018433252
990,44638,39169,110,0.0707,116894,1555,64,678,860Z200US44638,39,1042,426,0,12,482,233,47,46,86,54,612,226,0,0.015134508,0.045105566,0.024382941,0.140522876,0.043381612
991,44638,39005,245,0.1576,52447,1555,11,678,860Z200US44638,39,1042,426,0,12,482,233,47,46,86,54,612,226,0,0.015134508,0.045105566,0.024382941,0.140522876,0.043381612
992,44638,39075,1200,0.7717,44223,1555,7,678,860Z200US44638,39,1042,426,0,12,482,233,47,46,86,54,612,226,0,0.015134508,0.045105566,0.024382941,0.140522876,0.043381612
995,44641,39151,20399,1,374853,20399,63,681,860Z200US44641,39,19901,628,211,90,9927,584,1405,419,3219,395,13820,533,0.021255163,0.005458686,0.070599467,0.012727062,0.2329233,0.016494442
996,44643,39019,701,0.2178,26721,3218,52,682,860Z200US44643,39,3635,592,21,16,1376,236,330,198,476,163,2667,374,0.015261628,0.00688721,0.090784044,0.031869562,0.17847769,0.033895212
997,44643,39157,966,0.3002,93263,3218,48,682,860Z200US44643,39,3635,592,21,16,1376,236,330,198,476,163,2667,374,0.015261628,0.00688721,0.090784044,0.031869562,0.17847769,0.033895212
998,44643,39151,1551,0.482,374853,3218,63,682,860Z200US44643,39,3635,592,21,16,1376,236,330,198,476,163,2667,374,0.015261628,0.00688721,0.090784044,0.031869562,0.17847769,0.033895212
999,44644,39019,4378,1,26721,4378,52,683,860Z200US44644,39,4639,406,18,18,2010,342,708,324,701,205,3370,297,0.008955224,0.005364524,0.152619099,0.041673865,0.208011869,0.035260056
1000,44645,39153,26,0.0097,540428,2670,59,684,860Z200US44645,39,2826,316,64,40,1501,202,72,46,483,109,1918,210,0.042638241,0.015819935,0.025477707,0.009742357,0.251824818,0.030208753
1001,44645,39151,36,0.0135,374853,2670,63,684,860Z200US44645,39,2826,316,64,40,1501,202,72,46,483,109,1918,210,0.042638241,0.015819935,0.025477707,0.009742357,0.251824818,0.030208753
1002,44645,39169,2608,0.9768,116894,2670,64,684,860Z200US44645,39,2826,316,64,40,1501,202,72,46,483,109,1918,210,0.042638241,0.015819935,0.025477707,0.009742357,0.251824818,0.030208753
1003,44646,39151,47973,1,374853,47973,63,685,860Z200US44646,39,48507,1643,923,243,24661,1279,5653,1116,8303,728,34085,1237,0.037427517,0.005872662,0.116539881,0.013778619,0.24359689,0.011819371
1004,44647,39151,18368,1,374853,18368,63,686,860Z200US44647,39,17810,884,279,113,9580,575,1854,406,1892,320,13274,742,0.029123173,0.007091287,0.104098821,0.013497201,0.142534278,0.013831356
1005,44651,39019,765,1,26721,765,52,687,860Z200US44651,39,1026,492,0,12,442,193,0,12,36,39,619,287,0,0.016504147,0,0.007109974,0.05815832,0.034615727
1006,44652,39151,542,1,374853,542,63,688,860Z200US44652,39,554,218,0,12,310,144,95,117,60,68,349,121,0,0.023531719,0.171480144,0.121654285,0.171919771,0.112766789
1007,44653,39157,632,1,93263,632,48,689,860Z200US44653,39,752,183,16,17,351,103,52,30,47,28,478,100,0.045584046,0.028297393,0.069148936,0.021988414,0.09832636,0.033341525
1008,44654,39075,20131,0.9767,44223,20612,7,690,860Z200US44654,39,20163,796,248,190,9608,501,1647,457,1806,321,12286,500,0.025811823,0.011993514,0.081684273,0.013638116,0.146996581,0.015460917
1009,44654,39031,481,0.0233,36612,20612,6,690,860Z200US44654,39,20163,796,248,190,9608,501,1647,457,1806,321,12286,500,0.025811823,0.011993514,0.081684273,0.013638116,0.146996581,0.015460917
1010,44656,39157,2522,0.9633,93263,2618,48,691,860Z200US44656,39,2542,532,61,67,1232,290,424,239,355,149,1864,409,0.049512987,0.032291528,0.166797797,0.053069838,0.190450644,0.041424012
1011,44656,39019,96,0.0367,26721,2618,52,691,860Z200US44656,39,2542,532,61,67,1232,290,424,239,355,149,1864,409,0.049512987,0.032291528,0.166797797,0.053069838,0.190450644,0.041424012
1012,44657,39019,3358,0.3386,26721,9916,52,692,860Z200US44657,39,9682,656,343,212,4989,503,1671,529,775,238,7093,543,0.068751253,0.025485911,0.172588308,0.032444651,0.109262653,0.019753748
1013,44657,39151,4678,0.4718,374853,9916,63,692,860Z200US44657,39,9682,656,343,212,4989,503,1671,529,775,238,7093,543,0.068751253,0.025485911,0.172588308,0.032444651,0.109262653,0.019753748
1014,44657,39029,1880,0.1896,101877,9916,53,692,860Z200US44657,39,9682,656,343,212,4989,503,1671,529,775,238,7093,543,0.068751253,0.025485911,0.172588308,0.032444651,0.109262653,0.019753748
1018,44662,39151,8952,0.9362,374853,9562,63,696,860Z200US44662,39,10389,791,145,68,4342,446,1246,415,1155,201,7300,441,0.033394749,0.009289183,0.119934546,0.02364034,0.158219178,0.015697269
1019,44662,39169,610,0.0638,116894,9562,64,696,860Z200US44662,39,10389,791,145,68,4342,446,1246,415,1155,201,7300,441,0.033394749,0.009289183,0.119934546,0.02364034,0.158219178,0.015697269
1020,44663,39157,25601,1,93263,25601,48,697,860Z200US44663,39,24924,520,343,111,12559,571,3120,598,4080,556,18065,504,0.027311092,0.005319528,0.125180549,0.014498705,0.225851093,0.01831358
1022,44666,39151,2509,0.8549,374853,2935,63,699,860Z200US44666,39,2638,463,55,46,1543,325,108,165,413,101,1862,311,0.035644848,0.017538717,0.040940106,0.03777099,0.221804511,0.024085595
1023,44666,39169,426,0.1451,116894,2935,64,699,860Z200US44666,39,2638,463,55,46,1543,325,108,165,413,101,1862,311,0.035644848,0.017538717,0.040940106,0.03777099,0.221804511,0.024085595
1024,44667,39169,13723,1,116894,13723,64,700,860Z200US44667,39,13414,551,180,82,6452,384,1360,363,2077,285,8774,379,0.027898326,0.007659762,0.101386611,0.016254652,0.236722134,0.018742176
1025,44669,39151,1454,1,374853,1454,63,701,860Z200US44669,39,1925,463,10,15,1114,363,131,111,214,93,1290,307,0.008976661,0.007989932,0.068051948,0.033611248,0.165891473,0.036670018
1028,44672,39099,4589,1,228614,4589,65,704,860Z200US44672,39,4781,213,203,95,2021,252,732,303,583,157,3710,241,0.100445324,0.027542348,0.153106045,0.038302566,0.157142857,0.024965613
1029,44675,39157,358,0.1894,93263,1890,48,705,860Z200US44675,39,2245,548,59,45,1040,340,284,200,343,187,1702,408,0.056730769,0.023764644,0.126503341,0.050798787,0.201527615,0.059987845
1030,44675,39019,1532,0.8106,26721,1890,52,705,860Z200US44675,39,2245,548,59,45,1040,340,284,200,343,187,1702,408,0.056730769,0.023764644,0.126503341,0.050798787,0.201527615,0.059987845
1031,44676,39169,3720,0.7797,116894,4771,64,706,860Z200US44676,39,5750,903,89,64,2391,269,772,384,645,142,3513,242,0.037222919,0.01607138,0.13426087,0.038520836,0.183603757,0.023338329
1032,44676,39075,1051,0.2203,44223,4771,7,706,860Z200US44676,39,5750,903,89,64,2391,269,772,384,645,142,3513,242,0.037222919,0.01607138,0.13426087,0.038520836,0.183603757,0.023338329
1033,44677,39169,2805,1,116894,2805,64,707,860Z200US44677,39,2699,428,48,46,1254,226,199,98,459,103,1956,323,0.038277512,0.021901589,0.073731011,0.020897122,0.234662577,0.021675067
1035,44680,39157,4255,1,93263,4255,48,709,860Z200US44680,39,4041,506,80,83,1935,308,406,178,624,150,3078,406,0.041343669,0.02576671,0.100470181,0.025661856,0.202729045,0.024766592
1036,44681,39075,2984,0.3705,44223,8053,7,710,860Z200US44681,39,9244,597,68,87,4619,426,248,134,555,144,5164,378,0.014721801,0.011420209,0.026828213,0.008748918,0.107474826,0.016262991
1037,44681,39157,5069,0.6295,93263,8053,48,710,860Z200US44681,39,9244,597,68,87,4619,426,248,134,555,144,5164,378,0.014721801,0.011420209,0.026828213,0.008748918,0.107474826,0.016262991
1038,44682,39157,1041,1,93263,1041,48,711,860Z200US44682,39,1198,274,20,21,642,170,129,90,131,77,784,181,0.031152648,0.019241961,0.107679466,0.043145104,0.167091837,0.054906556
1039,44683,39067,449,0.054,14483,8313,50,712,860Z200US44683,39,7461,445,265,109,3778,432,1355,443,561,138,4820,406,0.070142933,0.016847403,0.181611044,0.035488766,0.116390041,0.0163525
1040,44683,39157,7864,0.946,93263,8313,48,712,860Z200US44683,39,7461,445,265,109,3778,432,1355,443,561,138,4820,406,0.070142933,0.016847403,0.181611044,0.035488766,0.116390041,0.0163525
1041,44685,39153,15457,0.5329,540428,29008,59,713,860Z200US44685,39,28875,1690,476,179,14480,942,1122,433,8474,742,20245,1198,0.032872928,0.007401515,0.038857143,0.009010464,0.418572487,0.016422273
1042,44685,39151,13551,0.4671,374853,29008,63,713,860Z200US44685,39,28875,1690,476,179,14480,942,1122,433,8474,742,20245,1198,0.032872928,0.007401515,0.038857143,0.009010464,0.418572487,0.016422273
1044,44688,39019,274,0.0926,26721,2958,52,715,860Z200US44688,39,2979,261,58,30,1339,183,501,143,106,48,2201,218,0.043315907,0.013135882,0.168177241,0.027772245,0.048159927,0.012936297
1045,44688,39151,2684,0.9074,374853,2958,63,715,860Z200US44688,39,2979,261,58,30,1339,183,501,143,106,48,2201,218,0.043315907,0.013135882,0.168177241,0.027772245,0.048159927,0.012936297
1046,44689,39151,309,0.5273,374853,586,63,716,860Z200US44689,39,498,202,1,3,223,90,33,48,11,18,243,85,0.004484305,0.008103722,0.06626506,0.05626866,0.04526749,0.043988991
1047,44689,39075,277,0.4727,44223,586,7,716,860Z200US44689,39,498,202,1,3,223,90,33,48,11,18,243,85,0.004484305,0.008103722,0.06626506,0.05626866,0.04526749,0.043988991
1049,44691,39169,44630,0.9992,116894,44666,64,718,860Z200US44691,39,44775,667,933,229,22910,766,3822,729,9070,724,30278,693,0.040724574,0.006019731,0.085360134,0.00986728,0.299557434,0.013925668
1050,44691,39005,36,8.00E-04,52447,44666,11,718,860Z200US44691,39,44775,667,933,229,22910,766,3822,729,9070,724,30278,693,0.040724574,0.006019731,0.085360134,0.00986728,0.299557434,0.013925668
1052,44695,39019,501,0.41,26721,1222,52,720,860Z200US44695,39,1371,339,42,36,441,126,248,147,70,39,988,243,0.095238095,0.046786628,0.180889861,0.059237862,0.070850202,0.0215314
1053,44695,39067,721,0.59,14483,1222,50,720,860Z200US44695,39,1371,339,42,36,441,126,248,147,70,39,988,243,0.095238095,0.046786628,0.180889861,0.059237862,0.070850202,0.0215314
1054,44697,39157,260,1,93263,260,48,721,860Z200US44697,39,266,129,0,12,109,60,17,26,51,31,209,108,0,0.066925072,0.063909774,0.056352754,0.244019139,0.047479528
1055,44699,39157,260,0.286,93263,909,48,722,860Z200US44699,39,704,214,8,13,195,88,34,30,76,52,521,153,0.041025641,0.0389327,0.048295455,0.024319137,0.145873321,0.054800844
1056,44699,39067,649,0.714,14483,909,50,722,860Z200US44699,39,704,214,8,13,195,88,34,30,76,52,521,153,0.041025641,0.0389327,0.048295455,0.024319137,0.145873321,0.054800844
1057,44702,39151,1086,1,374853,1086,63,723,860Z200US44702,39,1049,196,96,48,334,144,461,154,94,43,840,145,0.28742515,0.044244217,0.439466158,0.073978995,0.111904762,0.028818196
1058,44703,39151,8015,1,374853,8015,63,724,860Z200US44703,39,8670,972,500,179,3899,508,3163,768,842,248,5311,563,0.12823801,0.025994468,0.364821223,0.0477651,0.158538882,0.026484104
1059,44704,39151,3723,1,374853,3723,63,725,860Z200US44704,39,3484,548,253,128,1545,296,1124,401,185,88,2136,354,0.163754045,0.046612753,0.322617681,0.062800889,0.086610487,0.023475435
1060,44705,39151,17779,1,374853,17779,63,726,860Z200US44705,39,18179,1424,734,258,7654,884,5201,1080,1013,226,11307,837,0.09589757,0.019353364,0.286099345,0.033446868,0.089590519,0.011462189
1061,44706,39151,16972,1,374853,16972,63,727,860Z200US44706,39,16316,1319,264,111,8446,827,3151,842,1256,263,11568,762,0.0312574,0.007769586,0.193123315,0.029901242,0.10857538,0.013119084
1062,44707,39151,9163,1,374853,9163,63,728,860Z200US44707,39,8798,1137,184,108,3849,539,2888,645,425,191,5622,620,0.047804625,0.016564719,0.328256422,0.036347561,0.075595873,0.020021224
1063,44708,39151,25386,1,374853,25386,63,729,860Z200US44708,39,24858,1345,460,153,12528,763,2721,507,4740,477,18248,940,0.036717752,0.007298578,0.109461743,0.011864425,0.259754494,0.013650785
1064,44709,39151,18509,1,374853,18509,63,730,860Z200US44709,39,18343,1379,486,204,9505,950,2865,754,3542,497,13235,1051,0.051130984,0.012671788,0.156190372,0.023946984,0.267623725,0.018820395
1065,44710,39151,9309,1,374853,9309,63,731,860Z200US44710,39,8707,955,226,117,4172,457,1551,457,768,255,6231,567,0.054170662,0.016662094,0.178132537,0.029613683,0.123254694,0.023925541
1066,44714,39151,8923,1,374853,8923,63,732,860Z200US44714,39,9977,1228,411,208,5092,834,1309,481,1372,327,6659,615,0.080714847,0.023495443,0.131201764,0.027614502,0.206036942,0.027519608
1067,44718,39151,12607,1,374853,12607,63,733,860Z200US44718,39,12302,1035,185,113,6139,614,697,277,3983,503,9142,778,0.030135201,0.011038582,0.056657454,0.013377705,0.43568147,0.024712307
1068,44720,39153,3463,0.085,540428,40744,59,734,860Z200US44720,39,39942,1511,544,172,21149,1029,2679,601,11712,885,28413,1126,0.025722256,0.004885046,0.067072255,0.009016013,0.41220568,0.016121783
1069,44720,39151,37281,0.915,374853,40744,63,734,860Z200US44720,39,39942,1511,544,172,21149,1029,2679,601,11712,885,28413,1126,0.025722256,0.004885046,0.067072255,0.009016013,0.41220568,0.016121783
1070,44721,39151,13432,1,374853,13432,63,735,860Z200US44721,39,13967,1091,258,132,7644,807,740,308,3889,529,9926,712,0.033751962,0.010271616,0.052982029,0.013167264,0.391799315,0.027526997
1071,44730,39151,5851,0.9875,374853,5925,63,736,860Z200US44730,39,6071,398,69,53,2833,368,441,222,795,223,4181,326,0.024355807,0.011208892,0.072640422,0.022040047,0.190145898,0.031145592
1072,44730,39019,74,0.0125,26721,5925,52,736,860Z200US44730,39,6071,398,69,53,2833,368,441,222,795,223,4181,326,0.024355807,0.011208892,0.072640422,0.022040047,0.190145898,0.031145592
1073,44802,39063,445,0.4694,74920,948,29,737,860Z200US44802,39,956,250,0,12,495,125,76,59,66,33,712,172,0,0.014737036,0.079497908,0.035324379,0.092696629,0.024668567
1074,44802,39147,503,0.5306,55069,948,27,737,860Z200US44802,39,956,250,0,12,495,125,76,59,66,33,712,172,0,0.014737036,0.079497908,0.035324379,0.092696629,0.024668567
1075,44804,39063,1127,1,74920,1127,29,738,860Z200US44804,39,1626,498,4,6,679,235,64,53,290,165,945,239,0.005891016,0.005226804,0.039360394,0.018409836,0.306878307,0.095079081
1076,44805,39005,30741,0.9841,52447,31238,11,739,860Z200US44805,39,31447,898,563,207,15487,662,3881,967,5053,511,20633,632,0.03635307,0.008070159,0.123413998,0.018569929,0.244898948,0.014348197
1077,44805,39139,497,0.0159,124936,31238,12,739,860Z200US44805,39,31447,898,563,207,15487,662,3881,967,5053,511,20633,632,0.03635307,0.008070159,0.123413998,0.018569929,0.244898948,0.014348197
1078,44807,39077,225,0.0994,58565,2264,66,740,860Z200US44807,39,2049,375,11,12,1125,244,186,86,281,107,1519,262,0.009777778,0.00635485,0.090775988,0.023430812,0.184990125,0.038176391
1079,44807,39147,2039,0.9006,55069,2264,27,740,860Z200US44807,39,2049,375,11,12,1125,244,186,86,281,107,1519,262,0.009777778,0.00635485,0.090775988,0.023430812,0.184990125,0.038176391
1081,44811,39147,1197,0.0943,55069,12698,27,742,860Z200US44811,39,12665,598,288,112,6332,546,1670,433,1400,257,8966,509,0.04548326,0.01048489,0.131859455,0.020435888,0.156145438,0.016570659
1082,44811,39043,664,0.0523,75622,12698,35,742,860Z200US44811,39,12665,598,288,112,6332,546,1670,433,1400,257,8966,509,0.04548326,0.01048489,0.131859455,0.020435888,0.156145438,0.016570659
1083,44811,39077,4742,0.3734,58565,12698,66,742,860Z200US44811,39,12665,598,288,112,6332,546,1670,433,1400,257,8966,509,0.04548326,0.01048489,0.131859455,0.020435888,0.156145438,0.016570659
1084,44811,39143,6095,0.48,58896,12698,32,742,860Z200US44811,39,12665,598,288,112,6332,546,1670,433,1400,257,8966,509,0.04548326,0.01048489,0.131859455,0.020435888,0.156145438,0.016570659
1085,44813,39139,7018,0.873,124936,8039,12,743,860Z200US44813,39,8121,602,85,60,4047,459,572,183,1035,201,5485,418,0.021003212,0.008895545,0.070434676,0.013325798,0.188696445,0.020489987
1086,44813,39117,717,0.0892,34950,8039,4,743,860Z200US44813,39,8121,602,85,60,4047,459,572,183,1035,201,5485,418,0.021003212,0.008895545,0.070434676,0.013325798,0.188696445,0.020489987
1087,44813,39083,304,0.0378,62721,8039,5,743,860Z200US44813,39,8121,602,85,60,4047,459,572,183,1035,201,5485,418,0.021003212,0.008895545,0.070434676,0.013325798,0.188696445,0.020489987
1088,44814,39043,2750,1,75622,2750,35,744,860Z200US44814,39,2242,419,18,19,1022,253,182,117,410,191,1570,315,0.017612524,0.010986321,0.08117752,0.030353602,0.261146497,0.066744543
1089,44815,39147,679,1,55069,679,27,745,860Z200US44815,39,811,231,8,13,400,118,77,55,41,26,486,112,0.02,0.019428556,0.094944513,0.03780681,0.08436214,0.030298074
1090,44817,39173,1283,0.9365,132248,1370,31,746,860Z200US44817,39,1301,205,16,15,697,151,94,65,233,84,866,132,0.022955524,0.012728455,0.072252114,0.029572725,0.269053118,0.053435648
1091,44817,39063,87,0.0635,74920,1370,29,746,860Z200US44817,39,1301,205,16,15,697,151,94,65,233,84,866,132,0.022955524,0.012728455,0.072252114,0.029572725,0.269053118,0.053435648
1092,44818,39147,1705,0.7107,55069,2399,27,747,860Z200US44818,39,2279,410,69,51,1177,231,137,57,269,80,1625,324,0.058623619,0.025395163,0.060114085,0.013709388,0.165538462,0.022205384
1093,44818,39033,694,0.2893,42025,2399,24,747,860Z200US44818,39,2279,410,69,51,1177,231,137,57,269,80,1625,324,0.058623619,0.025395163,0.060114085,0.013709388,0.165538462,0.022205384
1094,44820,39175,16,9.00E-04,21900,17114,28,748,860Z200US44820,39,17088,577,463,173,8255,498,2498,543,1621,295,11895,525,0.05608722,0.012572673,0.146184457,0.019082651,0.136275746,0.014626096
1095,44820,39033,17098,0.9991,42025,17114,24,748,860Z200US44820,39,17088,577,463,173,8255,498,2498,543,1621,295,11895,525,0.05608722,0.012572673,0.146184457,0.019082651,0.136275746,0.014626096
1096,44822,39083,1087,0.3168,62721,3431,5,749,860Z200US44822,39,3365,739,7,7,1471,285,264,213,302,102,2014,387,0.004758668,0.002837993,0.078454681,0.037026504,0.149950348,0.025319245
1097,44822,39139,2344,0.6832,124936,3431,12,749,860Z200US44822,39,3365,739,7,7,1471,285,264,213,302,102,2014,387,0.004758668,0.002837993,0.078454681,0.037026504,0.149950348,0.025319245
1098,44824,39043,3780,0.9737,75622,3882,35,750,860Z200US44824,39,4008,495,86,77,2056,389,516,319,624,175,2650,334,0.041828794,0.022252657,0.128742515,0.047408173,0.235471698,0.035862036
1099,44824,39143,102,0.0263,58896,3882,32,750,860Z200US44824,39,4008,495,86,77,2056,389,516,319,624,175,2650,334,0.041828794,0.022252657,0.128742515,0.047408173,0.235471698,0.035862036
1101,44826,39043,151,0.0934,75622,1617,35,752,860Z200US44826,39,1250,345,0,12,621,191,39,62,138,82,908,249,0,0.011746913,0.0312,0.029694087,0.151982379,0.048702636
1102,44826,39077,1466,0.9066,58565,1617,66,752,860Z200US44826,39,1250,345,0,12,621,191,39,62,138,82,908,249,0,0.011746913,0.0312,0.029694087,0.151982379,0.048702636
1103,44827,39033,6265,0.8985,42025,6973,24,753,860Z200US44827,39,6945,528,144,68,3346,391,774,225,892,268,4997,549,0.043036461,0.01197003,0.111447084,0.019009018,0.178507104,0.030345163
1104,44827,39139,708,0.1015,124936,6973,12,753,860Z200US44827,39,6945,528,144,68,3346,391,774,225,892,268,4997,549,0.043036461,0.01197003,0.111447084,0.019009018,0.178507104,0.030345163
1106,44830,39173,2247,0.1218,132248,18442,31,755,860Z200US44830,39,18176,722,420,141,8636,569,2941,491,1523,244,12141,652,0.048633627,0.009732205,0.161806778,0.015950069,0.125442715,0.011510342
1107,44830,39063,3616,0.1961,74920,18442,29,755,860Z200US44830,39,18176,722,420,141,8636,569,2941,491,1523,244,12141,652,0.048633627,0.009732205,0.161806778,0.015950069,0.125442715,0.011510342
1108,44830,39147,12579,0.6821,55069,18442,27,755,860Z200US44830,39,18176,722,420,141,8636,569,2941,491,1523,244,12141,652,0.048633627,0.009732205,0.161806778,0.015950069,0.125442715,0.011510342
1109,44833,39033,13617,0.8112,42025,16786,24,756,860Z200US44833,39,16537,751,454,160,7876,525,2251,481,1719,282,11766,578,0.057643474,0.012126559,0.136119006,0.017277703,0.146098929,0.013901241
1110,44833,39117,2476,0.1475,34950,16786,4,756,860Z200US44833,39,16537,751,454,160,7876,525,2251,481,1719,282,11766,578,0.057643474,0.012126559,0.136119006,0.017277703,0.146098929,0.013901241
1111,44833,39139,539,0.0321,124936,16786,12,756,860Z200US44833,39,16537,751,454,160,7876,525,2251,481,1719,282,11766,578,0.057643474,0.012126559,0.136119006,0.017277703,0.146098929,0.013901241
1112,44833,39101,154,0.0092,65359,16786,25,756,860Z200US44833,39,16537,751,454,160,7876,525,2251,481,1719,282,11766,578,0.057643474,0.012126559,0.136119006,0.017277703,0.146098929,0.013901241
1113,44836,39143,1005,0.396,58896,2538,32,757,860Z200US44836,39,2564,441,15,17,1447,306,115,60,209,104,1767,268,0.010366275,0.007016481,0.044851794,0.013430281,0.11827957,0.034076747
1114,44836,39147,1533,0.604,55069,2538,27,757,860Z200US44836,39,2564,441,15,17,1447,306,115,60,209,104,1767,268,0.010366275,0.007016481,0.044851794,0.013430281,0.11827957,0.034076747
1115,44837,39139,861,0.1988,124936,4330,12,758,860Z200US44837,39,4707,740,118,70,2169,347,287,108,524,177,2829,406,0.054402951,0.018891912,0.060973019,0.012672493,0.185224461,0.034430723
1116,44837,39005,397,0.0917,52447,4330,11,758,860Z200US44837,39,4707,740,118,70,2169,347,287,108,524,177,2829,406,0.054402951,0.018891912,0.060973019,0.012672493,0.185224461,0.034430723
1117,44837,39077,3072,0.7095,58565,4330,66,758,860Z200US44837,39,4707,740,118,70,2169,347,287,108,524,177,2829,406,0.054402951,0.018891912,0.060973019,0.012672493,0.185224461,0.034430723
1118,44838,39005,258,1,52447,258,11,759,860Z200US44838,39,247,108,0,12,105,46,7,8,22,22,164,56,0,0.069474598,0.028340081,0.018191163,0.134146341,0.076646495
1119,44839,39043,12472,1,75622,12472,35,760,860Z200US44839,39,12766,646,339,151,6021,634,1187,413,3654,600,9656,599,0.05630294,0.014813413,0.092981357,0.019457493,0.378417564,0.034974273
1120,44840,39169,37,0.0118,116894,3137,64,761,860Z200US44840,39,3072,463,18,15,1474,310,243,143,541,169,2132,357,0.012211669,0.005986004,0.079101563,0.02735375,0.253752345,0.040679668
1121,44840,39005,3100,0.9882,52447,3137,11,761,860Z200US44840,39,3072,463,18,15,1474,310,243,143,541,169,2132,357,0.012211669,0.005986004,0.079101563,0.02735375,0.253752345,0.040679668
1122,44841,39147,597,0.7272,55069,821,27,762,860Z200US44841,39,670,291,0,12,322,146,77,59,50,39,467,188,0,0.02265476,0.114925373,0.044101108,0.107066381,0.043482952
1123,44841,39143,224,0.2728,58896,821,32,762,860Z200US44841,39,670,291,0,12,322,146,77,59,50,39,467,188,0,0.02265476,0.114925373,0.044101108,0.107066381,0.043482952
1124,44842,39005,4944,0.8761,52447,5643,11,763,860Z200US44842,39,5432,523,122,71,2675,399,460,190,654,156,3873,415,0.045607477,0.015596031,0.084683358,0.020677414,0.168861348,0.021876044
1125,44842,39075,644,0.1141,44223,5643,7,763,860Z200US44842,39,5432,523,122,71,2675,399,460,190,654,156,3873,415,0.045607477,0.015596031,0.084683358,0.020677414,0.168861348,0.021876044
1126,44842,39083,55,0.0097,62721,5643,5,763,860Z200US44842,39,5432,523,122,71,2675,399,460,190,654,156,3873,415,0.045607477,0.015596031,0.084683358,0.020677414,0.168861348,0.021876044
1127,44843,39139,2414,0.9777,124936,2469,12,764,860Z200US44843,39,2686,296,88,105,1451,208,126,84,471,166,1889,233,0.060647829,0.04367158,0.046909903,0.018749571,0.249338274,0.050042403
1128,44843,39005,55,0.0223,52447,2469,11,764,860Z200US44843,39,2686,296,88,105,1451,208,126,84,471,166,1889,233,0.060647829,0.04367158,0.046909903,0.018749571,0.249338274,0.050042403
1129,44844,39147,303,0.422,55069,718,27,765,860Z200US44844,39,712,237,0,12,390,137,43,34,117,67,462,135,0,0.0187047,0.060393258,0.026331437,0.253246753,0.075817871
1130,44844,39175,415,0.578,21900,718,28,765,860Z200US44844,39,712,237,0,12,390,137,43,34,117,67,462,135,0,0.0187047,0.060393258,0.026331437,0.253246753,0.075817871
1131,44846,39077,373,0.1123,58565,3322,66,766,860Z200US44846,39,3416,280,62,41,1632,296,218,144,607,152,2489,279,0.037990196,0.014686421,0.06381733,0.025427816,0.243873041,0.03319673
1132,44846,39043,2949,0.8877,75622,3322,35,766,860Z200US44846,39,3416,280,62,41,1632,296,218,144,607,152,2489,279,0.037990196,0.014686421,0.06381733,0.025427816,0.243873041,0.03319673
1133,44847,39043,651,0.1866,75622,3488,35,767,860Z200US44847,39,3625,503,50,30,1790,267,167,76,339,125,2491,303,0.027932961,0.009868456,0.046068966,0.012138119,0.136089924,0.028797354
1134,44847,39077,2837,0.8134,58565,3488,66,767,860Z200US44847,39,3625,503,50,30,1790,267,167,76,339,125,2491,303,0.027932961,0.009868456,0.046068966,0.012138119,0.136089924,0.028797354
1135,44849,39033,376,0.1739,42025,2162,24,768,860Z200US44849,39,2231,437,12,14,1220,235,177,81,143,72,1595,258,0.009836066,0.006880195,0.07933662,0.019946916,0.089655172,0.025986698
1136,44849,39101,49,0.0227,65359,2162,25,768,860Z200US44849,39,2231,437,12,14,1220,235,177,81,143,72,1595,258,0.009836066,0.006880195,0.07933662,0.019946916,0.089655172,0.025986698
1137,44849,39175,1737,0.8034,21900,2162,28,768,860Z200US44849,39,2231,437,12,14,1220,235,177,81,143,72,1595,258,0.009836066,0.006880195,0.07933662,0.019946916,0.089655172,0.025986698
1139,44851,39093,615,0.116,312964,5303,54,770,860Z200US44851,39,5057,373,113,112,2522,271,498,160,414,119,3626,337,0.04480571,0.026837352,0.098477358,0.018719911,0.1141754,0.018878813
1140,44851,39005,291,0.0549,52447,5303,11,770,860Z200US44851,39,5057,373,113,112,2522,271,498,160,414,119,3626,337,0.04480571,0.026837352,0.098477358,0.018719911,0.1141754,0.018878813
1141,44851,39077,4397,0.8292,58565,5303,66,770,860Z200US44851,39,5057,373,113,112,2522,271,498,160,414,119,3626,337,0.04480571,0.026837352,0.098477358,0.018719911,0.1141754,0.018878813
1142,44853,39147,1447,1,55069,1447,27,771,860Z200US44853,39,1460,206,4,4,803,145,70,43,142,49,1043,156,0.00498132,0.00297838,0.047945205,0.017425297,0.136145733,0.02573699
1143,44854,39147,62,0.0371,55069,1673,27,772,860Z200US44854,39,1501,281,4,8,805,170,87,64,152,48,1130,188,0.004968944,0.006007497,0.057961359,0.025066524,0.134513274,0.021948079
1144,44854,39033,1611,0.9629,42025,1673,24,772,860Z200US44854,39,1501,281,4,8,805,170,87,64,152,48,1130,188,0.004968944,0.006007497,0.057961359,0.025066524,0.134513274,0.021948079
1145,44855,39077,1289,1,58565,1289,66,773,860Z200US44855,39,1352,276,22,19,597,149,165,98,164,70,909,183,0.036850921,0.0185215,0.12204142,0.041379421,0.180418042,0.041278852
1147,44857,39077,23326,0.9876,58565,23619,66,775,860Z200US44857,39,23215,650,496,185,11504,551,2618,575,2896,408,16016,533,0.043115438,0.009694966,0.112771915,0.014933971,0.180819181,0.015047783
1148,44857,39043,293,0.0124,75622,23619,35,775,860Z200US44857,39,23215,650,496,185,11504,551,2618,575,2896,408,16016,533,0.043115438,0.009694966,0.112771915,0.014933971,0.180819181,0.015047783
1149,44859,39005,1696,0.9507,52447,1784,11,776,860Z200US44859,39,2108,656,0,12,1076,455,7,7,224,121,1416,361,0,0.006779584,0.003320683,0.001918418,0.15819209,0.045797021
1150,44859,39093,88,0.0493,312964,1784,54,776,860Z200US44859,39,2108,656,0,12,1076,455,7,7,224,121,1416,361,0,0.006779584,0.003320683,0.001918418,0.15819209,0.045797021
1152,44864,39139,683,0.2146,124936,3182,12,778,860Z200US44864,39,3133,488,68,49,1513,246,218,102,358,167,2398,402,0.04494382,0.019179821,0.06958187,0.018662417,0.149291076,0.039506961
1153,44864,39005,2499,0.7854,52447,3182,11,778,860Z200US44864,39,3133,488,68,49,1513,246,218,102,358,167,2398,402,0.04494382,0.019179821,0.06958187,0.018662417,0.149291076,0.039506961
1154,44865,39139,1558,0.4924,124936,3164,12,779,860Z200US44865,39,3302,594,128,80,1560,309,354,140,420,160,2349,412,0.082051282,0.029567493,0.107207753,0.022953446,0.178799489,0.036757058
1155,44865,39033,38,0.012,42025,3164,24,779,860Z200US44865,39,3302,594,128,80,1560,309,354,140,420,160,2349,412,0.082051282,0.029567493,0.107207753,0.022953446,0.178799489,0.036757058
1156,44865,39077,1568,0.4956,58565,3164,66,779,860Z200US44865,39,3302,594,128,80,1560,309,354,140,420,160,2349,412,0.082051282,0.029567493,0.107207753,0.022953446,0.178799489,0.036757058
1157,44866,39005,2372,1,52447,2372,11,780,860Z200US44866,39,2332,603,116,124,982,275,589,394,251,122,1446,293,0.118126273,0.074080752,0.252572899,0.09472372,0.173582296,0.04661983
1158,44867,39147,2280,1,55069,2280,27,781,860Z200US44867,39,2640,415,139,97,1417,241,504,342,241,81,1571,201,0.098094566,0.040358838,0.190909091,0.076608782,0.153405474,0.028983337
1159,44870,39043,40416,1,75622,40416,35,782,860Z200US44870,39,40067,518,1526,338,20243,707,5852,760,6564,670,28397,579,0.075384083,0.010023251,0.146055357,0.011473561,0.231151178,0.014053811
1161,44875,39033,110,0.0079,42025,13900,24,784,860Z200US44875,39,13835,281,232,151,6194,463,1632,509,1460,275,9434,426,0.037455602,0.014721655,0.117961691,0.022317722,0.154759381,0.017203535
1162,44875,39139,13790,0.9921,124936,13900,12,784,860Z200US44875,39,13835,281,232,151,6194,463,1632,509,1460,275,9434,426,0.037455602,0.014721655,0.117961691,0.022317722,0.154759381,0.017203535
1163,44878,39077,139,0.0431,58565,3223,66,785,860Z200US44878,39,3146,555,17,15,1366,237,180,130,173,91,1888,305,0.012445095,0.006545038,0.057215512,0.02435902,0.091631356,0.027884369
1164,44878,39005,86,0.0267,52447,3223,11,785,860Z200US44878,39,3146,555,17,15,1366,237,180,130,173,91,1888,305,0.012445095,0.006545038,0.057215512,0.02435902,0.091631356,0.027884369
1165,44878,39139,2998,0.9302,124936,3223,12,785,860Z200US44878,39,3146,555,17,15,1366,237,180,130,173,91,1888,305,0.012445095,0.006545038,0.057215512,0.02435902,0.091631356,0.027884369
1166,44880,39093,221,0.0758,312964,2914,54,786,860Z200US44880,39,3176,322,0,12,1617,293,278,234,273,164,2469,211,0,0.004511338,0.087531486,0.044462718,0.110571081,0.039968443
1167,44880,39005,2682,0.9204,52447,2914,11,786,860Z200US44880,39,3176,322,0,12,1617,293,278,234,273,164,2469,211,0,0.004511338,0.087531486,0.044462718,0.110571081,0.039968443
1168,44880,39103,11,0.0038,182470,2914,61,786,860Z200US44880,39,3176,322,0,12,1617,293,278,234,273,164,2469,211,0,0.004511338,0.087531486,0.044462718,0.110571081,0.039968443
1170,44882,39147,146,0.0558,55069,2617,27,788,860Z200US44882,39,2381,336,34,27,1261,199,100,48,381,111,1812,243,0.026962728,0.012756553,0.04199916,0.011713488,0.210264901,0.033059303
1171,44882,39033,583,0.2228,42025,2617,24,788,860Z200US44882,39,2381,336,34,27,1261,199,100,48,381,111,1812,243,0.026962728,0.012756553,0.04199916,0.011713488,0.210264901,0.033059303
1172,44882,39175,1888,0.7214,21900,2617,28,788,860Z200US44882,39,2381,336,34,27,1261,199,100,48,381,111,1812,243,0.026962728,0.012756553,0.04199916,0.011713488,0.210264901,0.033059303
1173,44883,39147,28690,1,55069,28690,27,789,860Z200US44883,39,28667,528,631,165,14792,549,2806,572,4706,419,19552,447,0.042658194,0.006712308,0.097882583,0.012080026,0.240691489,0.01259058
1174,44887,39033,958,1,42025,958,24,790,860Z200US44887,39,1048,369,7,7,478,173,31,26,134,104,631,199,0.014644351,0.008298828,0.029580153,0.013688197,0.212361331,0.091548457
1175,44889,39077,4227,0.6307,58565,6702,66,791,860Z200US44889,39,6735,641,137,140,3355,458,553,248,618,160,4682,433,0.040834575,0.025139665,0.082108389,0.021874645,0.131994874,0.019403521
1176,44889,39043,1748,0.2608,75622,6702,35,791,860Z200US44889,39,6735,641,137,140,3355,458,553,248,618,160,4682,433,0.040834575,0.025139665,0.082108389,0.021874645,0.131994874,0.019403521
1177,44889,39093,727,0.1085,312964,6702,54,791,860Z200US44889,39,6735,641,137,140,3355,458,553,248,618,160,4682,433,0.040834575,0.025139665,0.082108389,0.021874645,0.131994874,0.019403521
1178,44890,39077,10759,1,58565,10759,66,792,860Z200US44890,39,10364,559,149,54,4910,511,1377,444,1010,215,7132,439,0.030346232,0.006404098,0.132863759,0.025675974,0.141615255,0.017542874
1179,44902,39139,4891,1,124936,4891,12,793,860Z200US44902,39,5549,816,136,87,2230,488,2376,630,117,65,3410,477,0.060986547,0.022285548,0.428185259,0.057430648,0.03431085,0.011214262
1180,44903,39005,100,0.0039,52447,25613,11,794,860Z200US44903,39,25860,1512,845,302,12559,1006,4447,814,3450,449,17150,899,0.067282427,0.014246055,0.171964424,0.018132624,0.201166181,0.014567271
1181,44903,39139,25083,0.9793,124936,25613,12,794,860Z200US44903,39,25860,1512,845,302,12559,1006,4447,814,3450,449,17150,899,0.067282427,0.014246055,0.171964424,0.018132624,0.201166181,0.014567271
1182,44903,39117,430,0.0168,34950,25613,4,794,860Z200US44903,39,25860,1512,845,302,12559,1006,4447,814,3450,449,17150,899,0.067282427,0.014246055,0.171964424,0.018132624,0.201166181,0.014567271
1183,44904,39139,13052,0.9084,124936,14368,12,795,860Z200US44904,39,13841,894,174,94,6536,598,1738,580,2531,355,9590,588,0.026621787,0.008616491,0.125568962,0.024992155,0.263920751,0.020239189
1184,44904,39117,1316,0.0916,34950,14368,4,795,860Z200US44904,39,13841,894,174,94,6536,598,1738,580,2531,355,9590,588,0.026621787,0.008616491,0.125568962,0.024992155,0.263920751,0.020239189
1185,44905,39139,16827,1,124936,16827,12,796,860Z200US44905,39,16385,990,360,174,5742,692,1527,400,927,310,12557,758,0.062695925,0.017839466,0.093194995,0.014440296,0.073823365,0.014761026
1186,44906,39139,16566,1,124936,16566,12,797,860Z200US44906,39,16890,1146,441,143,7798,589,1905,482,2892,429,12566,865,0.056552962,0.010841093,0.112788632,0.016712672,0.230144835,0.018383819
1187,44907,39139,15014,1,124936,15014,12,798,860Z200US44907,39,15163,1122,317,130,7639,780,2366,518,2053,329,10998,801,0.041497578,0.010019448,0.156037723,0.019545144,0.186670304,0.016198554
1188,45001,39061,927,1,830639,927,67,799,860Z200US45001,39,896,280,14,16,393,116,248,194,47,31,536,143,0.03562341,0.02390955,0.276785714,0.120662958,0.087686567,0.032153994
1189,45002,39061,15458,1,830639,15458,67,800,860Z200US45002,39,14068,909,311,145,7168,601,1177,403,2674,333,9010,626,0.043387277,0.012096662,0.083665055,0.017101433,0.296781354,0.018645709
1190,45003,39017,214,0.2616,390357,818,68,801,860Z200US45003,39,624,158,21,14,317,91,83,49,115,51,442,104,0.066246057,0.024230973,0.133012821,0.043122401,0.260180995,0.059455984
1191,45003,39135,604,0.7384,40999,818,69,801,860Z200US45003,39,624,158,21,14,317,91,83,49,115,51,442,104,0.066246057,0.024230973,0.133012821,0.043122401,0.260180995,0.059455984
1192,45005,39165,31312,0.9916,242337,31577,70,802,860Z200US45005,39,31739,564,554,182,16649,830,3475,756,3753,472,21326,651,0.033275272,0.006568382,0.109486751,0.01443142,0.175982369,0.013052131
1193,45005,39113,265,0.0084,537309,31577,71,802,860Z200US45005,39,31739,564,554,182,16649,830,3475,756,3753,472,21326,651,0.033275272,0.006568382,0.109486751,0.01443142,0.175982369,0.013052131
1194,45011,39017,73596,1,390357,73596,68,803,860Z200US45011,39,73596,2394,2090,519,38322,1804,9376,1383,14108,1088,49342,1683,0.054537863,0.008083624,0.127398228,0.011142333,0.285922743,0.012022022
1195,45013,39061,41,8.00E-04,830639,53911,67,804,860Z200US45013,39,52953,1698,1189,285,25226,1116,5406,1198,7964,748,34763,1185,0.047133909,0.006750012,0.102090533,0.01360835,0.229094152,0.012188425
1196,45013,39017,53870,0.9992,390357,53911,68,804,860Z200US45013,39,52953,1698,1189,285,25226,1116,5406,1198,7964,748,34763,1185,0.047133909,0.006750012,0.102090533,0.01360835,0.229094152,0.012188425
1197,45014,39017,46169,1,390357,46169,68,805,860Z200US45014,39,46023,661,1332,456,24923,1141,3626,883,9353,823,31493,895,0.053444609,0.011022501,0.078786694,0.011642955,0.296986632,0.01503485
1198,45015,39017,12103,1,390357,12103,68,806,860Z200US45015,39,11602,1079,268,112,5464,554,2334,543,927,205,7522,719,0.049048316,0.012088382,0.201172212,0.026079074,0.1232385,0.014939833
1199,45030,39061,21234,1,830639,21234,67,807,860Z200US45030,39,21196,522,136,100,12055,670,987,297,4478,630,15092,580,0.011281626,0.005028317,0.04656539,0.008489405,0.296713491,0.024411144
1201,45033,39061,323,1,830639,323,67,809,860Z200US45033,39,512,280,0,12,197,132,87,60,45,38,343,149,0,0.037029608,0.169921875,0.043402995,0.131195335,0.05775319
1202,45034,39165,1166,1,242337,1166,70,810,860Z200US45034,39,1007,353,14,26,744,265,15,24,318,123,734,224,0.018817204,0.020849537,0.01489573,0.014136246,0.433242507,0.062588502
1203,45036,39165,41060,1,242337,41060,70,811,860Z200US45036,39,42346,964,359,165,18435,936,2145,609,9475,841,29691,824,0.019473827,0.005407651,0.050654135,0.008714419,0.319120272,0.016355573
1204,45039,39165,27529,1,242337,27529,70,812,860Z200US45039,39,29112,1619,217,128,16004,971,832,320,10130,967,20133,1228,0.01355911,0.004836218,0.02857928,0.006611865,0.503154026,0.022460245
1205,45040,39165,57153,1,242337,57153,70,813,860Z200US45040,39,57214,1116,670,260,30195,1280,2309,769,24856,1504,37934,1053,0.022189104,0.005203141,0.040357255,0.008156653,0.655243317,0.021416121
1207,45042,39165,518,0.0192,242337,26972,70,815,860Z200US45042,39,28812,1371,626,187,14096,938,3785,707,3979,500,19536,966,0.044409762,0.007861906,0.131368874,0.014424805,0.203675266,0.014303332
1208,45042,39017,26026,0.9649,390357,26972,68,815,860Z200US45042,39,28812,1371,626,187,14096,938,3785,707,3979,500,19536,966,0.044409762,0.007861906,0.131368874,0.014424805,0.203675266,0.014303332
1209,45042,39135,404,0.015,40999,26972,69,815,860Z200US45042,39,28812,1371,626,187,14096,938,3785,707,3979,500,19536,966,0.044409762,0.007861906,0.131368874,0.014424805,0.203675266,0.014303332
1210,45042,39113,24,9.00E-04,537309,26972,71,815,860Z200US45042,39,28812,1371,626,187,14096,938,3785,707,3979,500,19536,966,0.044409762,0.007861906,0.131368874,0.014424805,0.203675266,0.014303332
1211,45044,39165,2492,0.0444,242337,56128,70,816,860Z200US45044,39,53909,2106,1514,269,26859,1377,7325,819,10471,804,35372,1375,0.056368443,0.005829344,0.135877126,0.008653353,0.296025105,0.011915962
1212,45044,39017,53636,0.9556,390357,56128,68,816,860Z200US45044,39,53909,2106,1514,269,26859,1377,7325,819,10471,804,35372,1375,0.056368443,0.005829344,0.135877126,0.008653353,0.296025105,0.011915962
1213,45050,39165,2,2.00E-04,242337,12173,70,817,860Z200US45050,39,11833,803,182,109,6483,543,482,271,3163,478,7640,546,0.028073423,0.010120347,0.040733542,0.01382044,0.414005236,0.033512082
1214,45050,39017,12171,0.9998,390357,12173,68,817,860Z200US45050,39,11833,803,182,109,6483,543,482,271,3163,478,7640,546,0.028073423,0.010120347,0.040733542,0.01382044,0.414005236,0.033512082
1216,45052,39061,3830,1,830639,3830,67,819,860Z200US45052,39,4179,567,319,354,2433,425,238,107,931,157,3179,429,0.131113851,0.087346794,0.056951424,0.014839153,0.29285939,0.018003994
1217,45053,39017,3375,1,390357,3375,68,820,860Z200US45053,39,3865,537,79,89,2127,398,86,84,668,185,2465,310,0.037141514,0.025083145,0.02225097,0.013077508,0.270993915,0.040648367
1218,45054,39165,2499,1,242337,2499,70,821,860Z200US45054,39,2517,519,15,22,1658,406,56,58,686,203,1916,394,0.009047045,0.007953041,0.022248709,0.01372767,0.358037578,0.046315006
1220,45056,39017,28892,1,390357,28892,68,823,860Z200US45056,39,27391,455,1037,609,11784,911,7565,874,5583,780,10231,788,0.088000679,0.031143163,0.276185608,0.019195593,0.545694458,0.038666916
1221,45062,39017,775,1,390357,775,68,824,860Z200US45062,39,756,230,21,19,303,106,70,52,89,40,562,171,0.069306931,0.035154487,0.092592593,0.038145973,0.158362989,0.031843779
1222,45064,39017,1569,0.5042,390357,3112,68,825,860Z200US45064,39,3257,653,34,34,1825,464,215,154,406,185,2264,409,0.018630137,0.010953155,0.066011667,0.027594378,0.179328622,0.045603308
1223,45064,39135,1543,0.4958,40999,3112,69,825,860Z200US45064,39,3257,653,34,34,1825,464,215,154,406,185,2264,409,0.018630137,0.010953155,0.066011667,0.027594378,0.179328622,0.045603308
1224,45065,39165,6725,1,242337,6725,70,826,860Z200US45065,39,6604,250,535,375,3662,386,487,267,1711,365,3947,372,0.14609503,0.061543192,0.073743186,0.024518875,0.433493793,0.05043192
1225,45066,39113,1191,0.0451,537309,26399,71,827,860Z200US45066,39,26144,1067,532,242,13374,891,834,392,9635,879,17215,793,0.039778675,0.010881272,0.031900245,0.009080395,0.55968632,0.026792186
1226,45066,39165,25208,0.9549,242337,26399,70,827,860Z200US45066,39,26144,1067,532,242,13374,891,834,392,9635,879,17215,793,0.039778675,0.010881272,0.031900245,0.009080395,0.55968632,0.026792186
1227,45067,39017,15004,1,390357,15004,68,828,860Z200US45067,39,15085,509,346,231,7615,587,624,285,1568,361,9378,747,0.045436638,0.018317319,0.041365595,0.011453685,0.167199829,0.021955641
1228,45068,39027,49,0.0041,42018,11911,72,829,860Z200US45068,39,11947,822,216,149,6315,501,578,465,3589,492,8412,627,0.034204276,0.014248056,0.048380347,0.023574042,0.426652401,0.029840037
1229,45068,39165,11607,0.9745,242337,11911,70,829,860Z200US45068,39,11947,822,216,149,6315,501,578,465,3589,492,8412,627,0.034204276,0.014248056,0.048380347,0.023574042,0.426652401,0.029840037
1230,45068,39057,255,0.0214,167966,11911,23,829,860Z200US45068,39,11947,822,216,149,6315,501,578,465,3589,492,8412,627,0.034204276,0.014248056,0.048380347,0.023574042,0.426652401,0.029840037
1231,45069,39017,53694,1,390357,53694,68,830,860Z200US45069,39,55414,869,1259,329,29379,998,3094,687,19981,949,37376,859,0.042853739,0.00674982,0.055834266,0.007517709,0.534594392,0.013507595
1233,45101,39001,12,0.0056,27477,2125,73,832,860Z200US45101,39,2059,371,46,44,730,176,667,352,69,30,1473,281,0.063013699,0.035457693,0.323943662,0.09767997,0.046843177,0.011125513
1234,45101,39015,2113,0.9944,43676,2125,74,832,860Z200US45101,39,2059,371,46,44,730,176,667,352,69,30,1473,281,0.063013699,0.035457693,0.323943662,0.09767997,0.046843177,0.011125513
1235,45102,39025,24954,1,208601,24954,75,833,860Z200US45102,39,24243,1270,439,183,12798,962,2130,542,3992,573,16367,855,0.034302235,0.008549979,0.087860413,0.013299731,0.243905419,0.019822838
1236,45103,39025,35237,1,208601,35237,75,834,860Z200US45103,39,35908,1293,889,253,19494,981,3202,646,6020,642,24478,995,0.045603776,0.007765251,0.089172329,0.01076082,0.245935125,0.014740227
1238,45106,39025,10561,0.8908,208601,11855,75,836,860Z200US45106,39,10989,783,276,130,5431,537,1435,438,1095,235,7560,591,0.05081937,0.014226931,0.130585131,0.023560352,0.14484127,0.017598208
1239,45106,39015,1294,0.1092,43676,11855,74,836,860Z200US45106,39,10989,783,276,130,5431,537,1435,438,1095,235,7560,591,0.05081937,0.014226931,0.130585131,0.023560352,0.14484127,0.017598208
1240,45107,39165,1569,0.16,242337,9806,70,837,860Z200US45107,39,9741,726,291,261,4933,554,1456,486,889,219,6449,552,0.058990472,0.031910381,0.149471307,0.029563889,0.13785083,0.019357417
1241,45107,39027,6628,0.6759,42018,9806,72,837,860Z200US45107,39,9741,726,291,261,4933,554,1456,486,889,219,6449,552,0.058990472,0.031910381,0.149471307,0.029563889,0.13785083,0.019357417
1242,45107,39025,925,0.0943,208601,9806,75,837,860Z200US45107,39,9741,726,291,261,4933,554,1456,486,889,219,6449,552,0.058990472,0.031910381,0.149471307,0.029563889,0.13785083,0.019357417
1243,45107,39015,684,0.0698,43676,9806,74,837,860Z200US45107,39,9741,726,291,261,4933,554,1456,486,889,219,6449,552,0.058990472,0.031910381,0.149471307,0.029563889,0.13785083,0.019357417
1244,45111,39061,384,1,830639,384,67,838,860Z200US45111,39,363,82,0,12,181,64,40,43,115,34,317,77,0,0.040302944,0.110192837,0.070402691,0.362776025,0.037170512
1246,45113,39165,1359,0.342,242337,3974,70,840,860Z200US45113,39,3826,493,48,35,2082,364,202,123,553,184,2840,398,0.023054755,0.009921208,0.052796654,0.019100541,0.19471831,0.03572144
1247,45113,39027,2615,0.658,42018,3974,72,840,860Z200US45113,39,3826,493,48,35,2082,364,202,123,553,184,2840,398,0.023054755,0.009921208,0.052796654,0.019100541,0.19471831,0.03572144
1249,45118,39015,3448,0.9279,43676,3716,74,842,860Z200US45118,39,3663,312,72,45,1945,265,190,97,255,105,2527,258,0.037017995,0.013726333,0.051870052,0.015872261,0.10091017,0.024470341
1250,45118,39071,94,0.0253,43317,3716,76,842,860Z200US45118,39,3663,312,72,45,1945,265,190,97,255,105,2527,258,0.037017995,0.013726333,0.051870052,0.015872261,0.10091017,0.024470341
1251,45118,39025,174,0.0468,208601,3716,75,842,860Z200US45118,39,3663,312,72,45,1945,265,190,97,255,105,2527,258,0.037017995,0.013726333,0.051870052,0.015872261,0.10091017,0.024470341
1253,45120,39015,523,0.1667,43676,3138,74,844,860Z200US45120,39,2739,581,62,58,1337,287,553,333,294,115,1932,334,0.046372476,0.025667589,0.201898503,0.0691698,0.152173913,0.032458815
1254,45120,39025,2615,0.8333,208601,3138,75,844,860Z200US45120,39,2739,581,62,58,1337,287,553,333,294,115,1932,334,0.046372476,0.025667589,0.201898503,0.0691698,0.152173913,0.032458815
1255,45121,39015,8764,0.9817,43676,8927,74,845,860Z200US45121,39,9132,640,154,94,3730,418,1674,570,1007,240,6653,550,0.041286863,0.015059395,0.183311432,0.037131582,0.151360289,0.020567946
1256,45121,39025,163,0.0183,208601,8927,75,845,860Z200US45121,39,9132,640,154,94,3730,418,1674,570,1007,240,6653,550,0.041286863,0.015059395,0.183311432,0.037131582,0.151360289,0.020567946
1257,45122,39165,593,0.0551,242337,10757,70,846,860Z200US45122,39,11390,1183,251,134,5826,743,1011,403,1048,247,7717,729,0.043082733,0.013577167,0.088762072,0.020765801,0.135804069,0.017825985
1258,45122,39025,10164,0.9449,208601,10757,75,846,860Z200US45122,39,11390,1183,251,134,5826,743,1011,403,1048,247,7717,729,0.043082733,0.013577167,0.088762072,0.020765801,0.135804069,0.017825985
1259,45123,39071,6704,0.7639,43317,8776,76,847,860Z200US45123,39,8958,648,158,72,4274,467,1880,490,904,229,5918,383,0.036967712,0.009942015,0.209868274,0.031945763,0.152754309,0.022742474
1260,45123,39047,812,0.0925,28951,8776,21,847,860Z200US45123,39,8958,648,158,72,4274,467,1880,490,904,229,5918,383,0.036967712,0.009942015,0.209868274,0.031945763,0.152754309,0.022742474
1261,45123,39141,1260,0.1436,77093,8776,18,847,860Z200US45123,39,8958,648,158,72,4274,467,1880,490,904,229,5918,383,0.036967712,0.009942015,0.209868274,0.031945763,0.152754309,0.022742474
1262,45130,39025,633,0.1766,208601,3585,75,848,860Z200US45130,39,4116,451,62,53,1930,332,325,196,241,108,2692,353,0.032124352,0.01635221,0.078960155,0.028465945,0.089524517,0.023320919
1263,45130,39015,2952,0.8234,43676,3585,74,848,860Z200US45130,39,4116,451,62,53,1930,332,325,196,241,108,2692,353,0.032124352,0.01635221,0.078960155,0.028465945,0.089524517,0.023320919
1266,45133,39071,23329,0.9866,43317,23646,76,851,860Z200US45133,39,23399,829,509,191,10132,671,3921,737,2409,381,16353,519,0.050236873,0.011279793,0.167571264,0.018803949,0.14731242,0.013875114
1267,45133,39015,20,8.00E-04,43676,23646,74,851,860Z200US45133,39,23399,829,509,191,10132,671,3921,737,2409,381,16353,519,0.050236873,0.011279793,0.167571264,0.018803949,0.14731242,0.013875114
1268,45133,39131,297,0.0126,27088,23646,77,851,860Z200US45133,39,23399,829,509,191,10132,671,3921,737,2409,381,16353,519,0.050236873,0.011279793,0.167571264,0.018803949,0.14731242,0.013875114
1269,45135,39047,417,0.0875,28951,4765,21,852,860Z200US45135,39,5581,772,24,26,2843,349,275,125,782,259,3358,401,0.008441787,0.005523627,0.049274324,0.012969678,0.232876712,0.04373337
1270,45135,39027,137,0.0288,42018,4765,72,852,860Z200US45135,39,5581,772,24,26,2843,349,275,125,782,259,3358,401,0.008441787,0.005523627,0.049274324,0.012969678,0.232876712,0.04373337
1271,45135,39071,4211,0.8837,43317,4765,76,852,860Z200US45135,39,5581,772,24,26,2843,349,275,125,782,259,3358,401,0.008441787,0.005523627,0.049274324,0.012969678,0.232876712,0.04373337
1272,45140,39165,10828,0.192,242337,56386,70,853,860Z200US45140,39,55364,1807,1019,298,29397,1149,2742,646,19068,1022,37892,1426,0.034663401,0.006107077,0.049526768,0.007024753,0.503219677,0.011674512
1273,45140,39025,29537,0.5238,208601,56386,75,853,860Z200US45140,39,55364,1807,1019,298,29397,1149,2742,646,19068,1022,37892,1426,0.034663401,0.006107077,0.049526768,0.007024753,0.503219677,0.011674512
1274,45140,39061,16021,0.2841,830639,56386,67,853,860Z200US45140,39,55364,1807,1019,298,29397,1149,2742,646,19068,1022,37892,1426,0.034663401,0.006107077,0.049526768,0.007024753,0.503219677,0.011674512
1275,45142,39015,334,0.0762,43676,4384,74,854,860Z200US45142,39,3994,489,102,77,2021,333,305,152,359,142,2895,317,0.050470064,0.022602632,0.076364547,0.022425984,0.124006908,0.028652354
1276,45142,39027,405,0.0924,42018,4384,72,854,860Z200US45142,39,3994,489,102,77,2021,333,305,152,359,142,2895,317,0.050470064,0.022602632,0.076364547,0.022425984,0.124006908,0.028652354
1277,45142,39071,3645,0.8314,43317,4384,76,854,860Z200US45142,39,3994,489,102,77,2021,333,305,152,359,142,2895,317,0.050470064,0.022602632,0.076364547,0.022425984,0.124006908,0.028652354
1278,45144,39001,3807,0.9732,27477,3912,73,855,860Z200US45144,39,4057,544,166,130,1934,424,1147,349,420,189,2838,493,0.085832472,0.039228288,0.282721223,0.04694252,0.147991543,0.037345926
1279,45144,39015,105,0.0268,43676,3912,74,855,860Z200US45144,39,4057,544,166,130,1934,424,1147,349,420,189,2838,493,0.085832472,0.039228288,0.282721223,0.04694252,0.147991543,0.037345926
1280,45146,39027,1400,1,42018,1400,72,856,860Z200US45146,39,1063,264,32,22,605,172,76,68,130,61,805,202,0.052892562,0.02012696,0.071495767,0.037359388,0.161490683,0.038924476
1282,45148,39015,82,0.0533,43676,1539,74,858,860Z200US45148,39,1822,369,16,16,1090,287,257,134,195,127,1370,303,0.014678899,0.008608467,0.141053787,0.041198059,0.142335766,0.053004199
1283,45148,39027,1457,0.9467,42018,1539,72,858,860Z200US45148,39,1822,369,16,16,1090,287,257,134,195,127,1370,303,0.014678899,0.008608467,0.141053787,0.041198059,0.142335766,0.053004199
1284,45150,39061,16,5.00E-04,830639,33735,67,859,860Z200US45150,39,33853,1188,473,154,17802,934,1907,397,9632,851,24137,978,0.026570048,0.005190063,0.056331787,0.007026963,0.399055392,0.019046069
1285,45150,39025,33719,0.9995,208601,33735,75,859,860Z200US45150,39,33853,1188,473,154,17802,934,1907,397,9632,851,24137,978,0.026570048,0.005190063,0.056331787,0.007026963,0.399055392,0.019046069
1286,45152,39165,13617,1,242337,13617,70,860,860Z200US45152,39,13617,1473,363,344,7362,1278,575,181,2664,460,8888,990,0.049307253,0.027924483,0.042226628,0.007588271,0.299729973,0.024040912
1287,45153,39025,1826,1,208601,1826,75,861,860Z200US45153,39,2362,435,129,92,1135,326,307,297,370,157,1657,279,0.113656388,0.045102082,0.129974598,0.075040412,0.223295112,0.052869689
1288,45154,39071,482,0.0511,43317,9439,76,862,860Z200US45154,39,8652,542,224,109,3968,454,1557,604,947,245,5522,481,0.056451613,0.016230774,0.179958391,0.041880966,0.171495835,0.025396689
1289,45154,39015,8957,0.9489,43676,9439,74,862,860Z200US45154,39,8652,542,224,109,3968,454,1557,604,947,245,5522,481,0.056451613,0.016230774,0.179958391,0.041880966,0.171495835,0.025396689
1292,45157,39025,9705,1,208601,9705,75,865,860Z200US45157,39,9857,745,312,240,5197,617,650,255,1658,306,7040,536,0.060034635,0.02773687,0.065942985,0.015431792,0.235511364,0.024069918
1294,45159,39071,1295,0.3675,43317,3524,76,867,860Z200US45159,39,3454,535,55,45,1677,374,249,110,438,179,2536,362,0.032796661,0.01569456,0.07209033,0.018130939,0.172712934,0.040205463
1295,45159,39027,2229,0.6325,42018,3524,72,867,860Z200US45159,39,3454,535,55,45,1677,374,249,110,438,179,2536,362,0.032796661,0.01569456,0.07209033,0.018130939,0.172712934,0.040205463
1296,45160,39025,627,1,208601,627,75,868,860Z200US45160,39,619,222,0,12,172,54,266,222,50,32,420,114,0,0.042411819,0.429725363,0.196863301,0.119047619,0.041944688
1297,45162,39025,1019,0.3733,208601,2730,75,869,860Z200US45162,39,2449,488,86,51,1224,312,146,59,253,84,1766,305,0.070261438,0.02287,0.05961617,0.012741012,0.143261608,0.024695088
1298,45162,39165,1711,0.6267,242337,2730,70,869,860Z200US45162,39,2449,488,86,51,1224,312,146,59,253,84,1766,305,0.070261438,0.02287,0.05961617,0.012741012,0.143261608,0.024695088
1299,45164,39027,233,1,42018,233,72,870,860Z200US45164,39,294,139,4,10,105,41,97,87,20,21,168,62,0.038095238,0.057184944,0.329931973,0.152867109,0.119047619,0.071139641
1301,45167,39015,3441,1,43676,3441,74,872,860Z200US45167,39,3266,217,95,56,1562,214,495,141,429,120,2300,196,0.060819462,0.021197399,0.151561543,0.025520491,0.186521739,0.030208971
1302,45168,39015,1345,1,43676,1345,74,873,860Z200US45168,39,1159,354,9,13,555,191,172,132,115,98,936,301,0.016216216,0.013829118,0.148403796,0.063515258,0.122863248,0.058942083
1303,45169,39047,270,0.0576,28951,4686,21,874,860Z200US45169,39,4436,312,70,38,2166,264,786,227,350,95,3271,269,0.032317636,0.010392672,0.177186655,0.030171156,0.107000917,0.016825517
1304,45169,39027,4310,0.9198,42018,4686,72,874,860Z200US45169,39,4436,312,70,38,2166,264,786,227,350,95,3271,269,0.032317636,0.010392672,0.177186655,0.030171156,0.107000917,0.016825517
1305,45169,39057,106,0.0226,167966,4686,23,874,860Z200US45169,39,4436,312,70,38,2166,264,786,227,350,95,3271,269,0.032317636,0.010392672,0.177186655,0.030171156,0.107000917,0.016825517
1306,45171,39071,1410,0.2284,43317,6174,76,875,860Z200US45171,39,5762,686,143,105,2349,374,1050,415,631,154,3961,425,0.060876969,0.02652666,0.182228393,0.041749734,0.159303206,0.021228121
1307,45171,39015,4764,0.7716,43676,6174,74,875,860Z200US45171,39,5762,686,143,105,2349,374,1050,415,631,154,3961,425,0.060876969,0.02652666,0.182228393,0.041749734,0.159303206,0.021228121
1309,45174,39061,2359,1,830639,2359,67,877,860Z200US45174,39,2165,262,12,10,990,120,21,17,1088,134,1266,139,0.012121212,0.006075128,0.009699769,0.004719733,0.859399684,0.02915317
1310,45176,39015,3137,0.3447,43676,9100,74,878,860Z200US45176,39,10099,751,195,89,4714,482,893,245,1049,291,7143,632,0.041366143,0.011185444,0.088424596,0.014195549,0.146857063,0.023472023
1311,45176,39025,5963,0.6553,208601,9100,75,878,860Z200US45176,39,10099,751,195,89,4714,482,893,245,1049,291,7143,632,0.041366143,0.011185444,0.088424596,0.014195549,0.146857063,0.023472023
1312,45177,39027,22349,1,42018,22349,72,879,860Z200US45177,39,22683,636,487,156,11435,501,3026,635,4035,505,14887,462,0.042588544,0.008215269,0.133403871,0.016865361,0.271041849,0.01997739
1313,45202,39061,16883,1,830639,16883,67,880,860Z200US45202,39,16259,898,502,180,11025,748,2235,354,8560,689,13242,767,0.04553288,0.009745656,0.137462329,0.012404837,0.646428032,0.021963265
1314,45203,39061,2365,1,830639,2365,67,881,860Z200US45203,39,2498,558,123,107,1221,296,1191,499,772,251,1774,388,0.100737101,0.051162039,0.476781425,0.102735798,0.435174746,0.063640857
1315,45204,39061,5818,1,830639,5818,67,882,860Z200US45204,39,7271,1321,152,94,3176,543,3611,1103,759,236,4133,747,0.047858942,0.017290841,0.49663045,0.074132551,0.183643842,0.028245362
1316,45205,39061,19517,1,830639,19517,67,883,860Z200US45205,39,19087,1736,798,274,8063,770,6094,1195,1785,351,11503,1021,0.098970606,0.019842899,0.319274899,0.033718191,0.15517691,0.016552195
1317,45206,39061,10670,1,830639,10670,67,884,860Z200US45206,39,10689,716,160,50,6441,627,2253,420,4107,466,8509,594,0.024840863,0.004484213,0.210777435,0.022290858,0.482665413,0.026245429
1318,45207,39061,7484,1,830639,7484,67,885,860Z200US45207,39,6801,669,306,132,3277,452,977,314,834,202,3540,397,0.09337809,0.023201273,0.143655345,0.026719744,0.23559322,0.0307458
1319,45208,39061,18969,1,830639,18969,67,886,860Z200US45208,39,17911,1164,180,82,10869,822,812,213,10732,739,13091,960,0.016560861,0.004522616,0.045335269,0.007003885,0.819799863,NA
1320,45209,39061,10708,1,830639,10708,67,887,860Z200US45209,39,10408,748,228,98,7638,567,714,169,6216,581,8379,613,0.029850746,0.007682541,0.068601076,0.009404822,0.741854637,0.026234613
1321,45211,39061,37868,1,830639,37868,67,888,860Z200US45211,39,37303,2333,1400,424,19925,1265,6414,1197,6501,852,24349,1265,0.070263488,0.012648618,0.171943275,0.018378734,0.266992484,0.019528508
1322,45212,39061,21885,1,830639,21885,67,889,860Z200US45212,39,21335,322,544,275,12599,513,3861,600,5347,471,15029,516,0.04317803,0.013225659,0.180970237,0.01701511,0.355778828,0.017544584
1323,45213,39061,12052,1,830639,12052,67,890,860Z200US45213,39,11673,986,309,166,6280,647,1566,645,4312,587,8520,674,0.049203822,0.015770509,0.134155744,0.032876141,0.506103286,0.034084923
1324,45214,39061,8901,1,830639,8901,67,891,860Z200US45214,39,8965,1350,622,279,3957,764,4562,923,1198,344,5485,789,0.15718979,0.03868803,0.508867819,0.041799884,0.218413856,0.03299663
1325,45215,39061,30993,1,830639,30993,67,892,860Z200US45215,39,31006,869,856,278,15408,1105,5137,960,7195,634,20639,826,0.055555556,0.01069737,0.165677611,0.018608861,0.348611851,0.016636702
1326,45216,39061,9667,1,830639,9667,67,893,860Z200US45216,39,8900,1009,153,91,4302,631,1818,683,1070,264,5872,653,0.035564854,0.01246179,0.204269663,0.044476576,0.182220708,0.024397236
1327,45217,39061,6177,1,830639,6177,67,894,860Z200US45217,39,6096,628,122,82,3464,378,487,240,1384,286,4487,433,0.0352194,0.014199388,0.079888451,0.023404418,0.308446624,0.03426312
1328,45218,39061,3957,1,830639,3957,67,895,860Z200US45218,39,3838,75,36,32,1932,300,366,197,758,150,2573,196,0.01863354,0.009913961,0.095362168,0.031182358,0.294597746,0.032708421
1329,45219,39061,20644,1,830639,20644,67,896,860Z200US45219,39,19505,1332,942,334,11934,1075,7423,856,2567,349,5405,644,0.078934138,0.016455318,0.380569085,0.021497439,0.47493062,0.018904914
1330,45220,39061,15466,1,830639,15466,67,897,860Z200US45220,39,14651,1190,316,114,8931,781,2928,552,5483,530,8450,570,0.035382376,0.007528172,0.19984984,0.020669007,0.64887574,0.027309623
1331,45223,39061,13174,1,830639,13174,67,898,860Z200US45223,39,12556,1056,549,234,6765,599,3069,639,3947,460,8487,603,0.081152993,0.020568516,0.244424976,0.028301178,0.465064216,0.026117727
1332,45224,39061,20214,1,830639,20214,67,899,860Z200US45224,39,20915,1534,819,344,10632,952,3883,737,4947,674,15445,1176,0.077031603,0.019216657,0.185656228,0.019757198,0.320297831,0.021998779
1333,45225,39061,8006,1,830639,8006,67,900,860Z200US45225,39,9414,1136,939,400,3619,786,5172,875,376,155,4672,574,0.25946394,0.057801341,0.549394519,0.039601968,0.080479452,0.019251479
1334,45226,39061,5687,1,830639,5687,67,901,860Z200US45226,39,5858,1051,94,47,4233,944,331,120,3280,428,4514,682,0.022206473,0.006041128,0.056503926,0.010820974,0.726628268,NA
1335,45227,39061,18427,1,830639,18427,67,902,860Z200US45227,39,18801,1076,384,163,10315,792,2628,663,6628,637,13393,917,0.037227339,0.009447759,0.139779799,0.020878248,0.494885388,0.020289987
1336,45229,39061,12540,1,830639,12540,67,903,860Z200US45229,39,13453,1418,746,272,6062,982,5059,961,2798,655,9244,1024,0.123061696,0.024436479,0.376049952,0.03612648,0.302682821,0.037946237
1337,45230,39061,27718,1,830639,27718,67,904,860Z200US45230,39,27437,1760,641,227,15055,874,2218,618,9913,859,18679,1023,0.042577217,0.009041986,0.080839742,0.013324788,0.530702928,0.021664387
1338,45231,39061,41934,1,830639,41934,67,905,860Z200US45231,39,41466,2150,1021,406,20561,1335,5509,1444,7435,803,29589,1299,0.049657118,0.011842626,0.132855834,0.020751122,0.251275812,0.015073108
1339,45232,39061,7109,1,830639,7109,67,906,860Z200US45232,39,8805,1191,707,406,3558,547,4350,815,569,185,4206,495,0.198707139,0.066835148,0.494037479,0.038933776,0.135282929,0.024925294
1340,45233,39061,15596,1,830639,15596,67,907,860Z200US45233,39,14976,1548,248,101,8008,920,789,376,4298,578,10473,958,0.030969031,0.007355719,0.052684295,0.014899165,0.410388618,0.024593124
1341,45236,39061,24223,1,830639,24223,67,908,860Z200US45236,39,24504,1224,556,183,14288,930,1979,568,8826,845,18728,989,0.038913774,0.007632221,0.080762325,0.013876075,0.47127296,0.022878493
1342,45237,39061,21029,1,830639,21029,67,909,860Z200US45237,39,22067,1769,857,332,10761,977,4815,925,4405,566,14927,1157,0.079639439,0.018232772,0.218199121,0.023157299,0.295102834,0.018384046
1343,45238,39061,46864,1,830639,46864,67,910,860Z200US45238,39,47154,1751,1012,283,25053,1301,5918,1184,9051,826,31668,1277,0.040394364,0.006747462,0.125503669,0.01499874,0.285809019,0.014224143
1344,45239,39061,28499,1,830639,28499,67,911,860Z200US45239,39,29506,1867,1086,372,16268,1216,3754,1147,4760,591,19655,1379,0.066756823,0.013565894,0.12722836,0.023118981,0.242177563,0.015080687
1345,45240,39061,28820,1,830639,28820,67,912,860Z200US45240,39,29219,1509,671,290,14839,972,4268,1193,5730,622,19086,907,0.045218681,0.01174306,0.146069338,0.024393107,0.300220057,0.017811839
1346,45241,39061,16329,0.6698,830639,24380,67,913,860Z200US45241,39,23727,912,220,94,12001,730,1412,476,8461,723,17691,800,0.018331806,0.004713009,0.059510263,0.012115928,0.478265785,0.021079967
1347,45241,39017,7957,0.3264,390357,24380,68,913,860Z200US45241,39,23727,912,220,94,12001,730,1412,476,8461,723,17691,800,0.018331806,0.004713009,0.059510263,0.012115928,0.478265785,0.021079967
1348,45241,39165,94,0.0039,242337,24380,70,913,860Z200US45241,39,23727,912,220,94,12001,730,1412,476,8461,723,17691,800,0.018331806,0.004713009,0.059510263,0.012115928,0.478265785,0.021079967
1349,45242,39061,23214,1,830639,23214,67,914,860Z200US45242,39,21990,1358,317,147,11345,779,760,214,10717,824,15608,893,0.027941825,0.007789918,0.034561164,0.005771892,0.686635059,0.02143934
1350,45243,39061,15894,1,830639,15894,67,915,860Z200US45243,39,16034,608,167,109,7565,515,293,103,8085,735,11289,572,0.022075347,0.008711169,0.018273668,0.00388229,0.716183896,0.032861467
1351,45244,39025,12919,0.4465,208601,28936,75,916,860Z200US45244,39,28702,1295,521,180,15115,827,1956,689,9905,701,18717,933,0.03446907,0.007147974,0.068148561,0.014472681,0.529198055,0.016161838
1352,45244,39061,16017,0.5535,830639,28936,67,916,860Z200US45244,39,28702,1295,521,180,15115,827,1956,689,9905,701,18717,933,0.03446907,0.007147974,0.068148561,0.014472681,0.529198055,0.016161838
1353,45245,39025,20249,1,208601,20249,75,917,860Z200US45245,39,20352,1289,384,200,10678,863,1881,676,4595,454,14595,942,0.035961791,0.011248159,0.092423349,0.019875705,0.314833847,0.014317446
1354,45246,39061,14198,0.9311,830639,15249,67,918,860Z200US45246,39,13323,1082,251,126,6739,758,2056,603,3079,397,9419,808,0.037245882,0.011077046,0.154319598,0.026437862,0.326892451,0.019128785
1355,45246,39017,1051,0.0689,390357,15249,68,918,860Z200US45246,39,13323,1082,251,126,6739,758,2056,603,3079,397,9419,808,0.037245882,0.011077046,0.154319598,0.026437862,0.326892451,0.019128785
1356,45247,39061,23293,1,830639,23293,67,919,860Z200US45247,39,24072,1316,302,133,12426,904,1427,577,6474,659,17039,871,0.024303879,0.006417211,0.059280492,0.014437483,0.379951875,0.020331617
1357,45248,39061,25181,1,830639,25181,67,920,860Z200US45248,39,24051,1375,402,158,12573,748,1234,330,5603,495,16809,988,0.031973276,0.007551254,0.051307638,0.008148108,0.333333333,0.013364762
1358,45249,39061,13395,0.9564,830639,14005,67,921,860Z200US45249,39,14075,1369,188,112,6884,755,474,271,6838,743,9489,785,0.027309704,0.009721297,0.033676732,0.011533937,0.72062388,0.030860214
1359,45249,39165,610,0.0436,242337,14005,70,921,860Z200US45249,39,14075,1369,188,112,6884,755,474,271,6838,743,9489,785,0.027309704,0.009721297,0.033676732,0.011533937,0.72062388,0.030860214
1360,45251,39061,22073,1,830639,22073,67,922,860Z200US45251,39,20834,1663,441,145,11283,840,1749,565,3306,533,14692,1163,0.03908535,0.007609378,0.083949314,0.015974598,0.225020419,0.019212343
1361,45252,39061,4548,1,830639,4548,67,923,860Z200US45252,39,5287,1210,93,104,2551,369,401,329,1707,675,3900,672,0.036456292,0.024574974,0.075846416,0.036327065,0.437692308,0.094699821
1362,45255,39061,15470,0.701,830639,22069,67,924,860Z200US45255,39,22012,1424,486,173,11553,797,1336,368,8007,665,15934,985,0.042066996,0.008930435,0.060694167,0.009878744,0.502510355,0.016943085
1363,45255,39025,6599,0.299,208601,22069,75,924,860Z200US45255,39,22012,1424,486,173,11553,797,1336,368,8007,665,15934,985,0.042066996,0.008930435,0.060694167,0.009878744,0.502510355,0.016943085
1364,45301,39057,135,1,167966,135,23,925,860Z200US45301,39,322,240,0,12,141,142,0,12,69,47,182,143,0,0.051736403,0,0.02265476,0.379120879,NA
1365,45302,39149,4313,1,48230,4313,78,926,860Z200US45302,39,4622,506,93,83,2519,299,189,90,723,127,2830,337,0.036919412,0.019852198,0.040891389,0.011520069,0.255477032,0.020054841
1366,45303,39037,2215,1,51881,2215,79,927,860Z200US45303,39,2247,415,21,24,1257,252,311,131,169,67,1436,219,0.016706444,0.011426762,0.138406765,0.031852284,0.117688022,0.026180585
1367,45304,39135,83,0.011,40999,7532,69,928,860Z200US45304,39,7617,453,59,38,3932,354,687,224,769,167,5042,327,0.015005086,0.00581727,0.090192989,0.017577248,0.152518842,0.019215954
1368,45304,39037,7428,0.9862,51881,7532,79,928,860Z200US45304,39,7617,453,59,38,3932,354,687,224,769,167,5042,327,0.015005086,0.00581727,0.090192989,0.017577248,0.152518842,0.019215954
1369,45304,39109,21,0.0028,108774,7532,80,928,860Z200US45304,39,7617,453,59,38,3932,354,687,224,769,167,5042,327,0.015005086,0.00581727,0.090192989,0.017577248,0.152518842,0.019215954
1370,45305,39057,11470,1,167966,11470,23,929,860Z200US45305,39,11473,806,127,92,5689,527,412,237,4446,604,8374,620,0.022323783,0.009750026,0.035910398,0.012463568,0.530929066,0.03676294
1371,45306,39149,2158,0.9845,48230,2192,78,930,860Z200US45306,39,2184,313,48,40,1159,170,76,43,350,112,1442,210,0.041415013,0.0206527,0.034798535,0.011578449,0.242718447,0.042042875
1372,45306,39011,34,0.0155,46422,2192,30,930,860Z200US45306,39,2184,313,48,40,1159,170,76,43,350,112,1442,210,0.041415013,0.0206527,0.034798535,0.011578449,0.242718447,0.042042875
1374,45308,39037,2749,0.6125,51881,4488,79,932,860Z200US45308,39,4723,467,46,31,2536,293,357,184,383,131,3142,281,0.018138801,0.007320967,0.07558755,0.02324295,0.121896881,0.024463654
1375,45308,39109,1739,0.3875,108774,4488,80,932,860Z200US45308,39,4723,467,46,31,2536,293,357,184,383,131,3142,281,0.018138801,0.007320967,0.07558755,0.02324295,0.121896881,0.024463654
1376,45309,39113,11897,0.9873,537309,12050,71,933,860Z200US45309,39,11789,728,249,167,5344,509,823,358,2089,386,8361,493,0.046594311,0.018804417,0.069810841,0.018273396,0.249850496,0.026597586
1377,45309,39037,54,0.0045,51881,12050,79,933,860Z200US45309,39,11789,728,249,167,5344,509,823,358,2089,386,8361,493,0.046594311,0.018804417,0.069810841,0.018273396,0.249850496,0.026597586
1378,45309,39135,53,0.0044,40999,12050,69,933,860Z200US45309,39,11789,728,249,167,5344,509,823,358,2089,386,8361,493,0.046594311,0.018804417,0.069810841,0.018273396,0.249850496,0.026597586
1379,45309,39109,46,0.0038,108774,12050,80,933,860Z200US45309,39,11789,728,249,167,5344,509,823,358,2089,386,8361,493,0.046594311,0.018804417,0.069810841,0.018273396,0.249850496,0.026597586
1380,45310,39037,69,0.2537,51881,272,79,934,860Z200US45310,39,292,72,0,12,163,47,2,4,19,20,178,44,0,0.044753576,0.006849315,0.008263905,0.106741573,0.066393641
1381,45310,39107,203,0.7463,42528,272,81,934,860Z200US45310,39,292,72,0,12,163,47,2,4,19,20,178,44,0,0.044753576,0.006849315,0.008263905,0.106741573,0.066393641
1382,45311,39135,5723,1,40999,5723,69,935,860Z200US45311,39,6056,561,85,50,2947,381,746,251,516,180,4211,443,0.028842891,0.010061737,0.12318362,0.024221683,0.122536215,0.024775123
1383,45312,39109,1387,0.9795,108774,1416,80,936,860Z200US45312,39,947,187,29,26,415,116,6,12,85,44,671,129,0.069879518,0.036187199,0.006335797,0.007665459,0.126676602,0.037011345
1384,45312,39021,29,0.0205,38714,1416,9,936,860Z200US45312,39,947,187,29,26,415,116,6,12,85,44,671,129,0.069879518,0.036187199,0.006335797,0.007665459,0.126676602,0.037011345
1385,45314,39023,37,0.0059,136001,6261,10,937,860Z200US45314,39,6363,235,259,108,3241,327,469,195,1144,161,2415,305,0.079913607,0.019655252,0.073707371,0.018556098,0.473706004,0.017881719
1386,45314,39057,6224,0.9941,167966,6261,23,937,860Z200US45314,39,6363,235,259,108,3241,327,469,195,1144,161,2415,305,0.079913607,0.019655252,0.073707371,0.018556098,0.473706004,0.017881719
1387,45315,39113,4818,1,537309,4818,71,938,860Z200US45315,39,4402,655,38,61,2039,420,206,164,1471,296,3567,504,0.018636587,0.018036054,0.04679691,0.022248809,0.412391365,0.035917197
1390,45317,39109,508,0.499,108774,1018,80,940,860Z200US45317,39,922,314,10,16,588,250,90,138,185,109,730,268,0.017006803,0.015946854,0.097613883,0.088714951,0.253424658,0.070994355
1391,45317,39021,412,0.4047,38714,1018,9,940,860Z200US45317,39,922,314,10,16,588,250,90,138,185,109,730,268,0.017006803,0.015946854,0.097613883,0.088714951,0.253424658,0.070994355
1392,45317,39149,98,0.0963,48230,1018,78,940,860Z200US45317,39,922,314,10,16,588,250,90,138,185,109,730,268,0.017006803,0.015946854,0.097613883,0.088714951,0.253424658,0.070994355
1393,45318,39037,29,0.0053,51881,5438,79,941,860Z200US45318,39,5210,375,87,48,2583,285,303,149,573,118,4099,339,0.033681765,0.011068477,0.05815739,0.017198079,0.139790193,0.016026766
1394,45318,39109,5409,0.9947,108774,5438,80,941,860Z200US45318,39,5210,375,87,48,2583,285,303,149,573,118,4099,339,0.033681765,0.011068477,0.05815739,0.017198079,0.139790193,0.016026766
1395,45319,39023,287,1,136001,287,10,942,860Z200US45319,39,372,136,7,8,173,67,38,31,48,21,250,72,0.040462428,0.026447836,0.102150538,0.04528679,0.192,0.038439226
1396,45320,39135,15530,1,40999,15530,69,943,860Z200US45320,39,15525,437,223,112,7736,426,1337,310,2481,337,10922,372,0.028826267,0.008748013,0.086119163,0.012048696,0.227156198,0.018157693
1397,45321,39135,859,1,40999,859,69,944,860Z200US45321,39,1235,328,35,36,577,171,123,114,137,78,780,179,0.060658579,0.036319613,0.099595142,0.053760896,0.175641026,0.055633286
1398,45322,39109,380,0.0179,108774,21185,80,945,860Z200US45322,39,21540,672,420,179,10738,699,1115,407,4246,525,15260,695,0.039113429,0.010014697,0.05176416,0.01144434,0.278243775,0.019443625
1399,45322,39113,20805,0.9821,537309,21185,71,945,860Z200US45322,39,21540,672,420,179,10738,699,1115,407,4246,525,15260,695,0.039113429,0.010014697,0.05176416,0.01144434,0.278243775,0.019443625
1400,45323,39023,5123,1,136001,5123,10,946,860Z200US45323,39,5170,375,111,63,2549,248,313,125,993,149,3712,278,0.043546489,0.014802268,0.060541586,0.014453386,0.267510776,0.021144585
1401,45324,39057,38708,0.957,167966,40449,23,947,860Z200US45324,39,40623,782,1070,217,20792,878,6835,1046,7872,682,26859,854,0.051462101,0.006205444,0.168254437,0.015528533,0.293086116,0.014358674
1402,45324,39023,1741,0.043,136001,40449,10,947,860Z200US45324,39,40623,782,1070,217,20792,878,6835,1046,7872,682,26859,854,0.051462101,0.006205444,0.168254437,0.015528533,0.293086116,0.014358674
1403,45325,39113,2558,1,537309,2558,71,948,860Z200US45325,39,2473,432,131,118,1220,284,73,44,420,116,1871,312,0.107377049,0.056799764,0.029518803,0.010351691,0.224478888,0.030044341
1404,45326,39109,1170,1,108774,1170,80,949,860Z200US45326,39,1282,296,9,10,794,200,177,195,66,39,841,183,0.011335013,0.007456873,0.138065523,0.090412252,0.078478002,0.026209538
1405,45327,39113,9071,0.9662,537309,9388,71,950,860Z200US45327,39,8916,447,200,214,4603,491,947,585,1249,259,5963,479,0.043449924,0.02812147,0.106213549,0.039754373,0.209458326,0.024342379
1406,45327,39165,24,0.0026,242337,9388,70,950,860Z200US45327,39,8916,447,200,214,4603,491,947,585,1249,259,5963,479,0.043449924,0.02812147,0.106213549,0.039754373,0.209458326,0.024342379
1407,45327,39017,179,0.0191,390357,9388,68,950,860Z200US45327,39,8916,447,200,214,4603,491,947,585,1249,259,5963,479,0.043449924,0.02812147,0.106213549,0.039754373,0.209458326,0.024342379
1408,45327,39135,114,0.0121,40999,9388,69,950,860Z200US45327,39,8916,447,200,214,4603,491,947,585,1249,259,5963,479,0.043449924,0.02812147,0.106213549,0.039754373,0.209458326,0.024342379
1409,45328,39037,471,1,51881,471,79,951,860Z200US45328,39,574,173,8,10,231,70,46,28,43,25,337,93,0.034632035,0.025531134,0.080139373,0.02576349,0.127596439,0.039692707
1411,45331,39037,22213,1,51881,22213,79,953,860Z200US45331,39,22027,664,388,170,10184,509,2558,582,2696,399,15489,501,0.038098979,0.01008139,0.116130204,0.015920476,0.17405901,0.015281126
1412,45332,39037,634,1,51881,634,79,954,860Z200US45332,39,490,194,3,5,174,68,50,59,55,39,328,97,0.017241379,0.016981453,0.102040816,0.068953374,0.167682927,0.065694869
1413,45333,39149,1389,1,48230,1389,78,955,860Z200US45333,39,1607,515,84,99,852,318,317,261,78,54,933,273,0.098591549,0.067000903,0.197261979,0.090946078,0.083601286,0.03188707
1414,45334,39091,27,0.0132,46150,2041,16,956,860Z200US45334,39,1952,323,51,39,934,171,250,135,284,104,1368,219,0.054603854,0.024645286,0.12807377,0.040019948,0.207602339,0.041564806
1415,45334,39011,14,0.0069,46422,2041,30,956,860Z200US45334,39,1952,323,51,39,934,171,250,135,284,104,1368,219,0.054603854,0.024645286,0.12807377,0.040019948,0.207602339,0.041564806
1416,45334,39149,2000,0.9799,48230,2041,78,956,860Z200US45334,39,1952,323,51,39,934,171,250,135,284,104,1368,219,0.054603854,0.024645286,0.12807377,0.040019948,0.207602339,0.041564806
1417,45335,39047,84,0.0119,28951,7062,21,957,860Z200US45335,39,6951,339,331,146,3663,355,691,209,1297,223,5001,300,0.09036309,0.023637715,0.099410157,0.018039008,0.25934813,0.025403645
1418,45335,39027,123,0.0174,42018,7062,72,957,860Z200US45335,39,6951,339,331,146,3663,355,691,209,1297,223,5001,300,0.09036309,0.023637715,0.099410157,0.018039008,0.25934813,0.025403645
1419,45335,39057,6855,0.9707,167966,7062,23,957,860Z200US45335,39,6951,339,331,146,3663,355,691,209,1297,223,5001,300,0.09036309,0.023637715,0.099410157,0.018039008,0.25934813,0.025403645
1421,45337,39109,1272,0.8374,108774,1519,80,959,860Z200US45337,39,1736,390,23,28,819,170,88,61,126,77,1163,209,0.028083028,0.020478673,0.050691244,0.020207713,0.108340499,0.038468497
1422,45337,39037,247,0.1626,51881,1519,79,959,860Z200US45337,39,1736,390,23,28,819,170,88,61,126,77,1163,209,0.028083028,0.020478673,0.050691244,0.020207713,0.108340499,0.038468497
1423,45338,39135,4941,0.9982,40999,4950,69,960,860Z200US45338,39,4639,307,70,51,2245,210,599,200,465,105,3137,221,0.031180401,0.013695524,0.129122656,0.025688403,0.148230794,0.019331762
1424,45338,39037,9,0.0018,51881,4950,79,960,860Z200US45338,39,4639,307,70,51,2245,210,599,200,465,105,3137,221,0.031180401,0.013695524,0.129122656,0.025688403,0.148230794,0.019331762
1425,45339,39109,1169,1,108774,1169,80,961,860Z200US45339,39,1101,279,12,15,507,151,62,47,262,105,808,211,0.023668639,0.017467318,0.056312443,0.024457603,0.324257426,0.059924175
1426,45340,39149,850,1,48230,850,78,962,860Z200US45340,39,384,123,0,12,186,68,16,19,24,27,311,85,0,0.039219531,0.041666667,0.028963633,0.077170418,0.051194967
1427,45341,39023,3741,1,136001,3741,10,963,860Z200US45341,39,3967,418,125,63,1747,296,833,302,304,171,2693,278,0.071551231,0.020646187,0.209982354,0.044280758,0.112885258,0.037944981
1428,45342,39165,161,0.0043,242337,37508,70,964,860Z200US45342,39,36127,1233,1052,596,19533,958,3421,842,8206,766,25060,836,0.053857574,0.018478976,0.094693719,0.01403131,0.32745411,0.017354415
1429,45342,39113,37347,0.9957,537309,37508,71,964,860Z200US45342,39,36127,1233,1052,596,19533,958,3421,842,8206,766,25060,836,0.053857574,0.018478976,0.094693719,0.01403131,0.32745411,0.017354415
1430,45344,39113,24,0.0014,537309,17042,71,965,860Z200US45344,39,16747,987,610,294,8393,712,2129,575,2423,370,12132,779,0.072679614,0.02096189,0.127127247,0.020369032,0.199719749,0.016821036
1431,45344,39021,71,0.0042,38714,17042,9,965,860Z200US45344,39,16747,987,610,294,8393,712,2129,575,2423,370,12132,779,0.072679614,0.02096189,0.127127247,0.020369032,0.199719749,0.016821036
1432,45344,39109,1872,0.1098,108774,17042,80,965,860Z200US45344,39,16747,987,610,294,8393,712,2129,575,2423,370,12132,779,0.072679614,0.02096189,0.127127247,0.020369032,0.199719749,0.016821036
1433,45344,39023,15075,0.8846,136001,17042,10,965,860Z200US45344,39,16747,987,610,294,8393,712,2129,575,2423,370,12132,779,0.072679614,0.02096189,0.127127247,0.020369032,0.199719749,0.016821036
1434,45345,39113,5951,1,537309,5951,71,966,860Z200US45345,39,6553,844,58,66,3028,534,1555,714,490,235,4226,618,0.019154557,0.013090102,0.237295895,0.063576585,0.115948888,0.032194499
1435,45346,39037,2085,1,51881,2085,79,967,860Z200US45346,39,2134,301,12,9,1088,214,153,88,244,90,1572,244,0.011029412,0.004852599,0.071696345,0.02430267,0.155216285,0.031572059
1436,45347,39135,3662,0.8588,40999,4264,69,968,860Z200US45347,39,4081,238,75,51,2030,206,601,197,468,109,3024,229,0.036945813,0.015101416,0.147267827,0.028876787,0.154761905,0.020721263
1437,45347,39037,602,0.1412,51881,4264,79,968,860Z200US45347,39,4081,238,75,51,2030,206,601,197,468,109,3024,229,0.036945813,0.015101416,0.147267827,0.028876787,0.154761905,0.020721263
1438,45348,39037,968,1,51881,968,79,969,860Z200US45348,39,888,272,0,12,427,149,125,134,76,53,531,154,0,0.017083918,0.140765766,0.087908638,0.143126177,0.055179857
1439,45349,39023,313,1,136001,313,10,970,860Z200US45349,39,253,95,3,4,116,44,16,17,43,30,190,69,0.025862069,0.020096031,0.063241107,0.038211347,0.226315789,0.081956067
1441,45351,39037,284,1,51881,284,79,972,860Z200US45351,39,325,86,2,3,184,64,7,7,33,21,204,45,0.010869565,0.009641305,0.021538462,0.012626567,0.161764706,0.058698294
1442,45352,39037,183,1,51881,183,79,973,860Z200US45352,39,207,82,11,18,133,69,21,20,6,19,141,66,0.082706767,0.078028216,0.101449275,0.053412691,0.042553191,0.08101611
1444,45354,39113,572,1,537309,572,71,975,860Z200US45354,39,632,180,25,18,324,97,83,64,62,32,446,134,0.077160494,0.030714347,0.131329114,0.05720658,0.139013453,0.035464608
1445,45356,39109,24423,0.9728,108774,25106,80,976,860Z200US45356,39,24926,539,442,189,12824,719,3013,811,2451,335,17074,671,0.034466625,0.008881917,0.120877798,0.01971498,0.143551599,0.011423663
1446,45356,39149,683,0.0272,48230,25106,78,976,860Z200US45356,39,24926,539,442,189,12824,719,3013,811,2451,335,17074,671,0.034466625,0.008881917,0.120877798,0.01971498,0.143551599,0.011423663
1447,45358,39037,361,1,51881,361,79,977,860Z200US45358,39,323,78,3,5,160,43,44,40,29,22,190,45,0.01875,0.018748359,0.13622291,0.072577471,0.152631579,0.066870433
1448,45359,39109,1996,1,108774,1996,80,978,860Z200US45359,39,2120,307,19,24,922,177,354,321,235,62,1297,197,0.020607375,0.015640116,0.166981132,0.090864322,0.181187355,0.023760525
1449,45360,39149,300,1,48230,300,78,979,860Z200US45360,39,379,133,27,31,199,76,40,33,13,19,303,114,0.135678392,0.089306013,0.105540897,0.047903653,0.04290429,0.03683462
1451,45362,39037,1086,1,51881,1086,79,981,860Z200US45362,39,1054,265,1,4,457,162,200,122,73,35,800,181,0.002188184,0.005299876,0.189753321,0.064109572,0.09125,0.023448295
1452,45363,39149,1853,1,48230,1853,78,982,860Z200US45363,39,1893,312,23,21,873,158,190,96,274,77,1186,198,0.026345934,0.014332927,0.100369783,0.029142342,0.231028668,0.031748113
1453,45365,39149,29235,0.9986,48230,29277,78,983,860Z200US45365,39,29336,663,853,271,15465,592,3622,765,3868,508,19758,523,0.055156806,0.010574938,0.123466049,0.015761371,0.195768803,0.0153091
1454,45365,39021,42,0.0014,38714,29277,9,983,860Z200US45365,39,29336,663,853,271,15465,592,3622,765,3868,508,19758,523,0.055156806,0.010574938,0.123466049,0.015761371,0.195768803,0.0153091
1455,45368,39023,4753,0.9867,136001,4817,10,984,860Z200US45368,39,4125,418,122,73,2186,267,421,184,476,106,3027,294,0.055809698,0.019873069,0.102060606,0.026377241,0.157251404,0.019156193
1456,45368,39057,64,0.0133,167966,4817,23,984,860Z200US45368,39,4125,418,122,73,2186,267,421,184,476,106,3027,294,0.055809698,0.019873069,0.102060606,0.026377241,0.157251404,0.019156193
1457,45369,39023,3532,0.9877,136001,3576,10,985,860Z200US45369,39,4141,380,61,45,2238,282,369,246,764,295,3123,296,0.027256479,0.012043618,0.089108911,0.035769282,0.244636567,0.055665933
1458,45369,39097,44,0.0123,43824,3576,13,985,860Z200US45369,39,4141,380,61,45,2238,282,369,246,764,295,3123,296,0.027256479,0.012043618,0.089108911,0.035769282,0.244636567,0.055665933
1459,45370,39057,2379,1,167966,2379,23,986,860Z200US45370,39,2881,770,92,95,1775,731,287,147,792,226,2043,446,0.051830986,0.02983605,0.099618188,0.026459935,0.387665198,0.043306162
1460,45371,39109,23089,0.995,108774,23205,80,987,860Z200US45371,39,22429,663,257,130,11828,596,1556,618,5047,575,15425,633,0.021728103,0.006648147,0.069374471,0.016703462,0.32719611,0.021139769
1461,45371,39113,116,0.005,537309,23205,71,987,860Z200US45371,39,22429,663,257,130,11828,596,1556,618,5047,575,15425,633,0.021728103,0.006648147,0.069374471,0.016703462,0.32719611,0.021139769
1462,45372,39023,352,1,136001,352,10,988,860Z200US45372,39,314,98,11,11,156,49,54,42,31,23,207,60,0.070512821,0.040695502,0.171974522,0.074478231,0.149758454,0.0621769
1463,45373,39109,36863,1,108774,36863,80,989,860Z200US45373,39,37714,854,803,268,19920,843,2791,617,8126,710,25837,736,0.040311245,0.008112596,0.074004349,0.009892961,0.314510199,0.015792385
1464,45377,39113,15070,1,537309,15070,71,990,860Z200US45377,39,14272,532,225,93,8096,499,1050,415,2556,365,9960,570,0.027791502,0.006904998,0.073570628,0.017597754,0.256626506,0.020410331
1465,45378,39113,65,0.1617,537309,402,71,991,860Z200US45378,39,536,160,35,30,305,121,76,65,36,35,357,97,0.114754098,0.0530036,0.141791045,0.069083602,0.100840336,0.057223548
1466,45378,39135,337,0.8383,40999,402,69,991,860Z200US45378,39,536,160,35,30,305,121,76,65,36,35,357,97,0.114754098,0.0530036,0.141791045,0.069083602,0.100840336,0.057223548
1467,45380,39037,5556,0.9969,51881,5573,79,992,860Z200US45380,39,5746,365,26,19,2980,287,257,124,919,145,3833,264,0.008724832,0.003842083,0.044726766,0.01300449,0.239759979,0.020689804
1468,45380,39149,17,0.0031,48230,5573,78,992,860Z200US45380,39,5746,365,26,19,2980,287,257,124,919,145,3833,264,0.008724832,0.003842083,0.044726766,0.01300449,0.239759979,0.020689804
1469,45381,39135,5144,0.9484,40999,5424,69,993,860Z200US45381,39,5690,361,140,78,3041,366,469,254,823,163,4065,263,0.046037488,0.015224216,0.082425308,0.026949758,0.202460025,0.023038638
1470,45381,39113,280,0.0516,537309,5424,71,993,860Z200US45381,39,5690,361,140,78,3041,366,469,254,823,163,4065,263,0.046037488,0.015224216,0.082425308,0.026949758,0.202460025,0.023038638
1471,45382,39037,158,0.134,51881,1179,79,994,860Z200US45382,39,1082,232,5,6,654,172,136,148,115,48,779,174,0.00764526,0.005441499,0.125693161,0.081521189,0.14762516,0.03164263
1472,45382,39135,1021,0.866,40999,1179,69,994,860Z200US45382,39,1082,232,5,6,654,172,136,148,115,48,779,174,0.00764526,0.005441499,0.125693161,0.081521189,0.14762516,0.03164263
1473,45383,39109,6885,1,108774,6885,80,995,860Z200US45383,39,6453,410,151,119,3315,394,407,200,689,231,4638,363,0.045550528,0.02157255,0.06307144,0.018682783,0.148555412,0.029440621
1474,45384,39057,2258,1,167966,2258,23,996,860Z200US45384,39,2151,237,144,87,1111,202,55,65,297,104,458,139,0.129612961,0.045396784,0.025569503,0.018289902,0.648471616,0.068856243
1475,45385,39057,39446,1,167966,39446,23,997,860Z200US45385,39,39699,1019,1019,264,18528,734,4713,765,8500,689,27612,769,0.054997841,0.008559964,0.118718356,0.011566893,0.307837172,0.014245513
1476,45387,39023,235,0.0441,136001,5326,10,998,860Z200US45387,39,5256,330,113,89,2486,225,325,116,2595,339,4185,283,0.045454545,0.021619042,0.061834094,0.013207217,0.620071685,0.042131611
1477,45387,39057,5091,0.9559,167966,5326,23,998,860Z200US45387,39,5256,330,113,89,2486,225,325,116,2595,339,4185,283,0.045454545,0.021619042,0.061834094,0.013207217,0.620071685,0.042131611
1478,45388,39037,862,0.9818,51881,878,79,999,860Z200US45388,39,820,240,0,12,343,111,54,58,65,40,419,121,0,0.021267734,0.065853659,0.041370798,0.155131265,0.051246847
1479,45388,39107,12,0.0137,42528,878,81,999,860Z200US45388,39,820,240,0,12,343,111,54,58,65,40,419,121,0,0.021267734,0.065853659,0.041370798,0.155131265,0.051246847
1480,45388,39149,4,0.0046,48230,878,78,999,860Z200US45388,39,820,240,0,12,343,111,54,58,65,40,419,121,0,0.021267734,0.065853659,0.041370798,0.155131265,0.051246847
1481,45389,39021,503,1,38714,503,9,1000,860Z200US45389,39,594,216,13,19,300,116,57,70,39,35,375,119,0.043333333,0.037128689,0.095959596,0.0684258,0.104,0.053072155
1482,45390,39037,3269,1,51881,3269,79,1001,860Z200US45390,39,3341,222,99,64,1582,221,824,215,261,98,2225,208,0.062579014,0.024011718,0.246632745,0.037829971,0.117303371,0.025931925
1483,45402,39113,10735,1,537309,10735,71,1002,860Z200US45402,39,10438,1055,528,200,4901,688,2286,486,2244,411,7487,720,0.107733116,0.023040811,0.219007473,0.024901038,0.299719514,0.028400904
1484,45403,39113,15130,1,537309,15130,71,1003,860Z200US45403,39,13002,1198,717,235,6034,666,4553,988,1024,349,8958,856,0.118826649,0.0222925,0.350176896,0.041822564,0.11431123,0.022733712
1485,45404,39113,10730,1,537309,10730,71,1004,860Z200US45404,39,10380,1215,421,177,4184,658,3762,950,359,157,6311,565,0.100621415,0.023849792,0.362427746,0.049298636,0.056884804,0.014802645
1486,45405,39113,18124,1,537309,18124,71,1005,860Z200US45405,39,19059,1573,1201,385,10179,1114,4950,860,2322,479,13103,1033,0.117988015,0.02161125,0.259719817,0.024137703,0.177211326,0.020535919
1487,45406,39113,20622,1,537309,20622,71,1006,860Z200US45406,39,19954,1665,1294,403,9977,1101,4898,958,2825,439,13716,1054,0.129698306,0.022961776,0.245464569,0.026396472,0.205963838,0.016911395
1488,45409,39113,12392,1,537309,12392,71,1007,860Z200US45409,39,15788,1396,936,264,7481,772,1548,398,2788,403,4498,468,0.125116963,0.019965113,0.098049151,0.014389863,0.619831036,0.037808572
1489,45410,39113,15758,1,537309,15758,71,1008,860Z200US45410,39,17345,1122,612,203,8142,575,4554,920,2137,320,10747,708,0.075165807,0.014808999,0.26255405,0.030546242,0.19884619,0.016254911
1490,45414,39113,20693,1,537309,20693,71,1009,860Z200US45414,39,20423,901,719,212,9912,736,3919,822,3882,505,14896,775,0.072538337,0.012582917,0.191891495,0.023919977,0.260606874,0.018888941
1491,45415,39113,12811,1,537309,12811,71,1010,860Z200US45415,39,12601,809,278,155,6808,557,1242,513,2760,366,8906,506,0.040834313,0.013690503,0.098563606,0.024447574,0.309903436,0.022573199
1492,45416,39113,5612,1,537309,5612,71,1011,860Z200US45416,39,5547,1236,117,83,2802,794,1100,648,533,148,3741,593,0.041755889,0.016508126,0.19830539,0.065738985,0.142475274,0.01974581
1493,45417,39113,28079,1,537309,28079,71,1012,860Z200US45417,39,28029,1395,1369,292,10630,869,9025,1276,2070,327,19289,1004,0.128786453,0.015423549,0.321987941,0.025903003,0.10731505,0.009730088
1494,45419,39113,16236,1,537309,16236,71,1013,860Z200US45419,39,16852,796,308,131,9567,566,1377,426,6281,575,11167,594,0.032194,0.008243033,0.08171137,0.01518694,0.562460822,0.02547538
1495,45420,39113,25045,1,537309,25045,71,1014,860Z200US45420,39,23600,1364,628,159,13114,911,2972,694,4476,691,17594,1021,0.047887754,0.007087624,0.125932203,0.017320244,0.254404911,0.022124219
1497,45424,39057,637,0.0125,167966,50920,23,1016,860Z200US45424,39,50221,1165,985,303,25637,1325,4210,836,9274,737,34575,1111,0.038421032,0.007082583,0.083829474,0.01005012,0.268228489,0.011851514
1498,45424,39109,320,0.0063,108774,50920,80,1016,860Z200US45424,39,50221,1165,985,303,25637,1325,4210,836,9274,737,34575,1111,0.038421032,0.007082583,0.083829474,0.01005012,0.268228489,0.011851514
1499,45424,39113,49963,0.9812,537309,50920,71,1016,860Z200US45424,39,50221,1165,985,303,25637,1325,4210,836,9274,737,34575,1111,0.038421032,0.007082583,0.083829474,0.01005012,0.268228489,0.011851514
1500,45426,39113,14391,1,537309,14391,71,1017,860Z200US45426,39,13591,896,667,251,6479,510,3524,733,2040,423,9703,622,0.102947986,0.023029495,0.259289236,0.031095518,0.210244254,0.025203131
1502,45429,39113,26514,1,537309,26514,71,1019,860Z200US45429,39,26523,1118,383,111,13714,750,1945,364,9105,655,19522,804,0.027927665,0.00483192,0.073332579,0.008128445,0.466396886,0.016723107
1503,45430,39057,7637,1,167966,7637,23,1020,860Z200US45430,39,7105,438,152,68,3495,317,493,222,2510,313,5212,321,0.043490701,0.011581942,0.069387755,0.018815453,0.481580967,0.031743577
1504,45431,39057,13634,0.5114,167966,26660,23,1021,860Z200US45431,39,26446,1400,376,169,13295,820,2529,538,6620,607,18151,1075,0.028281309,0.007654284,0.095628829,0.011977745,0.364718197,0.015519524
1505,45431,39113,13026,0.4886,537309,26660,71,1021,860Z200US45431,39,26446,1400,376,169,13295,820,2529,538,6620,607,18151,1075,0.028281309,0.007654284,0.095628829,0.011977745,0.364718197,0.015519524
1506,45432,39057,7995,0.5293,167966,15105,23,1022,860Z200US45432,39,15024,1257,210,113,7735,669,1684,494,4027,528,10921,869,0.027149321,0.008765333,0.112087327,0.01915807,0.368739126,0.023359234
1507,45432,39113,7110,0.4707,537309,15105,71,1022,860Z200US45432,39,15024,1257,210,113,7735,669,1684,494,4027,528,10921,869,0.027149321,0.008765333,0.112087327,0.01915807,0.368739126,0.023359234
1508,45433,39057,1567,1,167966,1567,23,1023,860Z200US45433,39,1554,288,53,74,626,137,111,69,297,96,695,169,0.084664537,0.070972458,0.071428571,0.025764319,0.427338129,0.055321367
1509,45434,39057,12628,1,167966,12628,23,1024,860Z200US45434,39,12810,1080,227,106,6570,696,438,184,5152,517,9066,729,0.034550989,0.009552144,0.034192037,0.008554126,0.568277079,0.020739454
1511,45439,39113,11726,1,537309,11726,71,1026,860Z200US45439,39,12591,1365,251,109,5709,640,2935,1107,1203,244,8122,718,0.043965668,0.011213086,0.23310301,0.051191399,0.148116228,0.016436628
1512,45440,39057,9791,0.4318,167966,22676,23,1027,860Z200US45440,39,22256,1253,283,97,11132,737,2254,839,7182,636,15664,795,0.025422206,0.005197279,0.10127606,0.022652892,0.458503575,0.020226412
1513,45440,39113,12885,0.5682,537309,22676,71,1027,860Z200US45440,39,22256,1253,283,97,11132,737,2254,839,7182,636,15664,795,0.025422206,0.005197279,0.10127606,0.022652892,0.458503575,0.020226412
1514,45449,39113,18976,1,537309,18976,71,1028,860Z200US45449,39,19032,1077,405,157,9780,613,2532,609,2987,447,12998,659,0.041411043,0.00963036,0.133039092,0.018906073,0.229804585,0.019669361
1515,45458,39057,285,0.0078,167966,36474,23,1029,860Z200US45458,39,37128,1348,507,168,18562,986,2123,650,15546,1060,26212,940,0.027313867,0.00543082,0.057180565,0.010567462,0.593087136,0.020908532
1516,45458,39165,4041,0.1108,242337,36474,70,1029,860Z200US45458,39,37128,1348,507,168,18562,986,2123,650,15546,1060,26212,940,0.027313867,0.00543082,0.057180565,0.010567462,0.593087136,0.020908532
1517,45458,39113,32148,0.8814,537309,36474,71,1029,860Z200US45458,39,37128,1348,507,168,18562,986,2123,650,15546,1060,26212,940,0.027313867,0.00543082,0.057180565,0.010567462,0.593087136,0.020908532
1518,45459,39057,321,0.0113,167966,28344,23,1030,860Z200US45459,39,28509,1178,381,213,14857,850,1406,430,11023,831,21723,954,0.025644477,0.008669547,0.049317759,0.009084899,0.507434516,0.018901631
1519,45459,39113,28023,0.9887,537309,28344,71,1030,860Z200US45459,39,28509,1178,381,213,14857,850,1406,430,11023,831,21723,954,0.025644477,0.008669547,0.049317759,0.009084899,0.507434516,0.018901631
1521,45502,39021,310,0.0185,38714,16767,9,1032,860Z200US45502,39,17715,1011,337,142,8702,631,1142,405,3041,340,12632,737,0.038726729,0.009771821,0.064465143,0.013716727,0.240737809,0.013957695
1522,45502,39023,16457,0.9815,136001,16767,10,1032,860Z200US45502,39,17715,1011,337,142,8702,631,1142,405,3041,340,12632,737,0.038726729,0.009771821,0.064465143,0.013716727,0.240737809,0.013957695
1523,45503,39023,32870,1,136001,32870,10,1033,860Z200US45503,39,32714,1169,945,267,15249,725,4857,756,3955,499,22910,759,0.061971277,0.010492198,0.148468546,0.013673031,0.172632038,0.012776044
1524,45504,39023,17343,1,136001,17343,10,1034,860Z200US45504,39,16069,1022,518,213,7511,642,1550,413,2870,356,10361,672,0.068965517,0.016862597,0.09645902,0.015172488,0.27700029,0.01780451
1525,45505,39023,19708,1,136001,19708,10,1035,860Z200US45505,39,20485,1186,932,207,9339,746,5344,989,1318,223,12864,713,0.099796552,0.012572619,0.26087381,0.027875947,0.102456468,0.00995664
1526,45506,39023,13330,1,136001,13330,10,1036,860Z200US45506,39,13145,1082,617,181,5892,560,3306,583,1217,239,8995,779,0.104718262,0.017667244,0.251502472,0.023844099,0.135297387,0.014496763
1527,45601,39079,208,0.0037,32653,56849,82,1037,860Z200US45601,39,56300,1123,1528,327,24339,925,8727,1100,7011,597,40942,838,0.062779901,0.008037491,0.155008881,0.011727653,0.171242245,0.00860431
1528,45601,39131,213,0.0037,27088,56849,77,1037,860Z200US45601,39,56300,1123,1528,327,24339,925,8727,1100,7011,597,40942,838,0.062779901,0.008037491,0.155008881,0.011727653,0.171242245,0.00860431
1529,45601,39141,56428,0.9926,77093,56849,18,1037,860Z200US45601,39,56300,1123,1528,327,24339,925,8727,1100,7011,597,40942,838,0.062779901,0.008037491,0.155008881,0.011727653,0.171242245,0.00860431
1530,45612,39141,3525,0.6968,77093,5059,18,1038,860Z200US45612,39,4622,686,62,39,1601,331,598,291,247,99,3072,417,0.038725796,0.013985678,0.12938122,0.036449749,0.080403646,0.018432913
1531,45612,39071,589,0.1164,43317,5059,76,1038,860Z200US45612,39,4622,686,62,39,1601,331,598,291,247,99,3072,417,0.038725796,0.013985678,0.12938122,0.036449749,0.080403646,0.018432913
1532,45612,39131,945,0.1868,27088,5059,77,1038,860Z200US45612,39,4622,686,62,39,1601,331,598,291,247,99,3072,417,0.038725796,0.013985678,0.12938122,0.036449749,0.080403646,0.018432913
1533,45613,39131,2982,0.8419,27088,3542,77,1039,860Z200US45613,39,2646,571,26,26,861,264,746,347,286,114,1969,451,0.030197445,0.017472883,0.281934996,0.070622611,0.145251397,0.028804749
1534,45613,39079,429,0.1211,32653,3542,82,1039,860Z200US45613,39,2646,571,26,26,861,264,746,347,286,114,1969,451,0.030197445,0.017472883,0.281934996,0.070622611,0.145251397,0.028804749
1535,45613,39145,131,0.037,74008,3542,83,1039,860Z200US45613,39,2646,571,26,26,861,264,746,347,286,114,1969,451,0.030197445,0.017472883,0.281934996,0.070622611,0.145251397,0.028804749
1536,45614,39053,4800,1,29220,4800,84,1040,860Z200US45614,39,5077,553,73,127,2237,323,857,354,885,235,3381,332,0.032632991,0.034393065,0.168800473,0.04088657,0.261756877,0.039257654
1537,45616,39001,993,0.8366,27477,1187,73,1041,860Z200US45616,39,1729,422,9,7,514,246,592,321,294,173,1145,307,0.017509728,0.006525874,0.342394448,0.100780983,0.256768559,0.081760133
1538,45616,39145,194,0.1634,74008,1187,83,1041,860Z200US45616,39,1729,422,9,7,514,246,592,321,294,173,1145,307,0.017509728,0.006525874,0.342394448,0.100780983,0.256768559,0.081760133
1541,45619,39087,7348,1,58240,7348,85,1044,860Z200US45619,39,7509,723,78,57,3468,516,837,332,1363,342,5538,540,0.022491349,0.009782189,0.111466241,0.026073695,0.246117732,0.034590526
1542,45620,39053,794,0.9074,29220,875,84,1045,860Z200US45620,39,754,320,10,16,337,159,57,47,76,63,528,196,0.029673591,0.027578477,0.075596817,0.032488416,0.143939394,0.064854547
1543,45620,39105,81,0.0926,22210,875,86,1045,860Z200US45620,39,754,320,10,16,337,159,57,47,76,63,528,196,0.029673591,0.027578477,0.075596817,0.032488416,0.143939394,0.064854547
1544,45621,39079,403,1,32653,403,82,1046,860Z200US45621,39,343,226,67,76,178,102,154,129,16,27,280,208,0.376404494,0.223999559,0.448979592,0.14117394,0.057142857,0.052633824
1545,45622,39163,446,0.9196,12800,485,22,1047,860Z200US45622,39,495,310,15,26,204,190,60,73,0,24,369,198,0.073529412,0.065342598,0.121212121,0.076861551,0,0.039538389
1546,45622,39073,39,0.0804,28050,485,20,1047,860Z200US45622,39,495,310,15,26,204,190,60,73,0,24,369,198,0.073529412,0.065342598,0.121212121,0.076861551,0,0.039538389
1547,45623,39053,2496,0.7716,29220,3235,84,1048,860Z200US45623,39,3480,556,70,54,1468,369,376,161,311,109,2441,372,0.047683924,0.021141161,0.108045977,0.026093103,0.1274068,0.024444718
1548,45623,39087,739,0.2284,58240,3235,85,1048,860Z200US45623,39,3480,556,70,54,1468,369,376,161,311,109,2441,372,0.047683924,0.021141161,0.108045977,0.026093103,0.1274068,0.024444718
1550,45628,39141,5429,1,77093,5429,18,1050,860Z200US45628,39,5434,422,61,54,2792,288,402,189,578,197,3570,313,0.021848138,0.011677339,0.073978653,0.020853032,0.161904762,0.032416454
1551,45629,39145,3201,0.9941,74008,3220,83,1051,860Z200US45629,39,3074,385,61,58,1196,211,412,218,515,161,2388,300,0.051003344,0.028968322,0.134027326,0.041885777,0.215661642,0.03753018
1552,45629,39087,19,0.0059,58240,3220,85,1051,860Z200US45629,39,3074,385,61,58,1196,211,412,218,515,161,2388,300,0.051003344,0.028968322,0.134027326,0.041885777,0.215661642,0.03753018
1553,45630,39145,222,1,74008,222,83,1052,860Z200US45630,39,462,381,0,12,231,187,239,305,12,29,247,158,0,0.031579363,0.517316017,0.306268308,0.048582996,0.068827498
1554,45631,39053,14200,1,29220,14200,84,1053,860Z200US45631,39,13061,739,281,172,5563,444,2109,555,1792,331,9463,500,0.050512313,0.018635016,0.161473088,0.025227428,0.189369122,0.020374889
1555,45634,39163,1874,0.99,12800,1893,22,1054,860Z200US45634,39,1518,291,27,25,619,140,292,140,124,65,1148,225,0.04361874,0.023808097,0.192358366,0.051388392,0.108013937,0.031923172
1556,45634,39079,19,0.01,32653,1893,82,1054,860Z200US45634,39,1518,291,27,25,619,140,292,140,124,65,1148,225,0.04361874,0.023808097,0.192358366,0.051388392,0.108013937,0.031923172
1558,45638,39087,19385,0.9638,58240,20114,85,1056,860Z200US45638,39,20594,848,459,159,8554,575,4102,742,2538,363,13925,603,0.053659107,0.011084785,0.199184228,0.021327639,0.182262118,0.015103166
1559,45638,39145,729,0.0362,74008,20114,83,1056,860Z200US45638,39,20594,848,459,159,8554,575,4102,742,2538,363,13925,603,0.053659107,0.011084785,0.199184228,0.021327639,0.182262118,0.015103166
1560,45640,39079,15896,1,32653,15896,82,1057,860Z200US45640,39,16217,794,444,172,7809,588,2226,488,2331,394,11602,539,0.056857472,0.013134214,0.137263366,0.017830891,0.200913636,0.019849082
1562,45644,39129,935,0.2166,58539,4316,19,1059,860Z200US45644,39,4525,623,131,134,2060,384,1068,381,377,128,3248,437,0.063592233,0.038881041,0.236022099,0.047219221,0.116071429,0.021995462
1563,45644,39141,3381,0.7834,77093,4316,18,1059,860Z200US45644,39,4525,623,131,134,2060,384,1068,381,377,128,3248,437,0.063592233,0.038881041,0.236022099,0.047219221,0.116071429,0.021995462
1564,45645,39087,2750,1,58240,2750,85,1060,860Z200US45645,39,2760,728,0,12,1071,294,852,562,253,162,2019,506,0,0.006811235,0.308695652,0.113455765,0.125309559,0.044885386
1565,45646,39131,363,1,27088,363,77,1061,860Z200US45646,39,803,479,10,16,376,250,103,85,9,27,410,207,0.026595745,0.023528848,0.128268991,0.044466148,0.02195122,0.039461637
1566,45647,39141,1289,0.5349,77093,2410,18,1062,860Z200US45647,39,2860,760,0,12,1172,425,413,432,274,203,2045,553,0,0.00622426,0.144405594,0.088810531,0.13398533,0.0561812
1567,45647,39163,1121,0.4651,12800,2410,22,1062,860Z200US45647,39,2860,760,0,12,1172,425,413,432,274,203,2045,553,0,0.00622426,0.144405594,0.088810531,0.13398533,0.0561812
1568,45648,39131,1812,0.1616,27088,11211,77,1063,860Z200US45648,39,11212,1071,164,77,4663,603,1922,587,1538,306,8047,646,0.035170491,0.009650024,0.171423475,0.030229771,0.191127128,0.021151196
1569,45648,39145,9399,0.8384,74008,11211,83,1063,860Z200US45648,39,11212,1071,164,77,4663,603,1922,587,1538,306,8047,646,0.035170491,0.009650024,0.171423475,0.030229771,0.191127128,0.021151196
1570,45650,39001,348,1,27477,348,73,1064,860Z200US45650,39,415,189,0,12,196,103,91,73,17,27,325,145,0,0.037218535,0.219277108,0.088029171,0.052307692,0.048469129
1571,45651,39163,5691,1,12800,5691,22,1065,860Z200US45651,39,5279,489,107,73,2387,280,1210,369,512,170,3479,336,0.044826142,0.018314221,0.229210078,0.040484481,0.147168727,0.028420527
1572,45652,39145,3131,1,74008,3131,83,1066,860Z200US45652,39,3477,591,134,96,1378,293,908,519,306,150,2452,402,0.09724238,0.040442053,0.261144665,0.086634652,0.124796085,0.035046594
1573,45653,39145,3907,1,74008,3907,83,1067,860Z200US45653,39,3745,676,63,60,1400,311,805,434,566,223,2258,395,0.045,0.02533435,0.214953271,0.0663826,0.250664305,0.053794216
1574,45654,39163,475,0.5702,12800,833,22,1068,860Z200US45654,39,778,295,0,12,353,182,57,67,143,99,520,198,0,0.020665249,0.073264781,0.049552857,0.275,0.096658056
1575,45654,39073,358,0.4298,28050,833,20,1068,860Z200US45654,39,778,295,0,12,353,182,57,67,143,99,520,198,0,0.020665249,0.073264781,0.049552857,0.275,0.096658056
1576,45656,39087,140,0.0214,58240,6532,85,1069,860Z200US45656,39,6442,730,81,48,2513,340,1495,569,682,196,4386,439,0.032232392,0.011304673,0.232070785,0.051258873,0.155494756,0.025464943
1577,45656,39079,6014,0.9207,32653,6532,82,1069,860Z200US45656,39,6442,730,81,48,2513,340,1495,569,682,196,4386,439,0.032232392,0.011304673,0.232070785,0.051258873,0.155494756,0.025464943
1578,45656,39145,23,0.0035,74008,6532,83,1069,860Z200US45656,39,6442,730,81,48,2513,340,1495,569,682,196,4386,439,0.032232392,0.011304673,0.232070785,0.051258873,0.155494756,0.025464943
1579,45656,39053,355,0.0543,29220,6532,84,1069,860Z200US45656,39,6442,730,81,48,2513,340,1495,569,682,196,4386,439,0.032232392,0.011304673,0.232070785,0.051258873,0.155494756,0.025464943
1580,45657,39145,2223,0.8878,74008,2504,83,1070,860Z200US45657,39,1482,328,24,35,638,184,20,33,127,89,1204,258,0.037617555,0.032690265,0.013495277,0.013413969,0.105481728,0.042784002
1581,45657,39001,265,0.1058,27477,2504,73,1070,860Z200US45657,39,1482,328,24,35,638,184,20,33,127,89,1204,258,0.037617555,0.032690265,0.013495277,0.013413969,0.105481728,0.042784002
1582,45657,39131,16,0.0064,27088,2504,77,1070,860Z200US45657,39,1482,328,24,35,638,184,20,33,127,89,1204,258,0.037617555,0.032690265,0.013495277,0.013413969,0.105481728,0.042784002
1583,45658,39087,15,0.0059,58240,2538,85,1071,860Z200US45658,39,2541,531,5,8,1090,288,441,247,285,121,1649,304,0.004587156,0.004400415,0.173553719,0.054824616,0.172832019,0.040181847
1584,45658,39053,2523,0.9941,29220,2538,84,1071,860Z200US45658,39,2541,531,5,8,1090,288,441,247,285,121,1649,304,0.004587156,0.004400415,0.173553719,0.054824616,0.172832019,0.040181847
1585,45659,39087,2611,0.9954,58240,2623,85,1072,860Z200US45659,39,3166,469,91,49,1226,227,735,250,408,173,2049,284,0.074225122,0.022814718,0.232154138,0.043210752,0.199121523,0.048506514
1586,45659,39145,12,0.0046,74008,2623,83,1072,860Z200US45659,39,3166,469,91,49,1226,227,735,250,408,173,2049,284,0.074225122,0.022814718,0.232154138,0.043210752,0.199121523,0.048506514
1587,45660,39001,6488,0.8099,27477,8011,73,1073,860Z200US45660,39,7753,797,186,139,3068,426,1720,394,525,146,5109,513,0.060625815,0.027062292,0.221849607,0.027607524,0.102759836,0.016200128
1588,45660,39071,219,0.0273,43317,8011,76,1073,860Z200US45660,39,7753,797,186,139,3068,426,1720,394,525,146,5109,513,0.060625815,0.027062292,0.221849607,0.027607524,0.102759836,0.016200128
1589,45660,39145,65,0.0081,74008,8011,83,1073,860Z200US45660,39,7753,797,186,139,3068,426,1720,394,525,146,5109,513,0.060625815,0.027062292,0.221849607,0.027607524,0.102759836,0.016200128
1590,45660,39131,1239,0.1547,27088,8011,77,1073,860Z200US45660,39,7753,797,186,139,3068,426,1720,394,525,146,5109,513,0.060625815,0.027062292,0.221849607,0.027607524,0.102759836,0.016200128
1591,45661,39145,25,0.0036,74008,7014,83,1074,860Z200US45661,39,7345,750,221,100,3012,432,1643,368,666,207,4797,515,0.073373174,0.01914197,0.223689585,0.027108031,0.138836773,0.024617608
1592,45661,39131,6989,0.9964,27088,7014,77,1074,860Z200US45661,39,7345,750,221,100,3012,432,1643,368,666,207,4797,515,0.073373174,0.01914197,0.223689585,0.027108031,0.138836773,0.024617608
1593,45662,39145,27718,1,74008,27718,83,1075,860Z200US45662,39,27304,759,1122,267,10522,530,8156,842,3102,382,18659,571,0.10663372,0.015076248,0.298710812,0.018054105,0.166246851,0.012055018
1594,45663,39145,6343,1,74008,6343,83,1076,860Z200US45663,39,6389,364,108,98,2466,340,1436,499,425,137,4382,312,0.04379562,0.023877841,0.224761308,0.046836533,0.096987677,0.018536223
1595,45669,39087,10223,1,58240,10223,85,1077,860Z200US45669,39,10237,581,78,64,4583,490,1173,384,1588,345,7581,454,0.01701942,0.008416771,0.114584351,0.022457727,0.209471046,0.026592947
1596,45671,39131,50,0.1279,27088,391,77,1078,860Z200US45671,39,444,281,2,5,271,191,164,204,0,24,326,185,0.007380074,0.010760981,0.369369369,0.240452795,0,0.044753576
1597,45671,39001,3,0.0077,27477,391,73,1078,860Z200US45671,39,444,281,2,5,271,191,164,204,0,24,326,185,0.007380074,0.010760981,0.369369369,0.240452795,0,0.044753576
1598,45671,39145,338,0.8644,74008,391,83,1078,860Z200US45671,39,444,281,2,5,271,191,164,204,0,24,326,185,0.007380074,0.010760981,0.369369369,0.240452795,0,0.044753576
1599,45672,39079,820,0.4884,32653,1679,82,1079,860Z200US45672,39,1473,660,48,59,563,282,93,84,137,95,935,338,0.085257549,0.058176238,0.063136456,0.030100318,0.146524064,0.052708407
1600,45672,39163,842,0.5015,12800,1679,22,1079,860Z200US45672,39,1473,660,48,59,563,282,93,84,137,95,935,338,0.085257549,0.058176238,0.063136456,0.030100318,0.146524064,0.052708407
1601,45672,39141,17,0.0101,77093,1679,18,1079,860Z200US45672,39,1473,660,48,59,563,282,93,84,137,95,935,338,0.085257549,0.058176238,0.063136456,0.030100318,0.146524064,0.052708407
1602,45673,39141,398,1,77093,398,18,1080,860Z200US45673,39,423,278,0,12,104,87,0,12,12,28,268,152,0,0.070142623,0,0.017245468,0.044776119,0.061607409
1603,45674,39053,686,1,29220,686,84,1081,860Z200US45674,39,743,173,20,24,270,97,154,65,56,35,301,105,0.074074074,0.051557345,0.207267833,0.044357153,0.186046512,0.058651806
1605,45678,39053,140,0.1228,29220,1140,84,1083,860Z200US45678,39,1128,442,10,16,466,246,134,136,59,46,887,306,0.021459227,0.019703426,0.118794326,0.067610421,0.066516347,0.028271825
1606,45678,39087,1000,0.8772,58240,1140,85,1083,860Z200US45678,39,1128,442,10,16,466,246,134,136,59,46,887,306,0.021459227,0.019703426,0.118794326,0.067610421,0.066516347,0.028271825
1607,45679,39071,197,0.0636,43317,3097,76,1084,860Z200US45679,39,3101,465,78,61,1207,233,634,288,367,164,2216,291,0.064623032,0.029771848,0.204450177,0.053293183,0.165613718,0.043002803
1608,45679,39001,2900,0.9364,27477,3097,73,1084,860Z200US45679,39,3101,465,78,61,1207,233,634,288,367,164,2216,291,0.064623032,0.029771848,0.204450177,0.053293183,0.165613718,0.043002803
1609,45680,39087,12326,1,58240,12326,85,1085,860Z200US45680,39,11968,665,202,139,5163,465,2363,667,1140,278,8320,576,0.03912454,0.016225372,0.197443182,0.033216697,0.137019231,0.019476394
1610,45681,39141,1589,1,77093,1589,18,1086,860Z200US45681,39,1480,428,34,32,595,217,311,157,135,73,1023,258,0.057142857,0.030139542,0.210135135,0.0528573,0.131964809,0.038372178
1611,45682,39087,60,0.03,58240,1998,85,1087,860Z200US45682,39,1976,278,75,60,738,203,492,203,234,108,1474,239,0.101626016,0.046409677,0.248987854,0.058708895,0.158751696,0.041701933
1612,45682,39079,4,0.002,32653,1998,82,1087,860Z200US45682,39,1976,278,75,60,738,203,492,203,234,108,1474,239,0.101626016,0.046409677,0.248987854,0.058708895,0.158751696,0.041701933
1613,45682,39145,1934,0.968,74008,1998,83,1087,860Z200US45682,39,1976,278,75,60,738,203,492,203,234,108,1474,239,0.101626016,0.046409677,0.248987854,0.058708895,0.158751696,0.041701933
1614,45684,39145,1171,0.6371,74008,1838,83,1088,860Z200US45684,39,1570,419,59,60,601,184,359,211,183,92,1013,231,0.098169717,0.057873584,0.22866242,0.072790904,0.18065153,0.049203065
1615,45684,39001,667,0.3629,27477,1838,73,1088,860Z200US45684,39,1570,419,59,60,601,184,359,211,183,92,1013,231,0.098169717,0.057873584,0.22866242,0.072790904,0.18065153,0.049203065
1616,45685,39079,421,0.4048,32653,1040,82,1089,860Z200US45685,39,1485,709,0,12,737,352,121,103,92,82,768,245,0,0.009898009,0.081481481,0.034907775,0.119791667,0.060606533
1617,45685,39053,619,0.5952,29220,1040,84,1089,860Z200US45685,39,1485,709,0,12,737,352,121,103,92,82,768,245,0,0.009898009,0.081481481,0.034907775,0.119791667,0.060606533
1618,45686,39163,615,0.182,12800,3379,22,1090,860Z200US45686,39,3704,663,76,72,1401,336,1019,536,308,160,2367,380,0.054246966,0.030223613,0.275107991,0.082718656,0.130122518,0.039080363
1619,45686,39105,213,0.063,22210,3379,86,1090,860Z200US45686,39,3704,663,76,72,1401,336,1019,536,308,160,2367,380,0.054246966,0.030223613,0.275107991,0.082718656,0.130122518,0.039080363
1620,45686,39053,2551,0.755,29220,3379,84,1090,860Z200US45686,39,3704,663,76,72,1401,336,1019,536,308,160,2367,380,0.054246966,0.030223613,0.275107991,0.082718656,0.130122518,0.039080363
1623,45690,39131,12125,0.8964,27088,13527,77,1092,860Z200US45690,39,13581,1048,260,132,5778,640,2154,655,1548,317,9389,765,0.044998269,0.013553151,0.158603932,0.0283589,0.164873788,0.018829994
1624,45690,39141,1402,0.1036,77093,13527,18,1092,860Z200US45690,39,13581,1048,260,132,5778,640,2154,655,1548,317,9389,765,0.044998269,0.013553151,0.158603932,0.0283589,0.164873788,0.018829994
1625,45692,39079,8439,0.9975,32653,8460,82,1093,860Z200US45692,39,8164,590,223,132,3345,380,1741,553,449,156,5414,434,0.066666667,0.023543049,0.213253307,0.040097193,0.082933136,0.01704362
1626,45692,39163,21,0.0025,12800,8460,22,1093,860Z200US45692,39,8164,590,223,132,3345,380,1741,553,449,156,5414,434,0.066666667,0.023543049,0.213253307,0.040097193,0.082933136,0.01704362
1627,45693,39001,8797,1,27477,8797,73,1094,860Z200US45693,39,8575,668,105,92,3415,420,1156,336,847,237,5981,481,0.030746706,0.016214747,0.134810496,0.022948399,0.141615115,0.023072069
1628,45694,39145,11783,1,74008,11783,83,1095,860Z200US45694,39,12530,663,394,219,5213,417,2134,739,2053,386,8633,530,0.07558028,0.025272367,0.170311253,0.035432165,0.23780841,0.025690834
1629,45695,39163,587,1,12800,587,22,1096,860Z200US45695,39,1023,279,1,3,353,124,152,109,190,123,710,184,0.002832861,0.005130774,0.1485826,0.059904464,0.267605634,0.096505965
1630,45696,39087,1253,1,58240,1253,85,1097,860Z200US45696,39,538,191,0,12,172,82,90,63,16,30,406,140,0,0.042411819,0.167286245,0.061351083,0.039408867,0.04415276
1631,45697,39001,3153,0.6531,27477,4828,73,1098,860Z200US45697,39,5639,917,125,85,2420,477,514,217,717,204,3578,521,0.051652893,0.020435271,0.091150913,0.02158826,0.20039128,0.029776587
1632,45697,39071,411,0.0851,43317,4828,76,1098,860Z200US45697,39,5639,917,125,85,2420,477,514,217,717,204,3578,521,0.051652893,0.020435271,0.091150913,0.02158826,0.20039128,0.029776587
1633,45697,39015,1264,0.2618,43676,4828,74,1098,860Z200US45697,39,5639,917,125,85,2420,477,514,217,717,204,3578,521,0.051652893,0.020435271,0.091150913,0.02158826,0.20039128,0.029776587
1636,45701,39009,33705,1,62431,33705,47,1101,860Z200US45701,39,33363,685,1146,230,17420,772,8347,706,8606,665,15528,605,0.065786452,0.00782815,0.250187333,0.012479171,0.554224626,0.022482292
1637,45710,39105,1573,0.2836,22210,5547,86,1102,860Z200US45710,39,5093,524,24,26,2558,353,549,189,803,235,3731,329,0.00938233,0.006128504,0.107795013,0.021528102,0.215223801,0.036509752
1638,45710,39163,479,0.0864,12800,5547,22,1102,860Z200US45710,39,5093,524,24,26,2558,353,549,189,803,235,3731,329,0.00938233,0.006128504,0.107795013,0.021528102,0.215223801,0.036509752
1639,45710,39009,3495,0.6301,62431,5547,47,1102,860Z200US45710,39,5093,524,24,26,2558,353,549,189,803,235,3731,329,0.00938233,0.006128504,0.107795013,0.021528102,0.215223801,0.036509752
1640,45711,39009,901,0.846,62431,1065,47,1103,860Z200US45711,39,937,248,17,15,443,154,85,61,197,81,728,195,0.038374718,0.018918787,0.090715048,0.036785462,0.270604396,0.051315732
1641,45711,39115,43,0.0404,13802,1065,45,1103,860Z200US45711,39,937,248,17,15,443,154,85,61,197,81,728,195,0.038374718,0.018918787,0.090715048,0.036785462,0.270604396,0.051315732
1642,45711,39167,121,0.1136,59771,1065,49,1103,860Z200US45711,39,937,248,17,15,443,154,85,61,197,81,728,195,0.038374718,0.018918787,0.090715048,0.036785462,0.270604396,0.051315732
1643,45714,39167,10149,1,59771,10149,49,1104,860Z200US45714,39,9167,481,120,70,4361,385,1384,335,1303,321,6747,370,0.027516625,0.009645275,0.150976328,0.02168703,0.193122869,0.028196332
1644,45715,39167,1695,0.7027,59771,2412,49,1105,860Z200US45715,39,2197,357,73,60,875,173,519,251,216,84,1447,221,0.083428571,0.040460734,0.236231224,0.065413289,0.149274361,0.032454018
1645,45715,39121,98,0.0406,14115,2412,42,1105,860Z200US45715,39,2197,357,73,60,875,173,519,251,216,84,1447,221,0.083428571,0.040460734,0.236231224,0.065413289,0.149274361,0.032454018
1646,45715,39115,619,0.2566,13802,2412,45,1105,860Z200US45715,39,2197,357,73,60,875,173,519,251,216,84,1447,221,0.083428571,0.040460734,0.236231224,0.065413289,0.149274361,0.032454018
1647,45716,39009,490,1,62431,490,47,1106,860Z200US45716,39,393,115,10,12,173,61,38,26,48,33,263,73,0.057803468,0.040305274,0.096692112,0.036353862,0.182509506,0.069783846
1648,45719,39009,964,1,62431,964,47,1107,860Z200US45719,39,874,220,13,14,394,121,273,116,67,34,692,176,0.032994924,0.020703679,0.312356979,0.065001498,0.096820809,0.025845939
1651,45723,39105,492,0.1385,22210,3552,86,1110,860Z200US45723,39,3650,537,25,19,1756,274,338,151,379,137,3011,490,0.014236902,0.006437412,0.09260274,0.023745989,0.125871803,0.024697933
1652,45723,39167,109,0.0307,59771,3552,49,1110,860Z200US45723,39,3650,537,25,19,1756,274,338,151,379,137,3011,490,0.014236902,0.006437412,0.09260274,0.023745989,0.125871803,0.024697933
1653,45723,39009,2951,0.8308,62431,3552,47,1110,860Z200US45723,39,3650,537,25,19,1756,274,338,151,379,137,3011,490,0.014236902,0.006437412,0.09260274,0.023745989,0.125871803,0.024697933
1654,45724,39167,1785,1,59771,1785,49,1111,860Z200US45724,39,2190,530,55,50,978,311,381,254,122,70,1576,380,0.056237219,0.029115498,0.173972603,0.065695989,0.077411168,0.024500936
1655,45727,39121,464,0.9707,14115,478,42,1112,860Z200US45727,39,766,300,8,8,160,80,125,96,3,17,647,282,0.05,0.026322961,0.163185379,0.06553552,0.004636785,0.015925397
1656,45727,39167,14,0.0293,59771,478,49,1112,860Z200US45727,39,766,300,8,8,160,80,125,96,3,17,647,282,0.05,0.026322961,0.163185379,0.06553552,0.004636785,0.015925397
1657,45729,39167,1460,1,59771,1460,49,1113,860Z200US45729,39,2111,556,129,152,1043,232,157,125,169,103,1190,196,0.123681687,0.086998883,0.074372335,0.033969482,0.142016807,0.050658996
1658,45732,39009,3449,0.7624,62431,4524,47,1114,860Z200US45732,39,4539,336,41,23,1855,292,886,248,340,93,3273,269,0.022102426,0.007234514,0.19519718,0.03203179,0.103880232,0.016474956
1659,45732,39127,178,0.0393,35408,4524,17,1114,860Z200US45732,39,4539,336,41,23,1855,292,886,248,340,93,3273,269,0.022102426,0.007234514,0.19519718,0.03203179,0.103880232,0.016474956
1660,45732,39115,897,0.1983,13802,4524,45,1114,860Z200US45732,39,4539,336,41,23,1855,292,886,248,340,93,3273,269,0.022102426,0.007234514,0.19519718,0.03203179,0.103880232,0.016474956
1661,45734,39111,409,1,13385,409,44,1115,860Z200US45734,39,325,116,0,12,168,68,62,59,16,22,269,101,0,0.043421624,0.190769231,0.10230115,0.059479554,0.047827485
1662,45735,39009,1613,0.9963,62431,1619,47,1116,860Z200US45735,39,1685,361,0,12,829,209,129,116,382,182,1227,254,0,0.008799557,0.076557864,0.04064454,0.311328443,0.081213741
1663,45735,39105,6,0.0037,22210,1619,86,1116,860Z200US45735,39,1685,361,0,12,829,209,129,116,382,182,1227,254,0,0.008799557,0.076557864,0.04064454,0.311328443,0.081213741
1665,45740,39009,406,1,62431,406,47,1118,860Z200US45740,39,333,104,1,2,148,64,68,55,31,35,295,93,0.006756757,0.008020582,0.204204204,0.092617366,0.105084746,0.069255366
1667,45742,39009,70,0.0232,62431,3018,47,1120,860Z200US45742,39,3335,557,153,130,1622,377,254,218,557,174,2440,433,0.09432799,0.04686378,0.076161919,0.038977328,0.228278689,0.035676472
1668,45742,39167,2948,0.9768,59771,3018,49,1120,860Z200US45742,39,3335,557,153,130,1622,377,254,218,557,174,2440,433,0.09432799,0.04686378,0.076161919,0.038977328,0.228278689,0.035676472
1669,45743,39105,1383,1,22210,1383,86,1121,860Z200US45743,39,1336,369,69,80,568,178,46,57,83,45,863,246,0.121478873,0.082433222,0.034431138,0.025283477,0.09617613,0.026963553
1670,45744,39121,76,0.0286,14115,2656,42,1122,860Z200US45744,39,2234,419,16,14,994,226,256,174,232,84,1669,291,0.016096579,0.008267909,0.114592659,0.045509495,0.139005392,0.026814361
1671,45744,39167,2580,0.9714,59771,2656,49,1122,860Z200US45744,39,2234,419,16,14,994,226,256,174,232,84,1669,291,0.016096579,0.008267909,0.114592659,0.045509495,0.139005392,0.026814361
1672,45745,39167,648,0.587,59771,1104,49,1123,860Z200US45745,39,1049,296,11,12,602,208,220,120,186,112,801,217,0.018272425,0.011493826,0.209723546,0.059512568,0.232209738,0.075911556
1673,45745,39111,143,0.1295,13385,1104,44,1123,860Z200US45745,39,1049,296,11,12,602,208,220,120,186,112,801,217,0.018272425,0.011493826,0.209723546,0.059512568,0.232209738,0.075911556
1674,45745,39121,313,0.2835,14115,1104,42,1123,860Z200US45745,39,1049,296,11,12,602,208,220,120,186,112,801,217,0.018272425,0.011493826,0.209723546,0.059512568,0.232209738,0.075911556
1675,45746,39121,44,0.1264,14115,348,42,1124,860Z200US45746,39,373,179,1,3,112,62,42,30,0,24,274,117,0.008928571,0.016003496,0.112600536,0.036214413,0,0.053246955
1676,45746,39167,304,0.8736,59771,348,49,1124,860Z200US45746,39,373,179,1,3,112,62,42,30,0,24,274,117,0.008928571,0.016003496,0.112600536,0.036214413,0,0.053246955
1677,45750,39167,26327,1,59771,26327,49,1125,860Z200US45750,39,26250,511,731,152,12718,542,3927,571,4979,488,18848,580,0.057477591,0.007111158,0.1496,0.013104289,0.264165959,0.014943532
1678,45760,39053,24,0.0073,29220,3309,84,1126,860Z200US45760,39,3734,473,116,76,1460,233,733,206,194,78,2623,361,0.079452055,0.030691127,0.196304231,0.029937217,0.073961113,0.016985092
1679,45760,39105,3285,0.9927,22210,3309,86,1126,860Z200US45760,39,3734,473,116,76,1460,233,733,206,194,78,2623,361,0.079452055,0.030691127,0.196304231,0.029937217,0.073961113,0.016985092
1680,45761,39009,1558,1,62431,1558,47,1127,860Z200US45761,39,1221,331,38,60,687,248,133,89,289,124,1138,296,0.055312955,0.051685755,0.108927109,0.040511819,0.253954306,0.052679976
1681,45764,39073,1231,0.1566,28050,7859,20,1128,860Z200US45764,39,7688,340,302,116,3129,350,1680,464,643,155,5070,365,0.096516459,0.021559728,0.218522373,0.036215833,0.126824458,0.017736631
1682,45764,39009,6628,0.8434,62431,7859,47,1128,860Z200US45764,39,7688,340,302,116,3129,350,1680,464,643,155,5070,365,0.096516459,0.021559728,0.218522373,0.036215833,0.126824458,0.017736631
1683,45766,39009,1229,0.936,62431,1313,47,1129,860Z200US45766,39,1174,395,0,12,465,182,89,103,92,52,712,200,0,0.015687813,0.075809199,0.051030223,0.129213483,0.038526497
1684,45766,39163,84,0.064,12800,1313,22,1129,860Z200US45766,39,1174,395,0,12,465,182,89,103,92,52,712,200,0,0.015687813,0.075809199,0.051030223,0.129213483,0.038526497
1685,45767,39167,1808,0.7813,59771,2314,49,1130,860Z200US45767,39,2598,583,77,75,1015,288,646,341,144,77,1708,337,0.075862069,0.042970725,0.24865281,0.072221171,0.084309133,0.025471548
1686,45767,39111,506,0.2187,13385,2314,44,1130,860Z200US45767,39,2598,583,77,75,1015,288,646,341,144,77,1708,337,0.075862069,0.042970725,0.24865281,0.072221171,0.084309133,0.025471548
1687,45768,39167,1599,1,59771,1599,49,1131,860Z200US45768,39,1567,420,50,64,847,275,66,73,92,59,1172,298,0.059031877,0.044431377,0.042118698,0.027475579,0.078498294,0.028094486
1688,45769,39105,5952,1,22210,5952,86,1132,860Z200US45769,39,5877,547,118,79,2320,338,1229,324,400,139,4125,370,0.050862069,0.020204063,0.209120299,0.031355619,0.096969697,0.019790315
1689,45770,39105,567,1,22210,567,86,1133,860Z200US45770,39,854,355,35,61,361,207,211,197,73,67,589,206,0.096952909,0.097001806,0.2470726,0.125564495,0.123938879,0.063932698
1690,45771,39105,3408,1,22210,3408,86,1134,860Z200US45771,39,3428,308,7,8,1241,215,657,249,306,114,2481,254,0.005640612,0.003873504,0.191656943,0.042897517,0.123337364,0.026857251
1691,45772,39105,1697,1,22210,1697,86,1135,860Z200US45772,39,1533,355,144,121,723,209,361,225,206,105,1144,240,0.199170124,0.095527661,0.235485975,0.082835533,0.18006993,0.050850125
1692,45773,39167,305,1,59771,305,49,1136,860Z200US45773,39,533,304,0,12,180,79,274,331,43,50,338,165,0,0.040526849,0.514071295,0.332789295,0.127218935,0.081617798
1693,45775,39105,1361,1,22210,1361,86,1137,860Z200US45775,39,2123,580,57,41,886,270,322,146,264,130,1547,405,0.064334086,0.025481558,0.151672162,0.033364981,0.170652877,0.043266561
1694,45776,39105,410,0.5616,22210,730,86,1138,860Z200US45776,39,669,361,8,15,239,140,23,26,121,79,586,286,0.033472803,0.036243203,0.034379671,0.020760074,0.206484642,0.054435627
1695,45776,39009,320,0.4384,62431,730,47,1138,860Z200US45776,39,669,361,8,15,239,140,23,26,121,79,586,286,0.033472803,0.036243203,0.034379671,0.020760074,0.206484642,0.054435627
1696,45778,39009,834,1,62431,834,47,1139,860Z200US45778,39,912,280,14,22,366,170,175,129,99,75,637,204,0.038251366,0.034907908,0.191885965,0.078173295,0.155416013,0.064864387
1697,45779,39105,780,1,22210,780,86,1140,860Z200US45779,39,644,162,9,16,303,99,71,59,72,38,487,139,0.02970297,0.031553677,0.110248447,0.053079883,0.147843943,0.039899147
1698,45780,39009,3328,1,62431,3328,47,1141,860Z200US45780,39,2816,447,58,49,1120,288,619,225,795,311,2364,413,0.051785714,0.025333853,0.219815341,0.043695522,0.336294416,0.071555524
1699,45782,39009,313,1,62431,313,47,1142,860Z200US45782,39,420,194,20,16,203,116,93,58,7,18,299,156,0.098522167,0.033532476,0.221428571,0.056405116,0.023411371,0.035834943
1701,45784,39167,3313,1,59771,3313,49,1144,860Z200US45784,39,3250,738,80,67,1693,417,117,73,385,175,2578,577,0.047253396,0.022993629,0.036,0.012718015,0.149340574,0.035916454
1702,45786,39167,3093,0.9788,59771,3160,49,1145,860Z200US45786,39,2854,375,44,43,1392,246,199,106,345,136,2084,326,0.031609195,0.018469014,0.069726699,0.021880329,0.165547025,0.036413948
1703,45786,39115,67,0.0212,13802,3160,45,1145,860Z200US45786,39,2854,375,44,43,1392,246,199,106,345,136,2084,326,0.031609195,0.018469014,0.069726699,0.021880329,0.165547025,0.036413948
1704,45788,39167,961,1,59771,961,49,1146,860Z200US45788,39,975,358,0,12,572,269,48,50,84,80,736,268,0,0.012753204,0.049230769,0.029173555,0.114130435,0.061056097
1707,45801,39003,22819,1,102206,22819,87,1148,860Z200US45801,39,20873,1044,724,298,9529,612,3496,729,1622,311,14082,739,0.075978592,0.018778056,0.167489101,0.020611508,0.115182502,0.012912849
1708,45804,39003,14573,1,102206,14573,87,1149,860Z200US45804,39,14567,773,531,210,6399,472,3538,584,938,227,9547,481,0.082981716,0.019599861,0.242877737,0.023077481,0.098250759,0.014137459
1709,45805,39003,22740,1,102206,22740,87,1150,860Z200US45805,39,24679,1079,956,263,12874,762,2510,526,3554,402,15546,645,0.074258195,0.012127869,0.101705904,0.012671515,0.228611862,0.014623925
1710,45806,39003,8604,0.7656,102206,11238,87,1151,860Z200US45806,39,11282,818,239,92,5516,537,776,263,2053,313,7925,568,0.043328499,0.009809446,0.068782131,0.013843028,0.259053628,0.02119086
1711,45806,39011,2634,0.2344,46422,11238,30,1151,860Z200US45806,39,11282,818,239,92,5516,537,776,263,2053,313,7925,568,0.043328499,0.009809446,0.068782131,0.013843028,0.259053628,0.02119086
1712,45807,39003,11856,1,102206,11856,87,1152,860Z200US45807,39,11910,851,132,66,5927,503,581,231,1846,268,8603,562,0.022270963,0.006671069,0.048782536,0.011598594,0.214576311,0.016911874
1713,45808,39003,282,1,102206,282,87,1153,860Z200US45808,39,279,123,5,7,158,69,20,18,15,16,223,115,0.03164557,0.025588567,0.071684588,0.034191969,0.067264574,0.038180181
1715,45810,39063,212,0.027,74920,7840,29,1155,860Z200US45810,39,7654,210,122,57,3926,409,830,280,1198,264,3957,350,0.031074885,0.008603692,0.108440031,0.022164736,0.302754612,0.037147168
1716,45810,39003,227,0.029,102206,7840,87,1155,860Z200US45810,39,7654,210,122,57,3926,409,830,280,1198,264,3957,350,0.031074885,0.008603692,0.108440031,0.022164736,0.302754612,0.037147168
1717,45810,39065,7401,0.944,30696,7840,26,1155,860Z200US45810,39,7654,210,122,57,3926,409,830,280,1198,264,3957,350,0.031074885,0.008603692,0.108440031,0.022164736,0.302754612,0.037147168
1718,45812,39065,1820,0.9918,30696,1835,26,1156,860Z200US45812,39,1881,424,10,12,786,176,516,272,105,59,1052,192,0.012722646,0.009117949,0.274322169,0.079462601,0.099809886,0.032244894
1719,45812,39003,15,0.0082,102206,1835,87,1156,860Z200US45812,39,1881,424,10,12,786,176,516,272,105,59,1052,192,0.012722646,0.009117949,0.274322169,0.079462601,0.099809886,0.032244894
1720,45813,39125,3555,0.9933,18806,3579,40,1157,860Z200US45813,39,3476,288,29,41,1686,172,310,118,343,85,2358,192,0.017200474,0.014744389,0.089182969,0.020141715,0.145462256,0.020696707
1721,45813,39039,24,0.0067,38286,3579,39,1157,860Z200US45813,39,3476,288,29,41,1686,172,310,118,343,85,2358,192,0.017200474,0.014744389,0.089182969,0.020141715,0.145462256,0.020696707
1722,45814,39063,2646,1,74920,2646,29,1158,860Z200US45814,39,3001,388,9,8,1506,272,147,147,547,159,2086,315,0.005976096,0.003161869,0.048983672,0.029527381,0.262224353,0.039592565
1725,45817,39063,1153,0.1796,74920,6420,29,1161,860Z200US45817,39,6214,287,115,79,3032,271,87,47,1521,232,4155,297,0.03792876,0.015704515,0.014000644,0.004581078,0.366064982,0.029985185
1726,45817,39003,5217,0.8126,102206,6420,87,1161,860Z200US45817,39,6214,287,115,79,3032,271,87,47,1521,232,4155,297,0.03792876,0.015704515,0.014000644,0.004581078,0.366064982,0.029985185
1727,45817,39137,50,0.0078,34451,6420,41,1161,860Z200US45817,39,6214,287,115,79,3032,271,87,47,1521,232,4155,297,0.03792876,0.015704515,0.014000644,0.004581078,0.366064982,0.029985185
1728,45819,39011,233,1,46422,233,30,1162,860Z200US45819,39,258,71,0,12,130,50,23,33,7,13,165,45,0,0.056114099,0.089147287,0.076311378,0.042424242,0.0473761
1729,45820,39003,517,1,102206,517,87,1163,860Z200US45820,39,645,199,14,11,422,158,50,31,67,52,449,113,0.033175355,0.013931067,0.07751938,0.025342637,0.14922049,0.066598791
1730,45821,39125,1200,0.9585,18806,1252,40,1164,860Z200US45821,39,754,152,2,4,389,98,31,36,84,53,636,128,0.005141388,0.006201138,0.041114058,0.02858387,0.132075472,0.048012321
1731,45821,39039,52,0.0415,38286,1252,39,1164,860Z200US45821,39,754,152,2,4,389,98,31,36,84,53,636,128,0.005141388,0.006201138,0.041114058,0.02858387,0.132075472,0.048012321
1732,45822,39107,19945,1,42528,19945,81,1165,860Z200US45822,39,19779,614,262,136,10287,460,1756,370,2623,349,13898,400,0.025469039,0.008006944,0.08878103,0.011247766,0.188732192,0.014903948
1733,45826,39107,358,1,42528,358,81,1166,860Z200US45826,39,302,89,0,12,141,45,3,4,38,24,193,55,0,0.051736403,0.009933775,0.007852556,0.196891192,0.06746158
1734,45827,39125,191,0.0859,18806,2223,40,1167,860Z200US45827,39,2043,337,0,12,1173,253,109,59,234,90,1530,249,0,0.006218954,0.053352912,0.016720632,0.152941176,0.032399986
1735,45827,39137,2032,0.9141,34451,2223,41,1167,860Z200US45827,39,2043,337,0,12,1173,253,109,59,234,90,1530,249,0,0.006218954,0.053352912,0.016720632,0.152941176,0.032399986
1736,45828,39107,6495,1,42528,6495,81,1168,860Z200US45828,39,6555,394,66,58,3378,265,180,127,964,221,4022,317,0.019538188,0.010395971,0.027459954,0.011735009,0.23968175,0.031366803
1737,45830,39137,4570,0.7883,34451,5797,41,1169,860Z200US45830,39,5608,579,60,32,2943,314,422,173,917,213,3783,387,0.02038736,0.006476268,0.075249643,0.018148596,0.242400211,0.030729371
1738,45830,39003,1227,0.2117,102206,5797,87,1169,860Z200US45830,39,5608,579,60,32,2943,314,422,173,917,213,3783,387,0.02038736,0.006476268,0.075249643,0.018148596,0.242400211,0.030729371
1739,45831,39137,2970,0.9825,34451,3023,41,1170,860Z200US45831,39,3601,491,130,102,1605,236,399,266,304,101,2398,308,0.080996885,0.037948602,0.110802555,0.043955543,0.12677231,0.023613219
1740,45831,39039,36,0.0119,38286,3023,39,1170,860Z200US45831,39,3601,491,130,102,1605,236,399,266,304,101,2398,308,0.080996885,0.037948602,0.110802555,0.043955543,0.12677231,0.023613219
1741,45831,39125,17,0.0056,18806,3023,40,1170,860Z200US45831,39,3601,491,130,102,1605,236,399,266,304,101,2398,308,0.080996885,0.037948602,0.110802555,0.043955543,0.12677231,0.023613219
1742,45832,39125,18,0.0063,18806,2854,40,1171,860Z200US45832,39,3217,327,27,19,1473,190,195,76,368,109,2121,231,0.018329939,0.007708391,0.06061548,0.013864365,0.173503065,0.029052071
1743,45832,39161,2836,0.9937,28931,2854,88,1171,860Z200US45832,39,3217,327,27,19,1473,190,195,76,368,109,2121,231,0.018329939,0.007708391,0.06061548,0.013864365,0.173503065,0.029052071
1744,45833,39003,5903,0.5526,102206,10682,87,1172,860Z200US45833,39,10845,348,268,116,5630,375,802,235,1620,272,7695,333,0.047602131,0.012375979,0.07395113,0.013093402,0.210526316,0.020761936
1745,45833,39161,4436,0.4153,28931,10682,88,1172,860Z200US45833,39,10845,348,268,116,5630,375,802,235,1620,272,7695,333,0.047602131,0.012375979,0.07395113,0.013093402,0.210526316,0.020761936
1746,45833,39137,343,0.0321,34451,10682,41,1172,860Z200US45833,39,10845,348,268,116,5630,375,802,235,1620,272,7695,333,0.047602131,0.012375979,0.07395113,0.013093402,0.210526316,0.020761936
1747,45835,39065,487,1,30696,487,26,1173,860Z200US45835,39,428,164,3,4,197,88,7,9,47,39,321,115,0.015228426,0.011629878,0.01635514,0.012202109,0.146417445,0.066619049
1748,45836,39065,1317,0.9887,30696,1332,26,1174,860Z200US45836,39,1435,271,23,22,678,135,301,187,106,46,913,143,0.033923304,0.019293343,0.209756098,0.075469315,0.116100767,0.028563716
1749,45836,39063,15,0.0113,74920,1332,29,1174,860Z200US45836,39,1435,271,23,22,678,135,301,187,106,46,913,143,0.033923304,0.019293343,0.209756098,0.075469315,0.116100767,0.028563716
1751,45840,39063,54901,1,74920,54901,29,1176,860Z200US45840,39,54557,751,1121,267,28513,744,5993,1022,11487,857,37052,561,0.0393154,0.005658229,0.109848415,0.0113505,0.31002375,0.013767984
1752,45841,39063,936,1,74920,936,29,1177,860Z200US45841,39,947,214,23,36,536,142,56,40,199,104,691,162,0.042910448,0.040240195,0.059134108,0.024358135,0.287988423,0.081770689
1753,45843,39063,738,0.1959,74920,3768,29,1178,860Z200US45843,39,3769,636,155,123,2146,447,435,209,363,136,2507,406,0.0722274,0.0336208,0.11541523,0.031562162,0.144794575,0.029737581
1754,45843,39175,716,0.19,21900,3768,28,1178,860Z200US45843,39,3769,636,155,123,2146,447,435,209,363,136,2507,406,0.0722274,0.0336208,0.11541523,0.031562162,0.144794575,0.029737581
1755,45843,39065,2314,0.6141,30696,3768,26,1178,860Z200US45843,39,3769,636,155,123,2146,447,435,209,363,136,2507,406,0.0722274,0.0336208,0.11541523,0.031562162,0.144794575,0.029737581
1756,45844,39161,100,0.0308,28931,3251,88,1179,860Z200US45844,39,2878,325,44,25,1637,191,68,31,416,79,2034,200,0.026878436,0.009085939,0.023627519,0.006343876,0.204523107,0.020199344
1757,45844,39003,111,0.0341,102206,3251,87,1179,860Z200US45844,39,2878,325,44,25,1637,191,68,31,416,79,2034,200,0.026878436,0.009085939,0.023627519,0.006343876,0.204523107,0.020199344
1758,45844,39137,3040,0.9351,34451,3251,41,1179,860Z200US45844,39,2878,325,44,25,1637,191,68,31,416,79,2034,200,0.026878436,0.009085939,0.023627519,0.006343876,0.204523107,0.020199344
1759,45845,39149,3245,0.9924,48230,3270,78,1180,860Z200US45845,39,3276,281,42,28,1674,199,136,99,603,112,2034,188,0.025089606,0.010005068,0.041514042,0.018242707,0.296460177,0.02903457
1760,45845,39011,25,0.0076,46422,3270,30,1180,860Z200US45845,39,3276,281,42,28,1674,199,136,99,603,112,2034,188,0.025089606,0.010005068,0.041514042,0.018242707,0.296460177,0.02903457
1761,45846,39037,261,0.0585,51881,4461,79,1181,860Z200US45846,39,4694,423,27,23,2550,237,74,42,586,147,2855,282,0.010588235,0.005450312,0.015764806,0.005370269,0.20525394,0.028771542
1762,45846,39107,4200,0.9415,42528,4461,81,1181,860Z200US45846,39,4694,423,27,23,2550,237,74,42,586,147,2855,282,0.010588235,0.005450312,0.015764806,0.005370269,0.20525394,0.028771542
1764,45849,39161,156,0.1352,28931,1154,88,1183,860Z200US45849,39,1062,236,11,10,515,131,66,45,52,38,632,133,0.021359223,0.011332447,0.062146893,0.024352051,0.082278481,0.035002736
1765,45849,39137,26,0.0225,34451,1154,41,1183,860Z200US45849,39,1062,236,11,10,515,131,66,45,52,38,632,133,0.021359223,0.011332447,0.062146893,0.024352051,0.082278481,0.035002736
1766,45849,39125,972,0.8423,18806,1154,40,1183,860Z200US45849,39,1062,236,11,10,515,131,66,45,52,38,632,133,0.021359223,0.011332447,0.062146893,0.024352051,0.082278481,0.035002736
1767,45850,39065,246,0.068,30696,3617,26,1184,860Z200US45850,39,3580,535,116,78,1841,272,280,136,341,115,2539,274,0.063009234,0.025126371,0.078212291,0.021973293,0.134304844,0.026086229
1768,45850,39011,50,0.0138,46422,3617,30,1184,860Z200US45850,39,3580,535,116,78,1841,272,280,136,341,115,2539,274,0.063009234,0.025126371,0.078212291,0.021973293,0.134304844,0.026086229
1769,45850,39003,3321,0.9182,102206,3617,87,1184,860Z200US45850,39,3580,535,116,78,1841,272,280,136,341,115,2539,274,0.063009234,0.025126371,0.078212291,0.021973293,0.134304844,0.026086229
1770,45851,39125,676,1,18806,676,40,1185,860Z200US45851,39,587,153,0,12,358,89,70,50,77,42,385,80,0,0.020376628,0.119250426,0.04820991,0.2,0.061316032
1771,45853,39137,1451,1,34451,1451,41,1186,860Z200US45853,39,1553,235,15,23,929,207,17,20,412,115,1124,185,0.016146394,0.014890579,0.010946555,0.007763726,0.366548043,0.050232872
1772,45854,39003,461,1,102206,461,87,1187,860Z200US45854,39,359,142,17,21,203,89,25,28,18,24,243,97,0.083743842,0.058792505,0.069637883,0.044357807,0.074074074,0.057285938
1774,45856,39063,17,0.0033,74920,5094,29,1189,860Z200US45856,39,5245,387,77,40,2745,257,519,171,777,145,3349,252,0.028051002,0.008713272,0.098951382,0.019315776,0.232009555,0.024085611
1775,45856,39069,49,0.0096,27662,5094,38,1189,860Z200US45856,39,5245,387,77,40,2745,257,519,171,777,145,3349,252,0.028051002,0.008713272,0.098951382,0.019315776,0.232009555,0.024085611
1776,45856,39137,5028,0.987,34451,5094,41,1189,860Z200US45856,39,5245,387,77,40,2745,257,519,171,777,145,3349,252,0.028051002,0.008713272,0.098951382,0.019315776,0.232009555,0.024085611
1777,45858,39063,3038,1,74920,3038,29,1190,860Z200US45858,39,2604,398,30,30,1395,221,112,76,396,162,1836,255,0.021505376,0.01290808,0.043010753,0.017286252,0.215686275,0.050452556
1778,45859,39065,461,1,30696,461,26,1191,860Z200US45859,39,380,109,16,12,190,69,84,48,16,19,280,85,0.084210526,0.033592764,0.221052632,0.06641238,0.057142857,0.039879882
1779,45860,39107,2444,1,42528,2444,81,1192,860Z200US45860,39,2618,183,0,12,1627,207,0,12,407,180,1629,208,0,0.00448361,0,0.002786414,0.249846532,0.064311147
1780,45861,39125,223,1,18806,223,40,1193,860Z200US45861,39,388,220,40,49,166,105,52,37,15,20,260,147,0.240963855,0.153669285,0.134020619,0.035021972,0.057692308,0.042349506
1781,45862,39107,1368,0.9716,42528,1408,81,1194,860Z200US45862,39,1314,262,56,55,594,135,99,45,95,46,987,183,0.094276094,0.054759513,0.075342466,0.018708682,0.096251266,0.026172516
1782,45862,39011,40,0.0284,46422,1408,30,1194,860Z200US45862,39,1314,262,56,55,594,135,99,45,95,46,987,183,0.094276094,0.054759513,0.075342466,0.018708682,0.096251266,0.026172516
1783,45863,39161,1135,1,28931,1135,88,1195,860Z200US45863,39,1246,238,5,8,780,164,130,78,92,54,833,167,0.006410256,0.006180831,0.104333868,0.036075007,0.110444178,0.037037887
1785,45865,39107,35,0.0067,42528,5251,81,1197,860Z200US45865,39,5437,418,13,13,2718,265,221,131,1127,164,3471,286,0.004782929,0.002893703,0.040647416,0.014523194,0.324690291,0.023674538
1786,45865,39149,1244,0.2369,48230,5251,78,1197,860Z200US45865,39,5437,418,13,13,2718,265,221,131,1127,164,3471,286,0.004782929,0.002893703,0.040647416,0.014523194,0.324690291,0.023674538
1787,45865,39011,3972,0.7564,46422,5251,30,1197,860Z200US45865,39,5437,418,13,13,2718,265,221,131,1127,164,3471,286,0.004782929,0.002893703,0.040647416,0.014523194,0.324690291,0.023674538
1789,45867,39063,1120,0.9842,74920,1138,29,1199,860Z200US45867,39,1001,207,12,12,474,120,49,39,167,74,753,164,0.025316456,0.014888588,0.048951049,0.022871145,0.221779548,0.052026514
1790,45867,39175,18,0.0158,21900,1138,28,1199,860Z200US45867,39,1001,207,12,12,474,120,49,39,167,74,753,164,0.025316456,0.014888588,0.048951049,0.022871145,0.221779548,0.052026514
1791,45868,39137,8,0.0113,34451,705,41,1200,860Z200US45868,39,813,257,26,24,471,168,29,23,65,44,509,141,0.055201699,0.028569921,0.035670357,0.015772644,0.127701375,0.047947972
1792,45868,39063,697,0.9887,74920,705,29,1200,860Z200US45868,39,813,257,26,24,471,168,29,23,65,44,509,141,0.055201699,0.028569921,0.035670357,0.015772644,0.127701375,0.047947972
1793,45869,39149,173,0.0379,48230,4567,78,1201,860Z200US45869,39,4451,619,16,18,2425,299,166,110,1088,168,2965,356,0.006597938,0.004485085,0.03729499,0.014688854,0.366947723,0.021658104
1794,45869,39011,4301,0.9418,46422,4567,30,1201,860Z200US45869,39,4451,619,16,18,2425,299,166,110,1088,168,2965,356,0.006597938,0.004485085,0.03729499,0.014688854,0.366947723,0.021658104
1795,45869,39107,93,0.0204,42528,4567,81,1201,860Z200US45869,39,4451,619,16,18,2425,299,166,110,1088,168,2965,356,0.006597938,0.004485085,0.03729499,0.014688854,0.366947723,0.021658104
1796,45870,39011,116,1,46422,116,30,1202,860Z200US45870,39,449,314,86,92,246,177,0,12,0,24,247,173,0.349593496,0.168239852,0,0.016246844,0,0.059067472
1797,45871,39149,418,0.207,48230,2019,78,1203,860Z200US45871,39,2030,282,68,65,1198,195,145,89,407,106,1406,172,0.056761269,0.032501321,0.071428571,0.025960331,0.289473684,0.040460073
1798,45871,39011,1601,0.793,46422,2019,30,1203,860Z200US45871,39,2030,282,68,65,1198,195,145,89,407,106,1406,172,0.056761269,0.032501321,0.071428571,0.025960331,0.289473684,0.040460073
1799,45872,39063,93,0.0226,74920,4120,29,1204,860Z200US45872,39,4462,252,60,36,1869,276,624,294,290,103,2940,314,0.032102729,0.011349017,0.139847602,0.039765744,0.098639456,0.020311564
1800,45872,39173,4027,0.9774,132248,4120,31,1204,860Z200US45872,39,4462,252,60,36,1869,276,624,294,290,103,2940,314,0.032102729,0.011349017,0.139847602,0.039765744,0.098639456,0.020311564
1801,45873,39125,2221,0.9937,18806,2235,40,1205,860Z200US45873,39,2002,351,10,10,886,208,171,68,178,66,1443,222,0.011286682,0.006669452,0.085414585,0.018532883,0.123354123,0.025297967
1802,45873,39137,14,0.0063,34451,2235,41,1205,860Z200US45873,39,2002,351,10,10,886,208,171,68,178,66,1443,222,0.011286682,0.006669452,0.085414585,0.018532883,0.123354123,0.025297967
1803,45874,39161,2079,1,28931,2079,88,1206,860Z200US45874,39,2257,328,45,46,1192,214,99,61,225,99,1489,206,0.037751678,0.023094699,0.043863536,0.015966285,0.151108126,0.038368046
1804,45875,39137,11273,1,34451,11273,41,1207,860Z200US45875,39,11052,571,31,28,5473,362,647,206,2387,339,7116,367,0.00566417,0.003101695,0.05854144,0.011180627,0.335441259,0.026982907
1805,45876,39137,958,1,34451,958,41,1208,860Z200US45876,39,960,175,18,12,518,112,31,33,193,61,659,117,0.034749035,0.013321462,0.032291667,0.020587986,0.292867982,0.046553488
1806,45877,39137,2132,0.9522,34451,2239,41,1209,860Z200US45877,39,2348,307,25,18,1349,194,44,40,473,119,1654,219,0.018532246,0.007947931,0.018739353,0.010248424,0.285973398,0.037189578
1807,45877,39003,105,0.0469,102206,2239,87,1209,860Z200US45877,39,2348,307,25,18,1349,194,44,40,473,119,1654,219,0.018532246,0.007947931,0.018739353,0.010248424,0.285973398,0.037189578
1808,45877,39063,2,9.00E-04,74920,2239,29,1209,860Z200US45877,39,2348,307,25,18,1349,194,44,40,473,119,1654,219,0.018532246,0.007947931,0.018739353,0.010248424,0.285973398,0.037189578
1809,45879,39125,5963,1,18806,5963,40,1210,860Z200US45879,39,6231,402,211,106,2925,310,727,289,718,190,4345,289,0.072136752,0.02153416,0.116674691,0.027821333,0.165247411,0.025729227
1810,45880,39125,2390,1,18806,2390,40,1211,860Z200US45880,39,2864,406,47,34,1356,206,285,209,473,135,1848,207,0.034660767,0.014902503,0.099511173,0.043524867,0.255952381,0.04084554
1811,45881,39063,1485,1,74920,1485,29,1212,860Z200US45881,39,1352,368,24,27,533,166,204,160,186,106,959,269,0.045028143,0.029590761,0.150887574,0.067469995,0.193952033,0.058489983
1812,45882,39107,2886,0.9604,42528,3005,81,1213,860Z200US45882,39,2865,350,29,28,1508,293,294,143,339,120,2115,242,0.019230769,0.011056411,0.102617801,0.029369474,0.160283688,0.032639374
1813,45882,39161,119,0.0396,28931,3005,88,1213,860Z200US45882,39,2865,350,29,28,1508,293,294,143,339,120,2115,242,0.019230769,0.011056411,0.102617801,0.029369474,0.160283688,0.032639374
1814,45883,39107,4016,0.9975,42528,4026,81,1214,860Z200US45883,39,3849,198,4,7,2039,237,265,288,636,159,2092,189,0.001961746,0.002082355,0.068849052,0.045435113,0.304015296,0.043080535
1815,45883,39037,10,0.0025,51881,4026,79,1214,860Z200US45883,39,3849,198,4,7,2039,237,265,288,636,159,2092,189,0.001961746,0.002082355,0.068849052,0.045435113,0.304015296,0.043080535
1817,45885,39011,12818,0.9965,46422,12863,30,1216,860Z200US45885,39,12926,464,120,56,7188,382,863,273,1346,212,8765,368,0.016694491,0.004705215,0.06676466,0.012756111,0.153565317,0.01417139
1818,45885,39107,45,0.0035,42528,12863,81,1216,860Z200US45885,39,12926,464,120,56,7188,382,863,273,1346,212,8765,368,0.016694491,0.004705215,0.06676466,0.012756111,0.153565317,0.01417139
1819,45886,39125,201,0.4379,18806,459,40,1217,860Z200US45886,39,486,164,10,16,273,98,23,17,24,29,336,92,0.036630037,0.034719719,0.047325103,0.018918632,0.071428571,0.051102986
1820,45886,39161,258,0.5621,28931,459,88,1217,860Z200US45886,39,486,164,10,16,273,98,23,17,24,29,336,92,0.036630037,0.034719719,0.047325103,0.018918632,0.071428571,0.051102986
1821,45887,39107,34,0.0073,42528,4688,81,1218,860Z200US45887,39,4404,370,77,54,1888,288,507,208,388,102,2898,300,0.040783898,0.016970753,0.115122616,0.028102641,0.133885438,0.019667447
1822,45887,39003,3856,0.8225,102206,4688,87,1218,860Z200US45887,39,4404,370,77,54,1888,288,507,208,388,102,2898,300,0.040783898,0.016970753,0.115122616,0.028102641,0.133885438,0.019667447
1823,45887,39161,317,0.0676,28931,4688,88,1218,860Z200US45887,39,4404,370,77,54,1888,288,507,208,388,102,2898,300,0.040783898,0.016970753,0.115122616,0.028102641,0.133885438,0.019667447
1824,45887,39011,481,0.1026,46422,4688,30,1218,860Z200US45887,39,4404,370,77,54,1888,288,507,208,388,102,2898,300,0.040783898,0.016970753,0.115122616,0.028102641,0.133885438,0.019667447
1825,45888,39011,188,1,46422,188,30,1219,860Z200US45888,39,319,159,26,33,188,109,12,17,6,24,274,145,0.138297872,0.094922577,0.037617555,0.030324734,0.02189781,0.052778905
1826,45889,39063,1481,1,74920,1481,29,1220,860Z200US45889,39,1849,326,22,30,973,204,79,93,388,130,1152,252,0.022610483,0.018520283,0.042725798,0.030231092,0.336805556,0.051961678
1827,45890,39063,653,1,74920,653,29,1221,860Z200US45890,39,821,201,0,12,459,115,69,74,118,49,556,131,0,0.015892882,0.084043849,0.053345906,0.212230216,0.044115565
1828,45891,39161,15633,1,28931,15633,88,1222,860Z200US45891,39,15234,295,355,144,7524,306,1626,387,1981,263,10492,279,0.04718235,0.011575876,0.106734935,0.015391782,0.188810522,0.014929329
1830,45894,39161,643,0.9908,28931,649,88,1224,860Z200US45894,39,679,210,29,36,282,131,24,25,105,60,443,132,0.102836879,0.071966102,0.035346097,0.021372981,0.237020316,0.070254763
1831,45894,39107,6,0.0092,42528,649,81,1224,860Z200US45894,39,679,210,29,36,282,131,24,25,105,60,443,132,0.102836879,0.071966102,0.035346097,0.021372981,0.237020316,0.070254763
1832,45895,39003,18,0.001,102206,17974,87,1225,860Z200US45895,39,17655,611,254,131,9286,475,1378,401,2363,356,12506,452,0.027353005,0.008533557,0.078051543,0.013709373,0.188949304,0.016799415
1833,45895,39091,20,0.0011,46150,17974,16,1225,860Z200US45895,39,17655,611,254,131,9286,475,1378,401,2363,356,12506,452,0.027353005,0.008533557,0.078051543,0.013709373,0.188949304,0.016799415
1834,45895,39011,17936,0.9979,46422,17974,30,1225,860Z200US45895,39,17655,611,254,131,9286,475,1378,401,2363,356,12506,452,0.027353005,0.008533557,0.078051543,0.013709373,0.188949304,0.016799415
1835,45896,39003,181,0.091,102206,1990,87,1226,860Z200US45896,39,1684,311,48,30,848,190,102,42,173,53,1182,221,0.056603774,0.020076562,0.060570071,0.013551008,0.146362098,0.021592857
1836,45896,39065,122,0.0613,30696,1990,26,1226,860Z200US45896,39,1684,311,48,30,848,190,102,42,173,53,1182,221,0.056603774,0.020076562,0.060570071,0.013551008,0.146362098,0.021592857
1837,45896,39011,1687,0.8477,46422,1990,30,1226,860Z200US45896,39,1684,311,48,30,848,190,102,42,173,53,1182,221,0.056603774,0.020076562,0.060570071,0.013551008,0.146362098,0.021592857
1839,45898,39107,236,0.1886,42528,1251,81,1228,860Z200US45898,39,779,130,15,19,360,87,57,37,101,55,566,97,0.041666667,0.031494408,0.073170732,0.027902948,0.17844523,0.056070207
1840,45898,39161,1015,0.8114,28931,1251,88,1228,860Z200US45898,39,779,130,15,19,360,87,57,37,101,55,566,97,0.041666667,0.031494408,0.073170732,0.027902948,0.17844523,0.056070207
