County,Year,Population,HPSA,MU,HIDTA,MSA,Interstates,Deaths,CountyName,doses.dispensed,Name,HS_Ed,Unemployed,Food_Stamps,Poverty
39001,2010,28578,1,1,0,0,0,1,Adams,3256253,"Adams County, Ohio",74.7,11.4,17.1,23
39003,2010,106586,1,1,0,1,1,2,Allen,5937495,"Allen County, Ohio",87.2,10.1,11.8,16.3
39005,2010,53341,0,0,0,0,1,4,Ashland,2350942,"Ashland County, Ohio",85.6,8.3,6.8,15.6
39007,2010,101867,1,1,0,0,1,4,Ashtabula,7817461,"Ashtabula County, Ohio",84.2,9.4,15.1,15.7
39009,2010,64455,1,1,0,0,0,3,Athens,4477619,"Athens County, Ohio",86.8,11.3,16.9,30.3
39011,2010,46023,1,0,0,0,1,2,Auglaize,2386253,"Auglaize County, Ohio",90.3,6.7,5.8,7.2
39013,2010,70403,1,1,0,1,1,4,Belmont,5717864,"Belmont County, Ohio",86.8,6.7,11.5,15.2
39015,2010,44618,1,1,0,1,0,5,Brown,3947324,"Brown County, Ohio",80,9.7,8.7,12.4
39017,2010,363465,0,1,0,1,1,44,Butler,29085327,"Butler County, Ohio",86.8,8,9.7,12.8
39019,2010,28988,1,1,0,1,0,0,Carroll,1430932,"Carroll County, Ohio",83.3,6.9,7.4,12.6
39021,2010,40140,1,0,0,0,0,7,Champaign,2882870,"Champaign County, Ohio",88.4,7.9,10.5,12.9
39023,2010,139374,0,1,0,1,1,15,Clark,11549375,"Clark County, Ohio",84.8,9.3,14.4,15.9
39025,2010,195312,0,1,0,1,0,46,Clermont,15403254,"Clermont County, Ohio",87.2,6.9,6.2,9.3
39027,2010,42416,0,1,0,0,1,1,Clinton,3984247,"Clinton County, Ohio",86.3,10.5,10.1,14
39029,2010,108609,1,1,0,0,0,2,Columbiana,7436923,"Columbiana County, Ohio",85.3,9.8,13.4,16
39031,2010,37046,1,1,0,0,0,1,Coshocton,2186414,"Coshocton County, Ohio",85,10.6,14.6,17
39033,2010,44294,1,0,0,0,0,2,Crawford,3427521,"Crawford County, Ohio",85.8,10.3,12,13
39035,2010,1293825,0,1,1,1,4,134,Cuyahoga,65520277,"Cuyahoga County, Ohio",86.4,10.5,13.1,16.4
39037,2010,52945,1,1,0,0,0,2,Darke,2371072,"Darke County, Ohio",85.6,8.9,6.6,10.6
39039,2010,39119,0,1,0,0,0,1,Defiance,1871211,"Defiance County, Ohio",87.8,9.4,11.6,12.7
39041,2010,166108,0,0,0,1,1,12,Delaware,7534993,"Delaware County, Ohio",95.6,4.2,4.2,4.6
39043,2010,77454,1,1,0,1,1,2,Erie,5972483,"Erie County, Ohio",88.9,8,10.2,12.5
39045,2010,143949,1,1,1,1,1,17,Fairfield,9803774,"Fairfield County, Ohio",91.6,6.9,9.7,10.4
39047,2010,28913,1,1,0,0,1,1,Fayette,2186240,"Fayette County, Ohio",82.2,10.3,13,17.4
39049,2010,1141117,0,1,1,1,2,168,Franklin,80603073,"Franklin County, Ohio",88.9,8,11.4,17
39051,2010,42756,0,0,0,1,1,5,Fulton,2514034,"Fulton County, Ohio",88.3,9.9,6.9,10.5
39053,2010,30943,1,0,0,0,0,1,Gallia,3820563,"Gallia County, Ohio",80.8,9,15.9,21.3
39055,2010,93604,0,0,0,1,0,6,Geauga,3919385,"Geauga County, Ohio",89.8,6,4,7.6
39057,2010,159940,0,1,1,1,0,8,Greene,8367253,"Greene County, Ohio",91.7,6.6,7.4,11.4
39059,2010,40351,1,1,0,0,2,5,Guernsey,3853872,"Guernsey County, Ohio",84.3,8.2,16,17.3
39061,2010,802194,0,1,1,1,3,95,Hamilton,49732770,"Hamilton County, Ohio",87.7,7.8,10.2,15.4
39063,2010,74670,0,0,0,0,1,2,Hancock,3383360,"Hancock County, Ohio",90.7,6.3,7.7,11.4
39065,2010,32104,1,1,0,0,0,7,Hardin,2233930,"Hardin County, Ohio",86.2,8.4,8,16.2
39067,2010,15867,1,1,0,0,0,0,Harrison,1301437,"Harrison County, Ohio",83.6,7,13.3,18.4
39069,2010,28546,0,0,0,0,0,1,Henry,1383934,"Henry County, Ohio",87.6,9.1,8.5,10.6
39071,2010,43648,1,1,0,0,0,7,Highland,4005598,"Highland County, Ohio",80,12.1,14.9,16.2
39073,2010,29338,1,1,0,1,0,2,Hocking,2815548,"Hocking County, Ohio",84,8.4,14.2,15.3
39075,2010,42068,1,1,0,0,0,0,Holmes,788335,"Holmes County, Ohio",56.3,5.7,5.4,13.3
39077,2010,59932,1,0,0,0,0,4,Huron,5322244,"Huron County, Ohio",86.4,9.1,10.1,14.5
39079,2010,33165,1,1,0,0,0,5,Jackson,4419390,"Jackson County, Ohio",79.4,11.9,19.8,23.3
39081,2010,70041,0,1,0,1,0,2,Jefferson,6976149,"Jefferson County, Ohio",87.3,8.3,15,17.7
39083,2010,60201,1,1,0,0,0,8,Knox,4171688,"Knox County, Ohio",87.5,7.2,11.8,13.1
39085,2010,229418,0,1,0,1,1,34,Lake,14201451,"Lake County, Ohio",90.7,6.4,6,8.1
39087,2010,62647,1,1,0,1,0,7,Lawrence,5298064,"Lawrence County, Ohio",82,7.1,16.5,19.4
39089,2010,163708,0,0,0,1,1,11,Licking,10009377,"Licking County, Ohio",88.2,7.7,11.4,11.1
39091,2010,46006,1,1,0,0,0,4,Logan,3541799,"Logan County, Ohio",85.9,8.7,10.8,14.8
39093,2010,299605,0,1,1,1,2,13,Lorain,17730640,"Lorain County, Ohio",88.5,9.2,10.4,13.1
39095,2010,444046,0,1,1,1,2,35,Lucas,32510341,"Lucas County, Ohio",87.1,12.1,15.2,18
39097,2010,42844,0,1,0,1,2,9,Madison,3757318,"Madison County, Ohio",84.4,6.1,8.7,11.7
39099,2010,241899,0,1,1,1,2,35,Mahoning,18616080,"Mahoning County, Ohio",87.3,10.4,13.4,16.6
39101,2010,66530,0,1,0,0,0,7,Marion,5144447,"Marion County, Ohio",83,7.9,14.7,17.3
39103,2010,170137,0,1,0,1,2,8,Medina,9013566,"Medina County, Ohio",92.5,5.9,4.7,6.3
39105,2010,23649,1,1,0,0,0,1,Meigs,2208261,"Meigs County, Ohio",82.2,14.1,19,20.8
39107,2010,40958,1,0,0,0,0,1,Mercer,1573417,"Mercer County, Ohio",88.3,6.2,6.4,8.3
39109,2010,102315,1,1,0,1,1,8,Miami,5879586,"Miami County, Ohio",87.5,6.2,6.7,9.5
39111,2010,14751,1,1,0,0,0,2,Monroe,816212,"Monroe County, Ohio",85.5,7.1,11.9,17.3
39113,2010,538461,0,1,1,1,2,46,Montgomery,42175205,"Montgomery County, Ohio",87.7,9.8,11.6,15.7
39115,2010,15113,1,1,0,0,0,1,Morgan,1121161,"Morgan County, Ohio",83,7.7,16.1,19.1
39117,2010,34815,1,1,0,1,1,3,Morrow,2059963,"Morrow County, Ohio",86.3,5.9,11.3,10.8
39119,2010,85951,1,1,0,0,1,2,Muskingum,8088355,"Muskingum County, Ohio",86.5,10.8,17.2,16.6
39121,2010,14634,1,1,0,0,1,0,Noble,872697,"Noble County, Ohio",80.3,8.6,12.3,14.9
39123,2010,41553,1,1,0,0,1,0,Ottawa,2672201,"Ottawa County, Ohio",89.7,7.1,7.2,9
39125,2010,19679,1,1,0,0,0,1,Paulding,992906,"Paulding County, Ohio",86.1,8.7,11.7,11
39127,2010,35843,1,1,0,1,0,2,Perry,4043053,"Perry County, Ohio",84.2,10.9,17.4,18.5
39129,2010,55128,1,1,0,1,0,6,Pickaway,5217030,"Pickaway County, Ohio",82.9,7.6,12.1,12.4
39131,2010,28674,1,1,0,0,0,1,Pike,2755479,"Pike County, Ohio",77.4,17.8,23.3,23.6
39133,2010,159943,0,1,0,1,2,11,Portage,10304029,"Portage County, Ohio",90.4,9.2,8.9,13.5
39135,2010,42502,1,0,0,1,1,2,Preble,3265508,"Preble County, Ohio",85.6,7.8,8,9.4
39137,2010,34647,1,1,0,0,0,1,Putnam,1506944,"Putnam County, Ohio",90.9,5,6.1,7.1
39139,2010,125980,0,1,0,0,1,12,Richland,7957019,"Richland County, Ohio",84.3,8.9,10.9,12.4
39141,2010,77537,1,1,0,0,0,16,Ross,8353145,"Ross County, Ohio",82.3,11.4,16,17.3
39143,2010,61284,1,1,0,0,1,1,Sandusky,3364606,"Sandusky County, Ohio",87.4,6.6,8.5,10.9
39145,2010,78988,1,1,1,0,0,9,Scioto,9692370,"Scioto County, Ohio",81.2,12.2,21.8,20.8
39147,2010,57091,1,0,0,0,0,0,Seneca,3423892,"Seneca County, Ohio",87.5,9,10,11.9
39149,2010,49350,1,0,0,0,1,3,Shelby,2668512,"Shelby County, Ohio",85.5,7,8.5,11.9
39151,2010,376346,0,1,1,1,1,27,Stark,27094161,"Stark County, Ohio",87.8,8.8,10.6,12.7
39153,2010,543150,0,1,1,1,3,42,Summit,38809911,"Summit County, Ohio",89.5,8.6,10.8,13.8
39155,2010,212780,0,1,0,1,2,32,Trumbull,18689988,"Trumbull County, Ohio",86.5,9,11.1,15.4
39157,2010,92508,1,1,0,0,1,4,Tuscarawas,5749716,"Tuscarawas County, Ohio",84.5,7.3,11,12.8
39159,2010,50708,1,1,0,1,0,11,Union,2885649,"Union County, Ohio",90.3,5.9,6.4,6.4
39161,2010,29029,1,1,0,0,0,3,Van Wert,1402147,"Van Wert County, Ohio",89.9,9.3,6.7,8.8
39163,2010,13485,1,1,0,0,0,1,Vinton,1555687,"Vinton County, Ohio",76.3,9.7,20.4,19.5
39165,2010,207790,0,1,1,1,2,19,Warren,11512300,"Warren County, Ohio",90.8,6.3,3.9,6
39167,2010,62066,1,1,0,1,1,2,Washington,5004282,"Washington County, Ohio",88,8.3,11.1,15.2
39169,2010,114438,1,0,0,0,1,3,Wayne,6598832,"Wayne County, Ohio",84.7,6.4,8.6,9.9
39171,2010,38172,0,0,0,0,1,3,Williams,1655433,"Williams County, Ohio",88.7,10.7,8.9,11.8
39173,2010,125295,0,1,0,1,2,5,Wood,5908407,"Wood County, Ohio",92.2,9.6,6.4,12.2
39175,2010,22665,1,0,0,0,0,0,Wyandot,1029444,"Wyandot County, Ohio",87.6,7.4,8,8.2
39001,2011,28551,1,1,0,0,0,0,Adams,3328188,"Adams County, Ohio",76.9,14.5,17.4,22.8
39003,2011,106468,1,1,0,1,1,5,Allen,6178927,"Allen County, Ohio",87.5,10.9,14.1,18
39005,2011,53331,0,0,0,0,1,4,Ashland,2420533,"Ashland County, Ohio",86.4,10,7.5,14.6
39007,2011,101676,1,1,0,0,1,3,Ashtabula,7952634,"Ashtabula County, Ohio",84.9,10.7,16.2,17.2
39009,2011,64562,1,1,0,0,0,12,Athens,4675065,"Athens County, Ohio",87.1,11.9,19.2,31.5
39011,2011,45986,1,0,0,0,1,3,Auglaize,2420350,"Auglaize County, Ohio",90.3,7.1,6.2,7.2
39013,2011,70346,1,1,0,1,1,1,Belmont,5409367,"Belmont County, Ohio",87,7.6,11.6,14.2
39015,2011,44688,1,1,0,1,0,6,Brown,4819727,"Brown County, Ohio",80.9,11.5,9.9,12.2
39017,2011,366167,0,1,0,1,1,55,Butler,29402916,"Butler County, Ohio",87.6,8.6,10.6,12.8
39019,2011,28913,1,1,0,1,0,0,Carroll,1420990,"Carroll County, Ohio",84.1,7.3,8.3,13.9
39021,2011,40092,1,0,0,0,0,6,Champaign,2935419,"Champaign County, Ohio",87.1,10.6,13,15.1
39023,2011,138782,0,1,0,1,1,35,Clark,11276141,"Clark County, Ohio",85.4,10.1,16.3,16.9
39025,2011,196731,0,1,0,1,0,43,Clermont,16001789,"Clermont County, Ohio",87.4,7.1,6.9,9.6
39027,2011,42296,0,1,0,0,1,2,Clinton,4087633,"Clinton County, Ohio",87.2,11.6,11.7,14.8
39029,2011,108198,1,1,0,0,0,3,Columbiana,7577622,"Columbiana County, Ohio",85.7,10.8,14.1,15.9
39031,2011,36974,1,1,0,0,0,1,Coshocton,2269128,"Coshocton County, Ohio",85.7,11,14.7,16.7
39033,2011,43998,1,0,0,0,0,2,Crawford,3363076,"Crawford County, Ohio",85.6,10.6,13.4,14.8
39035,2011,1285279,0,1,1,1,4,186,Cuyahoga,66797398,"Cuyahoga County, Ohio",86.7,11.1,14.5,17.1
39037,2011,52907,1,1,0,0,0,3,Darke,2331275,"Darke County, Ohio",85.9,10,8.1,11.5
39039,2011,39066,0,1,0,0,0,5,Defiance,1916394,"Defiance County, Ohio",87.9,10.2,11.6,12.6
39041,2011,170541,0,0,0,1,1,10,Delaware,7636288,"Delaware County, Ohio",95.9,4.5,4.4,4.5
39043,2011,77223,1,1,0,1,1,3,Erie,6040188,"Erie County, Ohio",89.2,8.8,12.2,12.6
39045,2011,145167,1,1,1,1,1,10,Fairfield,9429698,"Fairfield County, Ohio",91.6,7.6,11,11.5
39047,2011,28955,1,1,0,0,1,3,Fayette,2076262,"Fayette County, Ohio",80.9,12,15.1,18.5
39049,2011,1153671,0,1,1,1,2,186,Franklin,79460703,"Franklin County, Ohio",89.3,8.3,12.5,17.4
39051,2011,42702,0,0,0,1,1,1,Fulton,2728835,"Fulton County, Ohio",88.7,10.2,7.3,10.3
39053,2011,30954,1,0,0,0,0,3,Gallia,3619263,"Gallia County, Ohio",81.6,9.3,19.4,20.2
39055,2011,93476,0,0,0,1,0,12,Geauga,3945211,"Geauga County, Ohio",89.9,5.9,4.9,8
39057,2011,160940,0,1,1,1,0,9,Greene,8675256,"Greene County, Ohio",92.2,7.5,8.5,12.8
39059,2011,40219,1,1,0,0,2,1,Guernsey,3885378,"Guernsey County, Ohio",84.5,9.7,16.9,17.1
39061,2011,801223,0,1,1,1,3,129,Hamilton,50565997,"Hamilton County, Ohio",87.9,8.6,11.7,15.9
39063,2011,74847,0,0,0,0,1,3,Hancock,3422883,"Hancock County, Ohio",90.8,7.6,8.4,11.9
39065,2011,32127,1,1,0,0,0,4,Hardin,2234775,"Hardin County, Ohio",86.6,10.5,10.5,18.6
39067,2011,15864,1,1,0,0,0,2,Harrison,1339366,"Harrison County, Ohio",85,7.1,14.7,20.1
39069,2011,28353,0,0,0,0,0,0,Henry,1430461,"Henry County, Ohio",89.4,9.9,9.5,11.7
39071,2011,43631,1,1,0,0,0,5,Highland,3980316,"Highland County, Ohio",80.6,13.1,16.9,17.3
39073,2011,29400,1,1,0,1,0,7,Hocking,2734813,"Hocking County, Ohio",85.6,8.9,14.5,15.7
39075,2011,42264,1,1,0,0,0,1,Holmes,891943,"Holmes County, Ohio",56.4,5.9,6.2,14.7
39077,2011,59813,1,0,0,0,0,6,Huron,5428081,"Huron County, Ohio",86.9,9.4,11.3,15
39079,2011,33176,1,1,0,0,0,8,Jackson,4107128,"Jackson County, Ohio",79.3,10.8,20.9,23.2
39081,2011,69672,0,1,0,1,0,6,Jefferson,6888075,"Jefferson County, Ohio",87.3,8.8,15.1,16.9
39083,2011,60623,1,1,0,0,0,9,Knox,4124342,"Knox County, Ohio",88.2,8.2,12.7,13
39085,2011,229745,0,1,0,1,1,39,Lake,14914257,"Lake County, Ohio",91,7.1,6.5,8.5
39087,2011,62592,1,1,0,1,0,16,Lawrence,4884333,"Lawrence County, Ohio",82.7,7.4,18,17.4
39089,2011,165110,0,0,0,1,1,9,Licking,10122134,"Licking County, Ohio",89,7.7,12.1,11.6
39091,2011,45964,1,1,0,0,0,3,Logan,3411864,"Logan County, Ohio",86.1,10.5,12.4,14.9
39093,2011,300491,0,1,1,1,2,12,Lorain,18560116,"Lorain County, Ohio",88.7,10,11.6,13.6
39095,2011,442708,0,1,1,1,2,27,Lucas,31502520,"Lucas County, Ohio",87.3,13.1,16.9,19.5
39097,2011,43151,0,1,0,1,2,1,Madison,3665810,"Madison County, Ohio",84.7,6,9.4,10.5
39099,2011,240131,0,1,1,1,2,41,Mahoning,18691259,"Mahoning County, Ohio",87.9,11.1,14.9,17.1
39101,2011,66503,0,1,0,0,0,10,Marion,5093634,"Marion County, Ohio",84,9.4,16.4,18.5
39103,2011,171327,0,1,0,1,2,16,Medina,9405386,"Medina County, Ohio",93.1,6.7,5.5,7.2
39105,2011,23668,1,1,0,0,0,5,Meigs,2190708,"Meigs County, Ohio",83.2,13.9,20.5,21.3
39107,2011,40918,1,0,0,0,0,2,Mercer,1498600,"Mercer County, Ohio",89.1,6.7,6.8,8.8
39109,2011,102487,1,1,0,1,1,2,Miami,5882614,"Miami County, Ohio",87.5,7.2,8,11.3
39111,2011,14709,1,1,0,0,0,0,Monroe,810033,"Monroe County, Ohio",85.9,6.1,10.8,18.1
39113,2011,537409,0,1,1,1,2,56,Montgomery,41509229,"Montgomery County, Ohio",88.1,10.4,12.7,16
39115,2011,15087,1,1,0,0,0,1,Morgan,1203891,"Morgan County, Ohio",82.9,8.5,17.5,19.5
39117,2011,34880,1,1,0,1,1,2,Morrow,2145996,"Morrow County, Ohio",86.3,7.4,13.4,11.9
39119,2011,85997,1,1,0,0,1,2,Muskingum,8195418,"Muskingum County, Ohio",86.5,11.2,17.9,16.9
39121,2011,14658,1,1,0,0,1,0,Noble,813158,"Noble County, Ohio",79,9.7,15.3,16.3
39123,2011,41508,1,1,0,0,1,0,Ottawa,2765236,"Ottawa County, Ohio",90.1,7.3,8,10.2
39125,2011,19615,1,1,0,0,0,0,Paulding,1096134,"Paulding County, Ohio",86.4,9.7,13.1,13.5
39127,2011,36024,1,1,0,1,0,4,Perry,3859174,"Perry County, Ohio",83.6,11.2,18.9,17.7
39129,2011,55509,1,1,0,1,0,11,Pickaway,4955581,"Pickaway County, Ohio",83.6,7.6,14.5,13.1
39131,2011,28685,1,1,0,0,0,5,Pike,2611030,"Pike County, Ohio",78,19.3,24.6,22.5
39133,2011,160713,0,1,0,1,2,4,Portage,10676771,"Portage County, Ohio",90.4,9.9,10.4,14.3
39135,2011,42394,1,0,0,1,1,1,Preble,3173342,"Preble County, Ohio",85.7,8.7,10,10.3
39137,2011,34546,1,1,0,0,0,0,Putnam,1581110,"Putnam County, Ohio",91,5.2,5.8,6.3
39139,2011,125241,0,1,0,0,1,14,Richland,7815073,"Richland County, Ohio",85,9.4,12.9,13.4
39141,2011,77868,1,1,0,0,0,17,Ross,8121302,"Ross County, Ohio",83.7,13.8,17.3,17.5
39143,2011,61088,1,1,0,0,1,1,Sandusky,3538132,"Sandusky County, Ohio",87.6,7.5,10,13.6
39145,2011,79189,1,1,1,0,0,10,Scioto,8369506,"Scioto County, Ohio",80.9,12,22.4,21.8
39147,2011,56901,1,0,0,0,0,6,Seneca,3480038,"Seneca County, Ohio",87.8,10.7,12.2,14.1
39149,2011,49389,1,0,0,0,1,6,Shelby,2676940,"Shelby County, Ohio",86.7,7.5,8.9,12
39151,2011,376142,0,1,1,1,1,35,Stark,27524914,"Stark County, Ohio",88.5,9.7,12.2,13.6
39153,2011,542169,0,1,1,1,3,34,Summit,39113880,"Summit County, Ohio",90,9.4,12,14.5
39155,2011,211403,0,1,0,1,2,38,Trumbull,19406503,"Trumbull County, Ohio",87.1,8.9,12,16.4
39157,2011,92561,1,1,0,0,1,12,Tuscarawas,6070668,"Tuscarawas County, Ohio",85.2,7.9,11.8,13.7
39159,2011,51539,1,1,0,1,0,1,Union,2903399,"Union County, Ohio",91.3,5.9,6.7,6.6
39161,2011,28880,1,1,0,0,0,5,Van Wert,1411277,"Van Wert County, Ohio",90.6,9.7,8.3,9.1
39163,2011,13457,1,1,0,0,0,1,Vinton,1488456,"Vinton County, Ohio",76,11.3,19.5,20.8
39165,2011,210662,0,1,1,1,2,14,Warren,11726507,"Warren County, Ohio",91.1,6.9,4.3,6.3
39167,2011,61946,1,1,0,1,1,2,Washington,5152867,"Washington County, Ohio",88.2,8.8,11.2,15.1
39169,2011,114508,1,0,0,0,1,9,Wayne,6753500,"Wayne County, Ohio",84.8,6.8,10.2,10.6
39171,2011,37985,0,0,0,0,1,1,Williams,1766583,"Williams County, Ohio",89.5,10.9,9.9,11.4
39173,2011,125566,0,1,0,1,2,2,Wood,6019140,"Wood County, Ohio",92.5,9.6,7.2,13.3
39175,2011,22661,1,0,0,0,0,0,Wyandot,1127341,"Wyandot County, Ohio",87.3,8.2,8.5,7.7
39001,2012,28524,1,1,0,0,0,4,Adams,3171145,"Adams County, Ohio",77.6,16.1,19,23.1
39003,2012,106079,1,1,0,1,1,10,Allen,6348977,"Allen County, Ohio",88.4,11.1,15.2,18.8
39005,2012,53203,0,0,0,0,1,1,Ashland,2423062,"Ashland County, Ohio",86.8,10.8,10.5,16.3
39007,2012,101262,1,1,0,0,1,14,Ashtabula,8005399,"Ashtabula County, Ohio",84.6,11.1,17.6,18
39009,2012,64592,1,1,0,0,0,7,Athens,5067899,"Athens County, Ohio",88.4,11.7,19.7,32.2
39011,2012,45934,1,0,0,0,1,4,Auglaize,2621739,"Auglaize County, Ohio",91,7.4,7.5,7.9
39013,2012,70182,1,1,0,1,1,6,Belmont,5524507,"Belmont County, Ohio",87.3,8.2,12,14.6
39015,2012,44666,1,1,0,1,0,6,Brown,4050509,"Brown County, Ohio",82.3,12,12.2,12.8
39017,2012,368029,0,1,0,1,1,46,Butler,29222526,"Butler County, Ohio",88.2,9,11.3,13.6
39019,2012,28828,1,1,0,1,0,3,Carroll,1369394,"Carroll County, Ohio",83.7,7.8,10.5,15
39021,2012,39982,1,0,0,0,0,5,Champaign,2991156,"Champaign County, Ohio",87.7,10.3,13.8,14.8
39023,2012,138278,0,1,0,1,1,32,Clark,10932443,"Clark County, Ohio",86.1,10.9,17.8,17.7
39025,2012,197543,0,1,0,1,0,54,Clermont,15628928,"Clermont County, Ohio",87.9,7.8,7.9,10.3
39027,2012,42161,0,1,0,0,1,8,Clinton,4034518,"Clinton County, Ohio",87.3,12.1,14.7,15.4
39029,2012,107598,1,1,0,0,0,9,Columbiana,7645899,"Columbiana County, Ohio",86.2,11,15.5,16.1
39031,2012,36880,1,1,0,0,0,1,Coshocton,2492978,"Coshocton County, Ohio",85.7,10.1,16.1,17
39033,2012,43623,1,0,0,0,0,3,Crawford,3281739,"Crawford County, Ohio",86.4,10.1,13.7,14.7
39035,2012,1278024,0,1,1,1,4,191,Cuyahoga,67701788,"Cuyahoga County, Ohio",87.1,11.7,15.9,17.7
39037,2012,52776,1,1,0,0,0,8,Darke,2410750,"Darke County, Ohio",87.1,9.7,9.7,12
39039,2012,38975,0,1,0,0,0,2,Defiance,2109016,"Defiance County, Ohio",88,11,13.3,14.6
39041,2012,174454,0,0,0,1,1,13,Delaware,7870023,"Delaware County, Ohio",95.9,4.4,4.9,4.7
39043,2012,76952,1,1,0,1,1,3,Erie,5963166,"Erie County, Ohio",89.1,8.7,12.9,12.9
39045,2012,146138,1,1,1,1,1,15,Fairfield,9744391,"Fairfield County, Ohio",91.7,8,12.4,11.4
39047,2012,28931,1,1,0,0,1,1,Fayette,2105653,"Fayette County, Ohio",81.7,12.1,17.3,19.3
39049,2012,1167484,0,1,1,1,2,170,Franklin,79325729,"Franklin County, Ohio",89.7,8.5,13.6,17.7
39051,2012,42635,0,0,0,1,1,5,Fulton,2881878,"Fulton County, Ohio",88.6,10.4,8.4,10.3
39053,2012,30877,1,0,0,0,0,2,Gallia,3560379,"Gallia County, Ohio",81.7,10.1,19,19
39055,2012,93485,0,0,0,1,0,8,Geauga,4135427,"Geauga County, Ohio",90.7,6.2,4.9,8.3
39057,2012,161936,0,1,1,1,0,8,Greene,8934011,"Greene County, Ohio",92.4,8,9.5,13.4
39059,2012,40056,1,1,0,0,2,3,Guernsey,4109895,"Guernsey County, Ohio",85.2,11.4,17.9,18.5
39061,2012,801350,0,1,1,1,3,139,Hamilton,50606908,"Hamilton County, Ohio",88.3,9.2,13.2,17.1
39063,2012,75043,0,0,0,0,1,4,Hancock,3449921,"Hancock County, Ohio",91,8.5,9.2,13.6
39065,2012,31986,1,1,0,0,0,1,Hardin,2229301,"Hardin County, Ohio",86.6,10.6,10.3,18
39067,2012,15818,1,1,0,0,0,0,Harrison,1395951,"Harrison County, Ohio",84.8,7.1,16.7,19.4
39069,2012,28246,0,0,0,0,0,0,Henry,1529742,"Henry County, Ohio",90.2,10.1,10.2,12.5
39071,2012,43454,1,1,0,0,0,3,Highland,4086201,"Highland County, Ohio",81.5,14.1,19,17.6
39073,2012,29372,1,1,0,1,0,2,Hocking,2909011,"Hocking County, Ohio",86,10.3,16.9,16.7
39075,2012,42501,1,1,0,0,0,0,Holmes,918476,"Holmes County, Ohio",55.5,6.1,7.3,15.6
39077,2012,59628,1,0,0,0,0,7,Huron,5465205,"Huron County, Ohio",87.8,9.8,13.9,14.7
39079,2012,33134,1,1,0,0,0,6,Jackson,4169778,"Jackson County, Ohio",80.9,11.7,22.6,24.8
39081,2012,69343,0,1,0,1,0,3,Jefferson,6820033,"Jefferson County, Ohio",88.6,9.1,15.9,16.8
39083,2012,60791,1,1,0,0,0,4,Knox,4050979,"Knox County, Ohio",88.5,7.9,13.9,14.6
39085,2012,229873,0,1,0,1,1,42,Lake,15332996,"Lake County, Ohio",91.1,7.6,7.7,9.3
39087,2012,62441,1,1,0,1,0,9,Lawrence,4723651,"Lawrence County, Ohio",83.8,8.1,17.6,16
39089,2012,166135,0,0,0,1,1,7,Licking,10615178,"Licking County, Ohio",89.2,7.9,13.1,12.4
39091,2012,45816,1,1,0,0,0,4,Logan,3628944,"Logan County, Ohio",86.7,10.8,13.8,15.6
39093,2012,301108,0,1,1,1,2,41,Lorain,18923756,"Lorain County, Ohio",88.7,10.2,13.3,14.2
39095,2012,441198,0,1,1,1,2,60,Lucas,31926859,"Lucas County, Ohio",87.8,13.6,18.8,20.5
39097,2012,43213,0,1,0,1,2,6,Madison,3713398,"Madison County, Ohio",85,6.3,9.7,11.1
39099,2012,238352,0,1,1,1,2,40,Mahoning,19357924,"Mahoning County, Ohio",88.2,11.3,16.2,17.5
39101,2012,66514,0,1,0,0,0,17,Marion,5191299,"Marion County, Ohio",84.9,9.5,18.1,19.6
39103,2012,172334,0,1,0,1,2,15,Medina,9628370,"Medina County, Ohio",93.4,6.4,6.5,7.3
39105,2012,23664,1,1,0,0,0,0,Meigs,2135301,"Meigs County, Ohio",82.8,14.1,22.3,21.6
39107,2012,40866,1,0,0,0,0,0,Mercer,1604915,"Mercer County, Ohio",89.4,7.1,7.7,8.2
39109,2012,102657,1,1,0,1,1,6,Miami,6510366,"Miami County, Ohio",88.1,8.3,9,12.3
39111,2012,14679,1,1,0,0,0,1,Monroe,850212,"Monroe County, Ohio",87.4,6.4,11.1,16.3
39113,2012,535626,0,1,1,1,2,74,Montgomery,42280396,"Montgomery County, Ohio",88.1,11.1,14.4,16.8
39115,2012,15042,1,1,0,0,0,0,Morgan,1250528,"Morgan County, Ohio",84,9.2,19,18
39117,2012,34895,1,1,0,1,1,1,Morrow,2224706,"Morrow County, Ohio",86.2,7.8,14.6,13.8
39119,2012,85996,1,1,0,0,1,7,Muskingum,8237002,"Muskingum County, Ohio",86.6,10.3,19.4,17.3
39121,2012,14643,1,1,0,0,1,0,Noble,881959,"Noble County, Ohio",78.3,10.4,15,14.1
39123,2012,41445,1,1,0,0,1,1,Ottawa,2842911,"Ottawa County, Ohio",90.9,6.6,9.1,10
39125,2012,19522,1,1,0,0,0,0,Paulding,1181366,"Paulding County, Ohio",87.8,9.5,14.3,14
39127,2012,36086,1,1,0,1,0,3,Perry,4019917,"Perry County, Ohio",84.3,11.5,19.6,18.2
39129,2012,55795,1,1,0,1,0,9,Pickaway,4935761,"Pickaway County, Ohio",84.1,7.9,14.6,13.5
39131,2012,28652,1,1,0,0,0,3,Pike,2738478,"Pike County, Ohio",78.4,19.1,23.3,22
39133,2012,161178,0,1,0,1,2,8,Portage,10862619,"Portage County, Ohio",90.4,10.7,11.4,15.1
39135,2012,42240,1,0,0,1,1,2,Preble,3200286,"Preble County, Ohio",87.6,8.4,11.3,10.7
39137,2012,34445,1,1,0,0,0,1,Putnam,1639887,"Putnam County, Ohio",91.7,5.1,6.2,7.5
39139,2012,124286,0,1,0,0,1,8,Richland,7728133,"Richland County, Ohio",85.6,9.8,14.7,14.8
39141,2012,77741,1,1,0,0,0,11,Ross,8213659,"Ross County, Ohio",83,14.4,18.4,19.1
39143,2012,60842,1,1,0,0,1,3,Sandusky,3627185,"Sandusky County, Ohio",87.8,8,11.3,13.9
39145,2012,79122,1,1,1,0,0,6,Scioto,8051987,"Scioto County, Ohio",81.4,11.8,23.8,23
39147,2012,56630,1,0,0,0,0,3,Seneca,3683725,"Seneca County, Ohio",88.6,11.2,13.2,14.9
39149,2012,49359,1,0,0,0,1,2,Shelby,2743519,"Shelby County, Ohio",87.2,8.5,8.9,11.7
39151,2012,375593,0,1,1,1,1,35,Stark,27530206,"Stark County, Ohio",88.7,10.2,13.7,14.5
39153,2012,541788,0,1,1,1,3,60,Summit,39490460,"Summit County, Ohio",90.1,10,13.3,14.8
39155,2012,209942,0,1,0,1,2,19,Trumbull,19783291,"Trumbull County, Ohio",87.5,9.6,13.8,16.8
39157,2012,92532,1,1,0,0,1,4,Tuscarawas,6526771,"Tuscarawas County, Ohio",86,8.7,12.8,13.6
39159,2012,52153,1,1,0,1,0,1,Union,2943213,"Union County, Ohio",91.6,6.2,7.8,7.3
39161,2012,28808,1,1,0,0,0,1,Van Wert,1507081,"Van Wert County, Ohio",90.2,9.8,9.1,10.4
39163,2012,13397,1,1,0,0,0,2,Vinton,1524533,"Vinton County, Ohio",76.8,10.5,20.9,21.4
39165,2012,213146,0,1,1,1,2,17,Warren,12041361,"Warren County, Ohio",91.7,7.5,4.6,6.4
39167,2012,61751,1,1,0,1,1,2,Washington,5548970,"Washington County, Ohio",89.1,8.9,12.8,15.6
39169,2012,114644,1,0,0,0,1,6,Wayne,7099027,"Wayne County, Ohio",85.6,6.6,10.6,11.8
39171,2012,37779,0,0,0,0,1,0,Williams,1990157,"Williams County, Ohio",88.8,12,12.9,13.7
39173,2012,126254,0,1,0,1,2,3,Wood,6409795,"Wood County, Ohio",92.9,10,7.8,13.8
39175,2012,22626,1,0,0,0,0,1,Wyandot,1143593,"Wyandot County, Ohio",88.7,8.4,9.6,9.4
39001,2013,28406,1,1,0,0,0,5,Adams,3058745,"Adams County, Ohio",76.7,15.4,20.9,22.7
39003,2013,105895,1,1,0,1,1,12,Allen,6425949,"Allen County, Ohio",88.4,11.4,17,18.6
39005,2013,53234,0,0,0,0,1,3,Ashland,2487137,"Ashland County, Ohio",87.1,10.9,10.8,16.3
39007,2013,100835,1,1,0,0,1,11,Ashtabula,7802781,"Ashtabula County, Ohio",85.1,11.1,18.8,18.7
39009,2013,64811,1,1,0,0,0,8,Athens,5109236,"Athens County, Ohio",89.4,12.4,19.7,31.7
39011,2013,45906,1,0,0,0,1,3,Auglaize,2705249,"Auglaize County, Ohio",91.4,7.2,8.7,8.8
39013,2013,69990,1,1,0,1,1,1,Belmont,5302386,"Belmont County, Ohio",87.7,9,13.3,14.6
39015,2013,44604,1,1,0,1,0,12,Brown,3719242,"Brown County, Ohio",81.5,12.3,14.1,14.1
39017,2013,369650,0,1,0,1,1,93,Butler,28117602,"Butler County, Ohio",88.9,9.1,11.9,13.6
39019,2013,28689,1,1,0,1,0,2,Carroll,1362430,"Carroll County, Ohio",85.1,8.9,12.6,15.5
39021,2013,39855,1,0,0,0,0,6,Champaign,2892007,"Champaign County, Ohio",87.4,11.5,14.8,13.4
39023,2013,137763,0,1,0,1,1,28,Clark,11095282,"Clark County, Ohio",86.1,11.5,19.5,18.6
39025,2013,198417,0,1,0,1,0,61,Clermont,14924981,"Clermont County, Ohio",88.3,7.5,8.8,10.2
39027,2013,42013,0,1,0,0,1,9,Clinton,3853738,"Clinton County, Ohio",87.7,11.9,16.4,16.5
39029,2013,107078,1,1,0,0,0,6,Columbiana,7845811,"Columbiana County, Ohio",86.5,10.8,16.4,16.9
39031,2013,36862,1,1,0,0,0,3,Coshocton,2452149,"Coshocton County, Ohio",84.9,10.4,17.2,16.9
39033,2013,43348,1,0,0,0,0,4,Crawford,3225538,"Crawford County, Ohio",86.8,11.5,15.8,16.6
39035,2013,1272533,0,1,1,1,4,223,Cuyahoga,66574628,"Cuyahoga County, Ohio",87.5,12.1,17.2,18.3
39037,2013,52666,1,1,0,0,0,6,Darke,2436954,"Darke County, Ohio",87,10,11.3,13.7
39039,2013,38911,0,1,0,0,0,2,Defiance,2159895,"Defiance County, Ohio",88.4,11.1,13.5,13.9
39041,2013,178139,0,0,0,1,1,13,Delaware,7588835,"Delaware County, Ohio",96,4.4,5,4.9
39043,2013,76634,1,1,0,1,1,4,Erie,5919190,"Erie County, Ohio",89.3,8.8,14.6,13.3
39045,2013,147110,1,1,1,1,1,15,Fairfield,9744400,"Fairfield County, Ohio",91.5,8.2,14.2,11.9
39047,2013,28902,1,1,0,0,1,2,Fayette,2054713,"Fayette County, Ohio",83.4,11.8,20.1,20.1
39049,2013,1181824,0,1,1,1,2,156,Franklin,75483343,"Franklin County, Ohio",89.7,8.7,14.7,18.1
39051,2013,42601,0,0,0,1,1,1,Fulton,2908583,"Fulton County, Ohio",88.6,9.9,9.9,11.4
39053,2013,30859,1,0,0,0,0,5,Gallia,3064965,"Gallia County, Ohio",81.3,9.1,20.4,17.7
39055,2013,93610,0,0,0,1,0,11,Geauga,3974573,"Geauga County, Ohio",90.9,6,5,8.1
39057,2013,162588,0,1,1,1,0,13,Greene,8811518,"Greene County, Ohio",92.4,8.5,10.3,13.9
39059,2013,39935,1,1,0,0,2,5,Guernsey,4031671,"Guernsey County, Ohio",84.9,11.4,19.1,20.3
39061,2013,802481,0,1,1,1,3,197,Hamilton,48982139,"Hamilton County, Ohio",88.6,9.8,14.6,18
39063,2013,75239,0,0,0,0,1,3,Hancock,3503505,"Hancock County, Ohio",91.7,8.6,10.2,14
39065,2013,31886,1,1,0,0,0,9,Hardin,2196649,"Hardin County, Ohio",86.8,11.7,11.8,18.1
39067,2013,15766,1,1,0,0,0,2,Harrison,1343528,"Harrison County, Ohio",85.7,7.6,17.6,18.4
39069,2013,28164,0,0,0,0,0,1,Henry,1549919,"Henry County, Ohio",90.4,9.4,10.1,13.5
39071,2013,43395,1,1,0,0,0,8,Highland,3860817,"Highland County, Ohio",82.2,15.5,21.3,19.5
39073,2013,29268,1,1,0,1,0,7,Hocking,2926092,"Hocking County, Ohio",86.7,10.5,19.2,15.9
39075,2013,42841,1,1,0,0,0,1,Holmes,947023,"Holmes County, Ohio",55.2,6.2,7,15.8
39077,2013,59390,1,0,0,0,0,13,Huron,5476522,"Huron County, Ohio",87.7,9.7,15,13.5
39079,2013,33034,1,1,0,0,0,9,Jackson,4149779,"Jackson County, Ohio",81.4,11.5,21.5,24.6
39081,2013,68928,0,1,0,1,0,4,Jefferson,6911074,"Jefferson County, Ohio",89,8.8,16.9,16.6
39083,2013,60925,1,1,0,0,0,7,Knox,3994820,"Knox County, Ohio",88.1,7.6,14.3,14.2
39085,2013,229850,0,1,0,1,1,39,Lake,14908393,"Lake County, Ohio",91.2,7.8,8.4,9.2
39087,2013,62309,1,1,0,1,0,8,Lawrence,4490171,"Lawrence County, Ohio",85,9.1,19.9,18.3
39089,2013,167065,0,0,0,1,1,18,Licking,10541534,"Licking County, Ohio",89.2,8.2,13.7,12
39091,2013,45678,1,1,0,0,0,6,Logan,3606120,"Logan County, Ohio",86.1,10.9,14.1,15.9
39093,2013,301720,0,1,1,1,2,64,Lorain,18946583,"Lorain County, Ohio",88.8,10.3,14.2,14.6
39095,2013,439511,0,1,1,1,2,52,Lucas,32003079,"Lucas County, Ohio",87.8,13.8,19.7,20.8
39097,2013,43221,0,1,0,1,2,9,Madison,3525163,"Madison County, Ohio",85.7,6.5,11.1,11
39099,2013,237033,0,1,1,1,2,38,Mahoning,19420393,"Mahoning County, Ohio",88.6,11.6,17.8,17.6
39101,2013,66323,0,1,0,0,0,17,Marion,5353127,"Marion County, Ohio",85.5,10.1,19.1,18.5
39103,2013,173252,0,1,0,1,2,15,Medina,9518242,"Medina County, Ohio",93.2,6.3,7.5,7.4
39105,2013,23659,1,1,0,0,0,5,Meigs,1956113,"Meigs County, Ohio",83.4,15.9,23.2,21.9
39107,2013,40811,1,0,0,0,0,2,Mercer,1597720,"Mercer County, Ohio",90.7,7.6,8.5,9.4
39109,2013,102867,1,1,0,1,1,7,Miami,6510398,"Miami County, Ohio",88.4,8.9,9.2,13
39111,2013,14646,1,1,0,0,0,0,Monroe,849476,"Monroe County, Ohio",86.4,6.7,11.9,19
39113,2013,536433,0,1,1,1,2,85,Montgomery,41929723,"Montgomery County, Ohio",88.2,11.5,15.3,17.7
39115,2013,15008,1,1,0,0,0,2,Morgan,1284027,"Morgan County, Ohio",85.6,10.4,19.7,20.2
39117,2013,34932,1,1,0,1,1,7,Morrow,2287552,"Morrow County, Ohio",87.8,9.1,16.1,13.6
39119,2013,85872,1,1,0,0,1,5,Muskingum,8124440,"Muskingum County, Ohio",87.1,10.1,20.4,18.1
39121,2013,14639,1,1,0,0,1,0,Noble,890782,"Noble County, Ohio",80.1,11.3,15.4,15.2
39123,2013,41372,1,1,0,0,1,3,Ottawa,2885522,"Ottawa County, Ohio",91.5,6.9,10.1,11
39125,2013,19441,1,1,0,0,0,0,Paulding,1161580,"Paulding County, Ohio",88.6,9.4,15.6,13.7
39127,2013,36051,1,1,0,1,0,0,Perry,3987522,"Perry County, Ohio",84.2,11.6,21.5,19.6
39129,2013,55949,1,1,0,1,0,7,Pickaway,4775695,"Pickaway County, Ohio",84.9,8.2,15.9,13.3
39131,2013,28587,1,1,0,0,0,6,Pike,2778236,"Pike County, Ohio",77.6,18.9,26.3,23.5
39133,2013,163387,0,1,0,1,2,13,Portage,10529452,"Portage County, Ohio",91,11.1,12.1,16.1
39135,2013,42050,1,0,0,1,1,4,Preble,3076626,"Preble County, Ohio",87.8,8.6,12.7,12.2
39137,2013,34339,1,1,0,0,0,2,Putnam,1581631,"Putnam County, Ohio",91.9,4.9,6,6.9
39139,2013,123387,0,1,0,0,1,23,Richland,7657759,"Richland County, Ohio",86.2,10.2,16.4,15.7
39141,2013,77802,1,1,0,0,0,13,Ross,7893235,"Ross County, Ohio",84.1,14.8,19.6,19.7
39143,2013,60619,1,1,0,0,1,3,Sandusky,3554419,"Sandusky County, Ohio",88.6,8.6,12.3,14.3
39145,2013,78952,1,1,1,0,0,10,Scioto,7866630,"Scioto County, Ohio",81.3,11.7,24.3,23.3
39147,2013,56376,1,0,0,0,0,7,Seneca,3909614,"Seneca County, Ohio",89.4,11.4,14.2,15.5
39149,2013,49317,1,0,0,0,1,4,Shelby,2609149,"Shelby County, Ohio",88.2,8.9,10.1,11.4
39151,2013,375348,0,1,1,1,1,40,Stark,27679927,"Stark County, Ohio",89.1,10.6,14.8,15
39153,2013,541592,0,1,1,1,3,56,Summit,38038090,"Summit County, Ohio",90.3,10.3,14,15.4
39155,2013,208792,0,1,0,1,2,30,Trumbull,19609751,"Trumbull County, Ohio",87.7,10,14.7,17.4
39157,2013,92528,1,1,0,0,1,5,Tuscarawas,6479295,"Tuscarawas County, Ohio",86.7,9.4,13.7,14.6
39159,2013,52683,1,1,0,1,0,3,Union,2952170,"Union County, Ohio",92.2,6.3,8.1,7.8
39161,2013,28685,1,1,0,0,0,4,Van Wert,1468020,"Van Wert County, Ohio",90.8,10.7,10.3,12.5
39163,2013,13365,1,1,0,0,0,1,Vinton,1513665,"Vinton County, Ohio",80.4,9.4,23.6,20.6
39165,2013,215274,0,1,1,1,2,19,Warren,11892142,"Warren County, Ohio",92,7.8,5.1,6.3
39167,2013,61600,1,1,0,1,1,3,Washington,5575202,"Washington County, Ohio",88.8,9.2,14,15.3
39169,2013,114750,1,0,0,0,1,2,Wayne,6947117,"Wayne County, Ohio",85.9,6.8,11.7,12.4
39171,2013,37623,0,0,0,0,1,4,Williams,2029110,"Williams County, Ohio",89.3,11.9,14,13.7
39173,2013,127325,0,1,0,1,2,4,Wood,6503608,"Wood County, Ohio",93.1,10.3,8.9,14.7
39175,2013,22582,1,0,0,0,0,0,Wyandot,1155060,"Wyandot County, Ohio",89.6,8.1,9.9,11.1
39001,2014,28342,1,1,0,0,0,10,Adams,3009113,"Adams County, Ohio",77,15.3,24.1,25.3
39003,2014,105562,1,1,0,1,1,7,Allen,6204888,"Allen County, Ohio",88.3,11.1,17.6,18.4
39005,2014,53202,0,0,0,0,1,5,Ashland,2421863,"Ashland County, Ohio",87.2,10.6,12.1,15.4
39007,2014,100346,1,1,0,0,1,20,Ashtabula,7363582,"Ashtabula County, Ohio",85.6,9.6,19.2,19
39009,2014,64840,1,1,0,0,0,7,Athens,4967428,"Athens County, Ohio",89.4,11.5,20.5,31.6
39011,2014,45867,1,0,0,0,1,2,Auglaize,2710950,"Auglaize County, Ohio",91.9,6.5,9.3,9.2
39013,2014,69793,1,1,0,1,1,5,Belmont,5041102,"Belmont County, Ohio",89.3,9,13.7,14.5
39015,2014,44464,1,1,0,1,0,10,Brown,3650373,"Brown County, Ohio",82.7,11,15.2,14.6
39017,2014,371154,0,1,0,1,1,139,Butler,26793329,"Butler County, Ohio",89.6,8.2,12,13.8
39019,2014,28539,1,1,0,1,0,3,Carroll,1377268,"Carroll County, Ohio",86.6,7.8,12.6,15.9
39021,2014,39628,1,0,0,0,0,9,Champaign,2860529,"Champaign County, Ohio",88.1,10.2,14.2,12.6
39023,2014,137303,0,1,0,1,1,34,Clark,10928191,"Clark County, Ohio",86.4,10.8,20.4,19
39025,2014,199450,0,1,0,1,0,75,Clermont,14010506,"Clermont County, Ohio",88.7,6.5,9.3,10.5
39027,2014,41871,0,1,0,0,1,6,Clinton,3577613,"Clinton County, Ohio",87.5,10.6,17.3,16.9
39029,2014,106622,1,1,0,0,0,10,Columbiana,7679680,"Columbiana County, Ohio",87.2,9.8,17.3,16.2
39031,2014,36768,1,1,0,0,0,1,Coshocton,2429135,"Coshocton County, Ohio",84.1,9,18.7,18.1
39033,2014,43036,1,0,0,0,0,8,Crawford,3294613,"Crawford County, Ohio",87.4,9.3,16.2,16.3
39035,2014,1267513,0,1,1,1,4,234,Cuyahoga,63405897,"Cuyahoga County, Ohio",87.8,11.4,18,18.5
39037,2014,52537,1,1,0,0,0,9,Darke,2386973,"Darke County, Ohio",87.3,8.7,11.4,13.9
39039,2014,38795,0,1,0,0,0,4,Defiance,2171228,"Defiance County, Ohio",89.1,8.6,13.1,13.5
39041,2014,181821,0,0,0,1,1,11,Delaware,7409837,"Delaware County, Ohio",96.3,4.1,5,4.9
39043,2014,76416,1,1,0,1,1,11,Erie,5892241,"Erie County, Ohio",89.9,8.6,15.3,12.7
39045,2014,148067,1,1,1,1,1,12,Fairfield,9833431,"Fairfield County, Ohio",91.6,7.3,14.1,10.9
39047,2014,28875,1,1,0,0,1,9,Fayette,2032196,"Fayette County, Ohio",84,10,19.4,18.2
39049,2014,1197592,0,1,1,1,2,177,Franklin,71062624,"Franklin County, Ohio",89.8,8.1,15.2,18
39051,2014,42541,0,0,0,1,1,5,Fulton,2866952,"Fulton County, Ohio",89.1,8.6,10.2,12
39053,2014,30763,1,0,0,0,0,2,Gallia,3050576,"Gallia County, Ohio",79.3,9,23.1,19.9
39055,2014,93819,0,0,0,1,0,11,Geauga,3751457,"Geauga County, Ohio",91,5,5.1,7.9
39057,2014,163313,0,1,1,1,0,22,Greene,8435247,"Greene County, Ohio",92.4,8.1,10.4,14.3
39059,2014,39794,1,1,0,0,2,10,Guernsey,3672290,"Guernsey County, Ohio",85.2,11.6,19,18.7
39061,2014,803272,0,1,1,1,3,229,Hamilton,46444795,"Hamilton County, Ohio",89.2,9.6,15.3,18.4
39063,2014,75290,0,0,0,0,1,10,Hancock,3380138,"Hancock County, Ohio",91.8,8,10.7,14.8
39065,2014,31826,1,1,0,0,0,1,Hardin,2085336,"Hardin County, Ohio",87,10.5,13.8,18.9
39067,2014,15698,1,1,0,0,0,4,Harrison,1296993,"Harrison County, Ohio",86.8,6.7,17.1,17.9
39069,2014,28074,0,0,0,0,0,1,Henry,1561493,"Henry County, Ohio",90.3,7.7,10.8,12.7
39071,2014,43266,1,1,0,0,0,10,Highland,3786591,"Highland County, Ohio",82.2,14.2,21.7,20.3
39073,2014,29111,1,1,0,1,0,4,Hocking,2954104,"Hocking County, Ohio",86.9,9.7,20,16.8
39075,2014,43176,1,1,0,0,0,0,Holmes,992759,"Holmes County, Ohio",55.8,5.5,6.9,14.4
39077,2014,59186,1,0,0,0,0,14,Huron,5408045,"Huron County, Ohio",88,8.1,16,13.9
39079,2014,32952,1,1,0,0,0,9,Jackson,4077578,"Jackson County, Ohio",82.7,11.8,22.1,23.6
39081,2014,68510,0,1,0,1,0,7,Jefferson,6756327,"Jefferson County, Ohio",89.5,9.2,17.9,17.5
39083,2014,61063,1,1,0,0,0,7,Knox,3951060,"Knox County, Ohio",87.4,7.7,14.9,15.5
39085,2014,229602,0,1,0,1,1,46,Lake,14003175,"Lake County, Ohio",91.3,7.2,9.1,9.2
39087,2014,62100,1,1,0,1,0,6,Lawrence,4248456,"Lawrence County, Ohio",85.3,8.5,20.6,17.4
39089,2014,167911,0,0,0,1,1,18,Licking,10063299,"Licking County, Ohio",89.4,7.3,13.6,12.4
39091,2014,45564,1,1,0,0,0,5,Logan,3505080,"Logan County, Ohio",86.6,8.7,14.7,16.9
39093,2014,302465,0,1,1,1,2,60,Lorain,18375769,"Lorain County, Ohio",89.1,9.6,14.4,14.6
39095,2014,438167,0,1,1,1,2,93,Lucas,31315324,"Lucas County, Ohio",88.4,12.3,20.3,21.1
39097,2014,43326,0,1,0,1,2,6,Madison,3465793,"Madison County, Ohio",85.7,7.3,13.7,11.6
39099,2014,235809,0,1,1,1,2,45,Mahoning,18034322,"Mahoning County, Ohio",89.2,10.9,18.5,17.9
39101,2014,66171,0,1,0,0,0,23,Marion,5276035,"Marion County, Ohio",85.9,9.7,19.1,19.1
39103,2014,174091,0,1,0,1,2,16,Medina,8957879,"Medina County, Ohio",93.5,5.9,7.4,7.5
39105,2014,23564,1,1,0,0,0,4,Meigs,1931714,"Meigs County, Ohio",82.4,14.1,25.3,23
39107,2014,40789,1,0,0,0,0,4,Mercer,1578583,"Mercer County, Ohio",91.2,6.2,8.4,8.8
39109,2014,103145,1,1,0,1,1,16,Miami,6449160,"Miami County, Ohio",88.7,8.5,9.2,12.8
39111,2014,14590,1,1,0,0,0,2,Monroe,829345,"Monroe County, Ohio",85.8,8.4,13.2,18.8
39113,2014,534801,0,1,1,1,2,155,Montgomery,40712465,"Montgomery County, Ohio",88.6,10.6,16.1,18.5
39115,2014,14977,1,1,0,0,0,0,Morgan,1152300,"Morgan County, Ohio",86.5,9,19.1,19.5
39117,2014,34991,1,1,0,1,1,8,Morrow,2222306,"Morrow County, Ohio",87.4,8.3,15.6,13.4
39119,2014,85947,1,1,0,0,1,2,Muskingum,7890920,"Muskingum County, Ohio",86.6,9.7,22,19.2
39121,2014,14561,1,1,0,0,1,0,Noble,776584,"Noble County, Ohio",80.8,10.8,13.2,13.7
39123,2014,41304,1,1,0,0,1,3,Ottawa,2784916,"Ottawa County, Ohio",92.3,6.5,10,10.3
39125,2014,19293,1,1,0,0,0,3,Paulding,1111671,"Paulding County, Ohio",89.9,7.7,14.8,14
39127,2014,36000,1,1,0,1,0,3,Perry,3760302,"Perry County, Ohio",83.9,11,21.9,18.8
39129,2014,56279,1,1,0,1,0,5,Pickaway,4664839,"Pickaway County, Ohio",85.1,7.4,16.1,12.8
39131,2014,28504,1,1,0,0,0,4,Pike,2927141,"Pike County, Ohio",77.1,16.1,27.7,24.2
39133,2014,161553,0,1,0,1,2,30,Portage,10083363,"Portage County, Ohio",91,10.2,11.9,16
39135,2014,41887,1,0,0,1,1,6,Preble,3044886,"Preble County, Ohio",87.4,8,14.4,12.8
39137,2014,34256,1,1,0,0,0,3,Putnam,1520587,"Putnam County, Ohio",92.7,3.9,6.4,6.7
39139,2014,122813,0,1,0,0,1,26,Richland,7496655,"Richland County, Ohio",86.7,9.8,17.3,16.3
39141,2014,77552,1,1,0,0,0,26,Ross,7803760,"Ross County, Ohio",84.9,14.2,20,19.4
39143,2014,60498,1,1,0,0,1,8,Sandusky,3455413,"Sandusky County, Ohio",89.5,8,13.1,14.7
39145,2014,78520,1,1,1,0,0,12,Scioto,7922234,"Scioto County, Ohio",82.3,11.1,25.4,24.5
39147,2014,56100,1,0,0,0,0,10,Seneca,3771893,"Seneca County, Ohio",89.6,9.7,15.2,17.1
39149,2014,49165,1,0,0,0,1,6,Shelby,2575733,"Shelby County, Ohio",89.1,6.9,9.5,11.4
39151,2014,375090,0,1,1,1,1,57,Stark,27402601,"Stark County, Ohio",89.7,9.6,15.3,15
39153,2014,541464,0,1,1,1,3,105,Summit,36784156,"Summit County, Ohio",90.7,9.5,14.5,14.7
39155,2014,207596,0,1,0,1,2,50,Trumbull,19540773,"Trumbull County, Ohio",88.3,8.6,14.7,17.3
39157,2014,92616,1,1,0,0,1,4,Tuscarawas,6421604,"Tuscarawas County, Ohio",86.6,7.9,14.2,14.3
39159,2014,53090,1,1,0,1,0,5,Union,2883422,"Union County, Ohio",91.6,5.6,8.9,7.9
39161,2014,28612,1,1,0,0,0,4,Van Wert,1383077,"Van Wert County, Ohio",90.9,9.7,11.6,13.3
39163,2014,13319,1,1,0,0,0,3,Vinton,1515922,"Vinton County, Ohio",79,12.1,27.1,22.7
39165,2014,217623,0,1,1,1,2,28,Warren,11270596,"Warren County, Ohio",92.4,7,5.2,5.8
39167,2014,61473,1,1,0,1,1,9,Washington,5367804,"Washington County, Ohio",89.1,8.6,14.6,16.6
39169,2014,114978,1,0,0,0,1,8,Wayne,6658304,"Wayne County, Ohio",85.2,6,11.7,13.4
39171,2014,37493,0,0,0,0,1,2,Williams,2006824,"Williams County, Ohio",89,9.8,15,14.5
39173,2014,128139,0,1,0,1,2,12,Wood,6427886,"Wood County, Ohio",93.7,8.9,8.3,14.8
39175,2014,22535,1,0,0,0,0,0,Wyandot,1138381,"Wyandot County, Ohio",89.5,7.7,10,11.3
39001,2015,28229,1,1,0,0,0,9,Adams,2867885,"Adams County, Ohio",78,13.4,25,24.6
39003,2015,105196,1,1,0,1,1,17,Allen,5684455,"Allen County, Ohio",89.3,9.2,16.1,17.5
39005,2015,53189,0,0,0,0,1,6,Ashland,2246717,"Ashland County, Ohio",87.8,7.8,11.8,14.9
39007,2015,99777,1,1,0,0,1,14,Ashtabula,6306045,"Ashtabula County, Ohio",85.5,8.9,19.9,20.1
39009,2015,64974,1,1,0,0,0,7,Athens,4831095,"Athens County, Ohio",89.8,10.9,20.6,33
39011,2015,45873,1,0,0,0,1,7,Auglaize,2564874,"Auglaize County, Ohio",92.5,5,9.7,8.9
39013,2015,69560,1,1,0,1,1,10,Belmont,4555437,"Belmont County, Ohio",89.5,8.5,13.7,14.6
39015,2015,44247,1,1,0,1,0,24,Brown,3451781,"Brown County, Ohio",83.8,9.9,16.3,14.9
39017,2015,372538,0,1,0,1,1,182,Butler,25146462,"Butler County, Ohio",89.6,7.2,11.9,13.9
39019,2015,28361,1,1,0,1,0,4,Carroll,1311041,"Carroll County, Ohio",87,7.1,12.6,15.4
39021,2015,39393,1,0,0,0,0,6,Champaign,2766400,"Champaign County, Ohio",87.8,9.1,14.6,12.4
39023,2015,136827,0,1,0,1,1,68,Clark,10882451,"Clark County, Ohio",86.8,10,20.3,18.3
39025,2015,200285,0,1,0,1,0,100,Clermont,13206242,"Clermont County, Ohio",89.5,5.5,9.4,10.7
39027,2015,41892,0,1,0,0,1,19,Clinton,3412946,"Clinton County, Ohio",88,9.2,16.5,15.9
39029,2015,105987,1,1,0,0,0,8,Columbiana,7134298,"Columbiana County, Ohio",87.1,9,16.8,15.4
39031,2015,36724,1,1,0,0,0,3,Coshocton,2296055,"Coshocton County, Ohio",85,7.8,17.9,16.1
39033,2015,42725,1,0,0,0,0,10,Crawford,3175458,"Crawford County, Ohio",87.7,8.1,15.8,16.4
39035,2015,1263189,0,1,1,1,4,243,Cuyahoga,58476923,"Cuyahoga County, Ohio",88,10.6,18.5,18.7
39037,2015,52356,1,1,0,0,0,13,Darke,2393559,"Darke County, Ohio",88.2,7.6,11.1,13.3
39039,2015,38669,0,1,0,0,0,8,Defiance,1955249,"Defiance County, Ohio",89.9,8.4,12,13.4
39041,2015,185433,0,0,0,1,1,12,Delaware,7128536,"Delaware County, Ohio",96.6,3.2,4.6,4.5
39043,2015,76141,1,1,0,1,1,19,Erie,5539201,"Erie County, Ohio",90.2,7.7,14.9,12.4
39045,2015,149112,1,1,1,1,1,16,Fairfield,9201472,"Fairfield County, Ohio",91.7,6.9,14.6,10.3
39047,2015,28769,1,1,0,0,1,13,Fayette,1941289,"Fayette County, Ohio",85.4,8.6,19.3,18.4
39049,2015,1215761,0,1,1,1,2,235,Franklin,66928087,"Franklin County, Ohio",90,7,14.9,17.5
39051,2015,42485,0,0,0,1,1,6,Fulton,2644466,"Fulton County, Ohio",90.2,6.7,10,10.8
39053,2015,30565,1,0,0,0,0,7,Gallia,2715123,"Gallia County, Ohio",79.8,7.5,24.1,20.9
39055,2015,93874,0,0,0,1,0,15,Geauga,3542483,"Geauga County, Ohio",91,4.1,5.1,7.5
39057,2015,164192,0,1,1,1,0,37,Greene,7810934,"Greene County, Ohio",92.2,7.6,10.4,13.6
39059,2015,39626,1,1,0,0,2,7,Guernsey,3326550,"Guernsey County, Ohio",85.1,11.7,19.4,19.9
39061,2015,804194,0,1,1,1,3,319,Hamilton,43753370,"Hamilton County, Ohio",89.6,8.8,15.3,18.3
39063,2015,75428,0,0,0,0,1,11,Hancock,3101943,"Hancock County, Ohio",91.6,6.9,10.4,13.9
39065,2015,31736,1,1,0,0,0,8,Hardin,1923432,"Hardin County, Ohio",89.2,9.6,13.8,18.7
39067,2015,15633,1,1,0,0,0,3,Harrison,1237885,"Harrison County, Ohio",87,5.6,16.2,17.3
39069,2015,28015,0,0,0,0,0,6,Henry,1439667,"Henry County, Ohio",90.2,6.7,10.3,11.4
39071,2015,43170,1,1,0,0,0,12,Highland,3451002,"Highland County, Ohio",84.5,11.5,21.7,20.2
39073,2015,28914,1,1,0,1,0,3,Hocking,2824597,"Hocking County, Ohio",87.9,9.5,20.7,17.4
39075,2015,43436,1,1,0,0,0,0,Holmes,918714,"Holmes County, Ohio",57.7,4.2,6.9,12.7
39077,2015,58937,1,0,0,0,0,8,Huron,4898509,"Huron County, Ohio",87.9,7.2,16.5,13.5
39079,2015,32854,1,1,0,0,0,8,Jackson,3574680,"Jackson County, Ohio",82.7,11.5,21.2,23.5
39081,2015,68053,0,1,0,1,0,13,Jefferson,6132640,"Jefferson County, Ohio",90.1,8.8,18,17.6
39083,2015,61004,1,1,0,0,0,9,Knox,3621227,"Knox County, Ohio",89,6.6,13.9,15.3
39085,2015,229437,0,1,0,1,1,48,Lake,12952401,"Lake County, Ohio",91.7,6,9.1,8.9
39087,2015,61827,1,1,0,1,0,23,Lawrence,3855550,"Lawrence County, Ohio",86,8,21.4,18.3
39089,2015,168693,0,0,0,1,1,20,Licking,9681914,"Licking County, Ohio",89.9,7.2,13.7,12.7
39091,2015,45484,1,1,0,0,0,8,Logan,3236927,"Logan County, Ohio",88.4,7.6,13.9,14.5
39093,2015,303152,0,1,1,1,2,62,Lorain,17052163,"Lorain County, Ohio",89.1,8.8,14.2,14.4
39095,2015,436261,0,1,1,1,2,97,Lucas,29259275,"Lucas County, Ohio",88.4,11.1,20.9,21.1
39097,2015,43456,0,1,0,1,2,7,Madison,3530669,"Madison County, Ohio",86.4,5.9,13.4,9.4
39099,2015,234550,0,1,1,1,2,56,Mahoning,16915076,"Mahoning County, Ohio",89.4,9.5,19.4,18
39101,2015,65943,0,1,0,0,0,21,Marion,5237993,"Marion County, Ohio",86.2,9.6,19.6,18.8
39103,2015,174831,0,1,0,1,2,32,Medina,8367298,"Medina County, Ohio",93.5,5,7.5,7.4
39105,2015,23473,1,1,0,0,0,3,Meigs,1791416,"Meigs County, Ohio",84.2,12.1,25.4,22.8
39107,2015,40863,1,0,0,0,0,2,Mercer,1533420,"Mercer County, Ohio",91.6,5.5,8.9,8.4
39109,2015,103517,1,1,0,1,1,9,Miami,6055296,"Miami County, Ohio",88.6,7.6,9.4,12.8
39111,2015,14547,1,1,0,0,0,0,Monroe,743551,"Monroe County, Ohio",85.9,7.4,13.3,19.4
39113,2015,533763,0,1,1,1,2,211,Montgomery,37970088,"Montgomery County, Ohio",89.2,9.4,16.7,18.6
39115,2015,14913,1,1,0,0,0,0,Morgan,1006518,"Morgan County, Ohio",86.6,9.3,18.9,21.4
39117,2015,34996,1,1,0,1,1,3,Morrow,2194007,"Morrow County, Ohio",87.2,7,13.7,11.7
39119,2015,86016,1,1,0,0,1,3,Muskingum,7265785,"Muskingum County, Ohio",86.6,8.3,22.3,18.6
39121,2015,14508,1,1,0,0,1,4,Noble,641362,"Noble County, Ohio",83,7,12.7,12.7
39123,2015,41162,1,1,0,0,1,5,Ottawa,2644620,"Ottawa County, Ohio",92.6,5.5,9.8,10.7
39125,2015,19165,1,1,0,0,0,0,Paulding,1023329,"Paulding County, Ohio",89.7,6.6,13.6,12.8
39127,2015,36025,1,1,0,1,0,3,Perry,3511927,"Perry County, Ohio",83.4,9.5,22.5,19.3
39129,2015,56515,1,1,0,1,0,8,Pickaway,4613333,"Pickaway County, Ohio",86.4,6.9,15.9,12.6
39131,2015,28396,1,1,0,0,0,9,Pike,2713604,"Pike County, Ohio",77.8,13.4,27.5,23.1
39133,2015,161897,0,1,0,1,2,30,Portage,9446291,"Portage County, Ohio",91.4,8.7,12.2,15.6
39135,2015,41682,1,0,0,1,1,13,Preble,2982207,"Preble County, Ohio",88.1,7.3,14.2,13.3
39137,2015,34184,1,1,0,0,0,3,Putnam,1397397,"Putnam County, Ohio",92.7,3.4,6.3,5.8
39139,2015,122312,0,1,0,0,1,30,Richland,6918476,"Richland County, Ohio",86.7,8.7,17.5,17
39141,2015,77334,1,1,0,0,0,36,Ross,7352130,"Ross County, Ohio",84.6,11.3,20.4,19.3
39143,2015,60187,1,1,0,0,1,11,Sandusky,3162561,"Sandusky County, Ohio",89.8,7.6,12.2,14.3
39145,2015,78017,1,1,1,0,0,14,Scioto,7318499,"Scioto County, Ohio",82.5,9.6,26.9,25.3
39147,2015,55929,1,0,0,0,0,5,Seneca,3366966,"Seneca County, Ohio",90.5,8.1,15.6,16.9
39149,2015,49067,1,0,0,0,1,7,Shelby,2387478,"Shelby County, Ohio",90.1,6.7,8.8,10.3
39151,2015,374979,0,1,1,1,1,63,Stark,25408421,"Stark County, Ohio",90,8.5,15.2,14.7
39153,2015,541847,0,1,1,1,3,135,Summit,33757651,"Summit County, Ohio",90.9,8.4,14.7,14.8
39155,2015,206373,0,1,0,1,2,83,Trumbull,18464538,"Trumbull County, Ohio",88.5,7.4,14.7,17.3
39157,2015,92697,1,1,0,0,1,9,Tuscarawas,5998335,"Tuscarawas County, Ohio",85.9,7,13.3,14
39159,2015,53470,1,1,0,1,0,6,Union,2846777,"Union County, Ohio",92.2,4.2,8.5,8.7
39161,2015,28576,1,1,0,0,0,2,Van Wert,1282443,"Van Wert County, Ohio",91.6,7.5,12.8,12.8
39163,2015,13234,1,1,0,0,0,2,Vinton,1414185,"Vinton County, Ohio",81.9,12,24.6,20.7
39165,2015,219916,0,1,1,1,2,38,Warren,10651745,"Warren County, Ohio",92.9,6.1,4.9,5.6
39167,2015,61351,1,1,0,1,1,7,Washington,4887071,"Washington County, Ohio",89.6,6.8,15.3,16.4
39169,2015,115371,1,0,0,0,1,21,Wayne,6204881,"Wayne County, Ohio",85,4.8,11.8,13.2
39171,2015,37386,0,0,0,0,1,2,Williams,1736645,"Williams County, Ohio",89,7.1,14.4,14.9
39173,2015,128885,0,1,0,1,2,19,Wood,6025966,"Wood County, Ohio",94.1,7.2,8.2,14.3
39175,2015,22467,1,0,0,0,0,1,Wyandot,1069843,"Wyandot County, Ohio",90.1,6.6,9.6,11.8
39001,2016,28111,1,1,0,0,0,12,Adams,2736826,"Adams County, Ohio",78.2,9.9,25.6,24.5
39003,2016,104664,1,1,0,1,1,22,Allen,5150796,"Allen County, Ohio",89.3,7.6,15.6,16.1
39005,2016,53343,0,0,0,0,1,10,Ashland,2064493,"Ashland County, Ohio",87.4,5.7,12.7,15.4
39007,2016,99175,1,1,0,0,1,39,Ashtabula,5391196,"Ashtabula County, Ohio",85.4,8.1,19.8,19.6
39009,2016,65103,1,1,0,0,0,6,Athens,4309349,"Athens County, Ohio",89.7,9.4,19.7,31.2
39011,2016,45871,1,0,0,0,1,2,Auglaize,2401853,"Auglaize County, Ohio",92.8,4,9,8.8
39013,2016,69228,1,1,0,1,1,12,Belmont,4049344,"Belmont County, Ohio",89.9,7.8,13.7,15.1
39015,2016,44059,1,1,0,1,0,13,Brown,3276689,"Brown County, Ohio",85.3,8,15.9,16.7
39017,2016,373638,0,1,0,1,1,197,Butler,23045222,"Butler County, Ohio",89.7,6.1,11.5,13.6
39019,2016,28108,1,1,0,1,0,3,Carroll,1222362,"Carroll County, Ohio",87,6.7,11.7,14
39021,2016,39175,1,0,0,0,0,9,Champaign,2655685,"Champaign County, Ohio",89.1,7.2,12.1,11.2
39023,2016,136175,0,1,0,1,1,70,Clark,10553914,"Clark County, Ohio",87.2,8.9,19.9,17.9
39025,2016,201092,0,1,0,1,0,91,Clermont,12382954,"Clermont County, Ohio",89.6,5,9.6,10.5
39027,2016,41854,0,1,0,0,1,12,Clinton,3169267,"Clinton County, Ohio",88.5,6.6,16,15.2
39029,2016,105230,1,1,0,0,0,10,Columbiana,6456810,"Columbiana County, Ohio",87.6,8.4,16.8,15.8
39031,2016,36665,1,1,0,0,0,2,Coshocton,2111829,"Coshocton County, Ohio",85.7,6.4,16.8,14
39033,2016,42485,1,0,0,0,0,7,Crawford,2889702,"Crawford County, Ohio",88.5,7.7,15.3,15.7
39035,2016,1258710,0,1,1,1,4,504,Cuyahoga,52078140,"Cuyahoga County, Ohio",88.5,9.7,18.6,18.5
39037,2016,52185,1,1,0,0,0,19,Darke,2210303,"Darke County, Ohio",88.9,6.1,10.5,12.4
39039,2016,38488,0,1,0,0,0,5,Defiance,1724410,"Defiance County, Ohio",89.8,6.8,13.1,13.6
39041,2016,188996,0,0,0,1,1,11,Delaware,6763625,"Delaware County, Ohio",96.6,2.7,4.3,4.9
39043,2016,75808,1,1,0,1,1,24,Erie,4926546,"Erie County, Ohio",90.6,7.7,15.2,12.8
39045,2016,150163,1,1,1,1,1,23,Fairfield,8405921,"Fairfield County, Ohio",91.7,6,14.5,10.2
39047,2016,28719,1,1,0,0,1,6,Fayette,1835067,"Fayette County, Ohio",87.4,6.9,18.6,18.6
39049,2016,1232118,0,1,1,1,2,278,Franklin,61314656,"Franklin County, Ohio",90.4,6.3,14.6,17.1
39051,2016,42466,0,0,0,1,1,9,Fulton,2402305,"Fulton County, Ohio",90.4,6.2,10.9,11.2
39053,2016,30376,1,0,0,0,0,11,Gallia,2296835,"Gallia County, Ohio",80.5,7.2,22.2,21.4
39055,2016,94020,0,0,0,1,0,23,Geauga,3296076,"Geauga County, Ohio",91.1,4,5,6.9
39057,2016,164325,0,1,1,1,0,41,Greene,7044589,"Greene County, Ohio",92.6,6.5,9.8,12.8
39059,2016,39478,1,1,0,0,2,12,Guernsey,2996883,"Guernsey County, Ohio",84.5,9.3,19.4,19.8
39061,2016,805965,0,1,1,1,3,304,Hamilton,39359311,"Hamilton County, Ohio",90.1,7.9,14.9,17.8
39063,2016,75672,0,0,0,0,1,16,Hancock,2849014,"Hancock County, Ohio",92.5,5.5,10.2,13.5
39065,2016,31652,1,1,0,0,0,8,Hardin,1781924,"Hardin County, Ohio",89.4,8.2,12.1,15.6
39067,2016,15521,1,1,0,0,0,0,Harrison,1094865,"Harrison County, Ohio",85.9,4.6,15.8,18.1
39069,2016,27890,0,0,0,0,0,5,Henry,1329573,"Henry County, Ohio",91.3,5.3,8.9,10.2
39071,2016,43109,1,1,0,0,0,15,Highland,3151186,"Highland County, Ohio",83.9,9.6,21,20.7
39073,2016,28690,1,1,0,1,0,3,Hocking,2592265,"Hocking County, Ohio",88.4,9.1,21.4,16.6
39075,2016,43702,1,1,0,0,0,2,Holmes,790019,"Holmes County, Ohio",58.5,3.4,6.1,12.9
39077,2016,58704,1,0,0,0,0,14,Huron,4384698,"Huron County, Ohio",87.7,6.7,16.1,12.9
39079,2016,32717,1,1,0,0,0,7,Jackson,3276422,"Jackson County, Ohio",84.2,11.2,20.6,23
39081,2016,67607,0,1,0,1,0,10,Jefferson,5521684,"Jefferson County, Ohio",89.9,8.3,18.5,17.2
39083,2016,60878,1,1,0,0,0,7,Knox,3324436,"Knox County, Ohio",89.6,6.1,14.1,15.6
39085,2016,229266,0,1,0,1,1,88,Lake,11607807,"Lake County, Ohio",91.9,5.3,9,8.5
39087,2016,61503,1,1,0,1,0,23,Lawrence,3610629,"Lawrence County, Ohio",85.7,7.6,22.1,18.4
39089,2016,169762,0,0,0,1,1,9,Licking,8955529,"Licking County, Ohio",90.4,6.6,12.9,12.6
39091,2016,45388,1,1,0,0,0,14,Logan,3077544,"Logan County, Ohio",89.6,5.9,13.2,14
39093,2016,304091,0,1,1,1,2,121,Lorain,15022820,"Lorain County, Ohio",89.2,8.2,14.1,14
39095,2016,434800,0,1,1,1,2,128,Lucas,27227975,"Lucas County, Ohio",88.8,9.6,20.3,20.7
39097,2016,43537,0,1,0,1,2,13,Madison,3324969,"Madison County, Ohio",86.7,6.4,14,10.6
39099,2016,233015,0,1,1,1,2,74,Mahoning,15448948,"Mahoning County, Ohio",90.1,8.9,19.6,18.1
39101,2016,65620,0,1,0,0,0,21,Marion,5179867,"Marion County, Ohio",86.6,8,20.1,17.4
39103,2016,175543,0,1,0,1,2,43,Medina,7348000,"Medina County, Ohio",93.6,4.1,6.9,6.6
39105,2016,23345,1,1,0,0,0,8,Meigs,1531834,"Meigs County, Ohio",84,11.2,26.1,22.8
39107,2016,40886,1,0,0,0,0,2,Mercer,1468656,"Mercer County, Ohio",91.8,4.7,9,8.3
39109,2016,103864,1,1,0,1,1,28,Miami,5573514,"Miami County, Ohio",89.1,6.4,8.7,11.1
39111,2016,14442,1,1,0,0,0,0,Monroe,641562,"Monroe County, Ohio",87.5,6.5,14.5,18.8
39113,2016,532761,0,1,1,1,2,300,Montgomery,33995470,"Montgomery County, Ohio",89.6,8.7,16.6,18.5
39115,2016,14857,1,1,0,0,0,2,Morgan,935460,"Morgan County, Ohio",87.7,8.4,19.6,20.3
39117,2016,35032,1,1,0,1,1,4,Morrow,2024991,"Morrow County, Ohio",86.1,5.4,13.1,11
39119,2016,85991,1,1,0,0,1,2,Muskingum,6682267,"Muskingum County, Ohio",86.5,7.6,21.5,17.4
39121,2016,14429,1,1,0,0,1,2,Noble,579318,"Noble County, Ohio",84.1,6.9,12.5,11.9
39123,2016,40981,1,1,0,0,1,12,Ottawa,2476675,"Ottawa County, Ohio",92.3,5.3,10,11.1
39125,2016,19057,1,1,0,0,0,0,Paulding,943813,"Paulding County, Ohio",90.2,6.1,12.7,11
39127,2016,35947,1,1,0,1,0,4,Perry,3313305,"Perry County, Ohio",83.9,9.6,22.9,20.6
39129,2016,56804,1,1,0,1,0,4,Pickaway,4299989,"Pickaway County, Ohio",87.1,6,13.9,12.2
39131,2016,28298,1,1,0,0,0,3,Pike,2556641,"Pike County, Ohio",78.1,11.1,26.8,20.7
39133,2016,161796,0,1,0,1,2,43,Portage,8368469,"Portage County, Ohio",91.9,7.9,12.1,15
39135,2016,41561,1,0,0,1,1,20,Preble,2595116,"Preble County, Ohio",88.8,6.6,13.7,13.5
39137,2016,34116,1,1,0,0,0,3,Putnam,1236323,"Putnam County, Ohio",92.9,2.9,6.7,7.8
39139,2016,121888,0,1,0,0,1,61,Richland,6219544,"Richland County, Ohio",87.2,8.3,16.8,16.5
39141,2016,77193,1,1,0,0,0,40,Ross,6785688,"Ross County, Ohio",85.7,9.9,21.3,18.8
39143,2016,59870,1,1,0,0,1,15,Sandusky,2852261,"Sandusky County, Ohio",89.3,6.3,12.2,13.2
39145,2016,77366,1,1,1,0,0,21,Scioto,6945446,"Scioto County, Ohio",84.1,9,26.7,24
39147,2016,55711,1,0,0,0,0,5,Seneca,3087940,"Seneca County, Ohio",90.8,6.8,14.4,15.6
39149,2016,48949,1,0,0,0,1,15,Shelby,2156765,"Shelby County, Ohio",90.7,5.8,8.6,9.5
39151,2016,374762,0,1,1,1,1,92,Stark,22290257,"Stark County, Ohio",90.4,7.6,14.7,14.1
39153,2016,541372,0,1,1,1,3,269,Summit,29309719,"Summit County, Ohio",91,7.3,14.5,14.3
39155,2016,204908,0,1,0,1,2,99,Trumbull,16472237,"Trumbull County, Ohio",88.9,6.9,14.5,17.5
39157,2016,92579,1,1,0,0,1,12,Tuscarawas,5338723,"Tuscarawas County, Ohio",85.9,5.7,13.6,13.6
39159,2016,53955,1,1,0,1,0,5,Union,2592627,"Union County, Ohio",91.9,3.7,8.4,7.9
39161,2016,28501,1,1,0,0,0,7,Van Wert,1176828,"Van Wert County, Ohio",91.5,5.8,12.9,12.3
39163,2016,13128,1,1,0,0,0,3,Vinton,1208018,"Vinton County, Ohio",80.8,10.7,25.6,21.3
39165,2016,222184,0,1,1,1,2,52,Warren,9725300,"Warren County, Ohio",92.9,5,4.8,5.4
39167,2016,61154,1,1,0,1,1,15,Washington,4370546,"Washington County, Ohio",90.2,4.7,14.7,15.7
39169,2016,115747,1,0,0,0,1,31,Wayne,5475066,"Wayne County, Ohio",85.4,4.3,12.2,12.7
39171,2016,37270,0,0,0,0,1,8,Williams,1433066,"Williams County, Ohio",88.6,5.8,14.5,14.4
39173,2016,129418,0,1,0,1,2,16,Wood,5563074,"Wood County, Ohio",94.1,6.3,7.6,13.7
39175,2016,22359,1,0,0,0,0,4,Wyandot,1006478,"Wyandot County, Ohio",90.3,5.5,9,11.1
39001,2017,27926,1,1,0,0,0,13,Adams,2649832,"Adams County, Ohio",79,7.5,27,23.8
39003,2017,104157,1,1,0,1,1,32,Allen,4769412,"Allen County, Ohio",89,7.2,14.6,15
39005,2017,53299,0,0,0,0,1,7,Ashland,1749559,"Ashland County, Ohio",88.4,4.2,10.7,14.2
39007,2017,98622,1,1,0,0,1,36,Ashtabula,4499518,"Ashtabula County, Ohio",85.7,7.4,19.7,19.8
39009,2017,65563,1,1,0,0,0,5,Athens,3997418,"Athens County, Ohio",89.6,8.7,19.1,30.2
39011,2017,45778,1,0,0,0,1,6,Auglaize,2235574,"Auglaize County, Ohio",93.5,3.4,7.9,9
39013,2017,68889,1,1,0,1,1,10,Belmont,3869038,"Belmont County, Ohio",90.4,6.8,13.6,14.1
39015,2017,43799,1,1,0,1,0,25,Brown,2955621,"Brown County, Ohio",86.2,6.5,15.6,17.8
39017,2017,375702,0,1,0,1,1,238,Butler,20905126,"Butler County, Ohio",90.1,5.4,11.2,12.9
39019,2017,27825,1,1,0,1,0,5,Carroll,1107129,"Carroll County, Ohio",88.2,4.7,11,14.8
39021,2017,39005,1,0,0,0,0,16,Champaign,2557465,"Champaign County, Ohio",89.7,7.3,11.9,11.1
39023,2017,135520,0,1,0,1,1,87,Clark,9991522,"Clark County, Ohio",87.2,7.7,19,16.6
39025,2017,202166,0,1,0,1,0,86,Clermont,11523641,"Clermont County, Ohio",89.9,4.4,9.4,9.8
39027,2017,41869,0,1,0,0,1,28,Clinton,2861391,"Clinton County, Ohio",88.7,6.6,15.1,14.7
39029,2017,104584,1,1,0,0,0,15,Columbiana,5698220,"Columbiana County, Ohio",87.5,7.5,15.7,15.4
39031,2017,36602,1,1,0,0,0,3,Coshocton,1833425,"Coshocton County, Ohio",85.5,6.7,17.2,15
39033,2017,42231,1,0,0,0,0,17,Crawford,2573846,"Crawford County, Ohio",89.6,6.4,15.6,16.2
39035,2017,1257401,0,1,1,1,4,520,Cuyahoga,44950194,"Cuyahoga County, Ohio",89.1,8.9,18.2,18.3
39037,2017,51919,1,1,0,0,0,27,Darke,2006982,"Darke County, Ohio",89.5,5.1,9.2,11.6
39039,2017,38311,0,1,0,0,0,3,Defiance,1568778,"Defiance County, Ohio",90.7,5,11.2,11
39041,2017,193024,0,0,0,1,1,27,Delaware,6127934,"Delaware County, Ohio",96.7,2.6,3.8,5.1
39043,2017,75369,1,1,0,1,1,25,Erie,4409867,"Erie County, Ohio",91.6,6.5,14.1,13
39045,2017,151526,1,1,1,1,1,38,Fairfield,7567891,"Fairfield County, Ohio",91.9,5.1,13.5,9.9
39047,2017,28659,1,1,0,0,1,26,Fayette,1639314,"Fayette County, Ohio",87.1,6.3,17.9,17.7
39049,2017,1253507,0,1,1,1,2,402,Franklin,54647903,"Franklin County, Ohio",90.6,5.7,13.9,16.7
39051,2017,42296,0,0,0,1,1,3,Fulton,2095575,"Fulton County, Ohio",91.1,5.9,10.2,10.6
39053,2017,30203,1,0,0,0,0,17,Gallia,2120045,"Gallia County, Ohio",81,5.8,22,20.9
39055,2017,93895,0,0,0,1,0,23,Geauga,2925760,"Geauga County, Ohio",90.3,3.5,4.9,6.5
39057,2017,164825,0,1,1,1,0,57,Greene,6562907,"Greene County, Ohio",92.8,5.7,9.3,12.3
39059,2017,39414,1,1,0,0,2,7,Guernsey,2758258,"Guernsey County, Ohio",84.3,8.5,19.3,20.2
39061,2017,808703,0,1,1,1,3,402,Hamilton,35527763,"Hamilton County, Ohio",90.5,7,14,17
39063,2017,75508,0,0,0,0,1,31,Hancock,2604602,"Hancock County, Ohio",92.5,4.5,9.8,12.1
39065,2017,31576,1,1,0,0,0,8,Hardin,1638822,"Hardin County, Ohio",89,6.8,13.7,16.6
39067,2017,15397,1,1,0,0,0,4,Harrison,1007459,"Harrison County, Ohio",86.4,4.9,14.2,15.7
39069,2017,27463,0,0,0,0,0,3,Henry,1196058,"Henry County, Ohio",92.4,4.5,8.3,9
39071,2017,43031,1,1,0,0,0,23,Highland,2994140,"Highland County, Ohio",83.9,7.3,19.7,21.6
39073,2017,28547,1,1,0,1,0,7,Hocking,2232893,"Hocking County, Ohio",89.3,7.4,21.1,14.2
39075,2017,43808,1,1,0,0,0,2,Holmes,704845,"Holmes County, Ohio",58.2,2.8,5.8,12
39077,2017,58497,1,0,0,0,0,26,Huron,4030626,"Huron County, Ohio",87.5,5.8,15.1,14.2
39079,2017,32624,1,1,0,0,0,8,Jackson,2868473,"Jackson County, Ohio",83.8,10.8,20,20.6
39081,2017,67349,0,1,0,1,0,23,Jefferson,4857638,"Jefferson County, Ohio",90.3,7.9,18.5,17.6
39083,2017,60945,1,1,0,0,0,14,Knox,2847478,"Knox County, Ohio",90.9,5.8,12.6,13.8
39085,2017,229701,0,1,0,1,1,86,Lake,10305986,"Lake County, Ohio",92.1,4.8,8.4,8.3
39087,2017,61057,1,1,0,1,0,30,Lawrence,3340721,"Lawrence County, Ohio",85.9,6.5,22.3,18.6
39089,2017,170678,0,0,0,1,1,30,Licking,7853756,"Licking County, Ohio",90.3,5.9,12.6,11.8
39091,2017,45323,1,1,0,0,0,15,Logan,2826344,"Logan County, Ohio",90.3,5.8,13,13.7
39093,2017,305405,0,1,1,1,2,119,Lorain,12683523,"Lorain County, Ohio",89.5,7,13.3,13.7
39095,2017,433404,0,1,1,1,2,130,Lucas,23895871,"Lucas County, Ohio",88.6,8.5,19.7,19.8
39097,2017,43732,0,1,0,1,2,15,Madison,3068005,"Madison County, Ohio",86.6,5.4,13.8,10.2
39099,2017,231857,0,1,1,1,2,98,Mahoning,13519150,"Mahoning County, Ohio",90.5,8.2,19.3,17.6
39101,2017,65483,0,1,0,0,0,28,Marion,5002958,"Marion County, Ohio",87.1,7.9,19.3,16.6
39103,2017,176362,0,1,0,1,2,35,Medina,6543762,"Medina County, Ohio",94,3.6,6.3,6.2
39105,2017,23234,1,1,0,0,0,4,Meigs,1389528,"Meigs County, Ohio",84.4,10.4,25.1,22.5
39107,2017,40723,1,0,0,0,0,4,Mercer,1369067,"Mercer County, Ohio",92.7,3.9,7.3,7.4
39109,2017,104081,1,1,0,1,1,38,Miami,5167172,"Miami County, Ohio",89.6,5.5,8.6,9.9
39111,2017,14239,1,1,0,0,0,0,Monroe,579969,"Monroe County, Ohio",87.9,5.9,13.6,19.7
39113,2017,531987,0,1,1,1,2,474,Montgomery,30985094,"Montgomery County, Ohio",89.9,8,15.6,17.9
39115,2017,14773,1,1,0,0,0,0,Morgan,830353,"Morgan County, Ohio",86.7,5.5,19.8,21.5
39117,2017,34935,1,1,0,1,1,10,Morrow,1725582,"Morrow County, Ohio",87.9,4.3,12.1,9.7
39119,2017,85933,1,1,0,0,1,13,Muskingum,6124876,"Muskingum County, Ohio",87.2,6.9,20.7,16.6
39121,2017,14498,1,1,0,0,1,1,Noble,500035,"Noble County, Ohio",86.2,4.8,11.3,12.9
39123,2017,40769,1,1,0,0,1,4,Ottawa,2358663,"Ottawa County, Ohio",92.2,4.9,9.5,10.5
39125,2017,18951,1,1,0,0,0,3,Paulding,829674,"Paulding County, Ohio",90,5,11.7,10.7
39127,2017,35983,1,1,0,1,0,4,Perry,2934660,"Perry County, Ohio",84.6,7.6,22.4,19.2
39129,2017,57075,1,1,0,1,0,10,Pickaway,4010104,"Pickaway County, Ohio",87.4,5.2,13.8,12
39131,2017,28291,1,1,0,0,0,13,Pike,2438730,"Pike County, Ohio",80.4,9.9,24.1,20
39133,2017,162080,0,1,0,1,2,32,Portage,7395312,"Portage County, Ohio",91.9,7.2,11.6,14.5
39135,2017,41328,1,0,0,1,1,24,Preble,2424499,"Preble County, Ohio",89.4,5.8,12,12.4
39137,2017,34037,1,1,0,0,0,1,Putnam,1167128,"Putnam County, Ohio",92.7,2.9,7.1,7.2
39139,2017,121533,0,1,0,0,1,45,Richland,5307837,"Richland County, Ohio",86.9,7.5,16.6,15.6
39141,2017,77125,1,1,0,0,0,28,Ross,6139792,"Ross County, Ohio",86.7,7.6,21.1,18.2
39143,2017,59559,1,1,0,0,1,16,Sandusky,2627230,"Sandusky County, Ohio",89.5,5.4,12.3,13.6
39145,2017,76871,1,1,1,0,0,33,Scioto,6381990,"Scioto County, Ohio",84,7.9,27.3,23.9
39147,2017,55549,1,0,0,0,0,16,Seneca,2787549,"Seneca County, Ohio",90.8,5.9,13.9,15.2
39149,2017,48902,1,0,0,0,1,21,Shelby,2005776,"Shelby County, Ohio",90.6,5.3,8.6,8.9
39151,2017,374273,0,1,1,1,1,87,Stark,19465534,"Stark County, Ohio",90.6,6.7,14.3,14
39153,2017,541318,0,1,1,1,3,192,Summit,24651878,"Summit County, Ohio",91.3,6.4,14.3,13.6
39155,2017,203341,0,1,0,1,2,117,Trumbull,15120838,"Trumbull County, Ohio",89,5.9,13.6,17.2
39157,2017,92531,1,1,0,0,1,21,Tuscarawas,4947686,"Tuscarawas County, Ohio",86.3,4.9,13.2,13.8
39159,2017,54688,1,1,0,1,0,9,Union,2437558,"Union County, Ohio",92.1,2.8,7,7.4
39161,2017,28262,1,1,0,0,0,8,Van Wert,1129107,"Van Wert County, Ohio",92.1,5.3,13.3,12.7
39163,2017,13142,1,1,0,0,0,1,Vinton,1166537,"Vinton County, Ohio",79.9,10.6,27.1,21.1
39165,2017,223868,0,1,1,1,2,77,Warren,9019538,"Warren County, Ohio",93.2,4.5,4.9,5.1
39167,2017,60871,1,1,0,1,1,10,Washington,3798727,"Washington County, Ohio",90.1,4.2,14.4,15.5
39169,2017,115915,1,0,0,0,1,16,Wayne,4845171,"Wayne County, Ohio",85.8,4,11.4,13
39171,2017,37061,0,0,0,0,1,2,Williams,1296870,"Williams County, Ohio",89.7,5,12.8,13.5
39173,2017,129504,0,1,0,1,2,14,Wood,5084464,"Wood County, Ohio",94.2,5.5,7.7,13.4
39175,2017,22190,1,0,0,0,0,2,Wyandot,932764,"Wyandot County, Ohio",90.5,4.2,9.1,11.3
39001,2018,27878,1,1,0,0,0,9,Adams,2212896,"Adams County, Ohio",79.2,7.1,25.5,22.6
39003,2018,103642,1,1,0,1,1,10,Allen,3946764,"Allen County, Ohio",89.6,6,13.9,14.8
39005,2018,53477,0,0,0,0,1,6,Ashland,1321173,"Ashland County, Ohio",88.6,4.1,10.5,13.3
39007,2018,98136,1,1,0,0,1,22,Ashtabula,3547822,"Ashtabula County, Ohio",86,7.3,18.8,20.3
39009,2018,65936,1,1,0,0,0,8,Athens,3156283,"Athens County, Ohio",89.6,7.7,19.5,30.6
39011,2018,45784,1,0,0,0,1,1,Auglaize,1752228,"Auglaize County, Ohio",93.2,3.5,7.3,8.7
39013,2018,68472,1,1,0,1,1,10,Belmont,3079636,"Belmont County, Ohio",90.4,6.1,12.8,13.6
39015,2018,43679,1,1,0,1,0,25,Brown,2622760,"Brown County, Ohio",87.4,5.6,14.3,15.9
39017,2018,378294,0,1,0,1,1,153,Butler,16951105,"Butler County, Ohio",90.3,5.1,10.8,13
39019,2018,27578,1,1,0,1,0,3,Carroll,910833,"Carroll County, Ohio",88.7,4.6,10.1,13.1
39021,2018,38864,1,0,0,0,0,7,Champaign,2140334,"Champaign County, Ohio",90.7,6,11,11
39023,2018,135198,0,1,0,1,1,64,Clark,8360399,"Clark County, Ohio",87.5,7.3,18.2,15.8
39025,2018,203216,0,1,0,1,0,72,Clermont,9958085,"Clermont County, Ohio",90.2,4.2,8.9,9.5
39027,2018,41896,0,1,0,0,1,11,Clinton,2365384,"Clinton County, Ohio",88.5,6.1,14.6,13
39029,2018,104003,1,1,0,0,0,9,Columbiana,4627869,"Columbiana County, Ohio",87.8,6.7,15.3,14.6
39031,2018,36574,1,1,0,0,0,4,Coshocton,1474473,"Coshocton County, Ohio",84.2,6.2,18.2,16.4
39033,2018,42021,1,0,0,0,0,12,Crawford,2163618,"Crawford County, Ohio",90.3,5.3,14.3,15
39035,2018,1253783,0,1,1,1,4,392,Cuyahoga,35416489,"Cuyahoga County, Ohio",89.3,8.3,17.9,18.1
39037,2018,51734,1,1,0,0,0,14,Darke,1678984,"Darke County, Ohio",90.7,4.7,8.4,10.1
39039,2018,38279,0,1,0,0,0,4,Defiance,1322971,"Defiance County, Ohio",92,4.6,10.3,10.8
39041,2018,197008,0,0,0,1,1,28,Delaware,5250904,"Delaware County, Ohio",96.7,2.7,3.6,4.6
39043,2018,75136,1,1,0,1,1,21,Erie,3577821,"Erie County, Ohio",91.9,5.4,12.5,12
39045,2018,152910,1,1,1,1,1,25,Fairfield,6509588,"Fairfield County, Ohio",92.4,4.4,12.7,9.4
39047,2018,28645,1,1,0,0,1,8,Fayette,1380584,"Fayette County, Ohio",86.1,6,17.7,17
39049,2018,1275333,0,1,1,1,2,433,Franklin,45785312,"Franklin County, Ohio",91,5.2,13,16.3
39051,2018,42305,0,0,0,1,1,6,Fulton,1734322,"Fulton County, Ohio",91.2,4.8,9.8,9.4
39053,2018,30195,1,0,0,0,0,14,Gallia,1703272,"Gallia County, Ohio",81.8,5.2,21.2,22.5
39055,2018,93961,0,0,0,1,0,9,Geauga,2276525,"Geauga County, Ohio",90.5,2.9,4.6,6.1
39057,2018,165811,0,1,1,1,0,44,Greene,5324041,"Greene County, Ohio",93.4,5.5,9.2,12.2
39059,2018,39274,1,1,0,0,2,5,Guernsey,2306662,"Guernsey County, Ohio",85.9,7,17.3,20.2
39061,2018,812037,0,1,1,1,3,319,Hamilton,29514108,"Hamilton County, Ohio",91,6.1,13.2,16.2
39063,2018,75690,0,0,0,0,1,20,Hancock,2088357,"Hancock County, Ohio",92.3,4.3,9.2,11.6
39065,2018,31542,1,1,0,0,0,5,Hardin,1380246,"Hardin County, Ohio",89.5,5.9,13.7,16.7
39067,2018,15307,1,1,0,0,0,3,Harrison,823784,"Harrison County, Ohio",85.8,5.6,15,17
39069,2018,27316,0,0,0,0,0,5,Henry,962024,"Henry County, Ohio",93.1,4.2,9,9.7
39071,2018,43007,1,1,0,0,0,8,Highland,2525784,"Highland County, Ohio",84.2,6.5,19.4,20.9
39073,2018,28495,1,1,0,1,0,9,Hocking,1757774,"Hocking County, Ohio",89.7,5.9,18.9,13.6
39075,2018,43859,1,1,0,0,0,3,Holmes,521170,"Holmes County, Ohio",57.6,2.2,5.1,11.1
39077,2018,58457,1,0,0,0,0,16,Huron,3426280,"Huron County, Ohio",88.2,4.9,13.2,13.6
39079,2018,32524,1,1,0,0,0,8,Jackson,2149066,"Jackson County, Ohio",84.5,10.5,20.4,19.6
39081,2018,66886,0,1,0,1,0,15,Jefferson,4117577,"Jefferson County, Ohio",90.3,8,17.8,18.1
39083,2018,61215,1,1,0,0,0,5,Knox,2291792,"Knox County, Ohio",90.7,5.3,11.9,14.2
39085,2018,230052,0,1,0,1,1,63,Lake,8238687,"Lake County, Ohio",92,4.4,8,8.3
39087,2018,60622,1,1,0,1,0,27,Lawrence,2767568,"Lawrence County, Ohio",86.5,6.2,22.9,18.6
39089,2018,172293,0,0,0,1,1,18,Licking,6572219,"Licking County, Ohio",91.2,4.9,11.2,11.4
39091,2018,45307,1,1,0,0,0,9,Logan,2390283,"Logan County, Ohio",91.3,4.9,12.3,13.4
39093,2018,306713,0,1,1,1,2,91,Lorain,10228827,"Lorain County, Ohio",89.7,6.3,12.9,13.7
39095,2018,432379,0,1,1,1,2,138,Lucas,20622697,"Lucas County, Ohio",89.2,7.5,18.9,19.1
39097,2018,43988,0,1,0,1,2,5,Madison,2549726,"Madison County, Ohio",87,4.8,12.6,10.2
39099,2018,231064,0,1,1,1,2,86,Mahoning,11398057,"Mahoning County, Ohio",90.9,8,19.2,17.6
39101,2018,65344,0,1,0,0,0,21,Marion,4534260,"Marion County, Ohio",87.6,6.7,17.5,16
39103,2018,177257,0,1,0,1,2,34,Medina,5336749,"Medina County, Ohio",94.9,3.2,5.7,6.4
39105,2018,23160,1,1,0,0,0,13,Meigs,1109589,"Meigs County, Ohio",82.8,8.3,24.4,22.4
39107,2018,40806,1,0,0,0,0,0,Mercer,1072669,"Mercer County, Ohio",91.7,2.6,7.7,6.9
39109,2018,104800,1,1,0,1,1,25,Miami,4004737,"Miami County, Ohio",90.2,4.6,8.9,9.4
39111,2018,14090,1,1,0,0,0,1,Monroe,473489,"Monroe County, Ohio",88.1,6.5,15.2,16.6
39113,2018,532034,0,1,1,1,2,250,Montgomery,24755752,"Montgomery County, Ohio",90.1,7.2,15.1,17.4
39115,2018,14702,1,1,0,0,0,2,Morgan,707910,"Morgan County, Ohio",86.5,5,20.2,19.1
39117,2018,34976,1,1,0,1,1,6,Morrow,1473464,"Morrow County, Ohio",86.6,3.6,10.7,10.2
39119,2018,86076,1,1,0,0,1,21,Muskingum,5051801,"Muskingum County, Ohio",87.3,6.6,20.2,16.3
39121,2018,14443,1,1,0,0,1,4,Noble,391946,"Noble County, Ohio",85.1,4.8,13,15.4
39123,2018,40709,1,1,0,0,1,9,Ottawa,1986110,"Ottawa County, Ohio",92,4.7,9.3,10.4
39125,2018,18872,1,1,0,0,0,3,Paulding,665466,"Paulding County, Ohio",89.3,4.6,10.6,10.3
39127,2018,35985,1,1,0,1,0,9,Perry,2490256,"Perry County, Ohio",85.7,7.5,21.7,19.4
39129,2018,57420,1,1,0,1,0,15,Pickaway,3363577,"Pickaway County, Ohio",87.2,4.1,13.3,11.7
39131,2018,28214,1,1,0,0,0,13,Pike,1936311,"Pike County, Ohio",81,8.4,23.5,19.4
39133,2018,162644,0,1,0,1,2,27,Portage,6130991,"Portage County, Ohio",92.1,6.3,11.1,13.1
39135,2018,41207,1,0,0,1,1,10,Preble,1875060,"Preble County, Ohio",89.4,4.9,11,11.6
39137,2018,33969,1,1,0,0,0,1,Putnam,987530,"Putnam County, Ohio",93.2,2.9,6.6,6.7
39139,2018,121324,0,1,0,0,1,43,Richland,4475795,"Richland County, Ohio",86.8,6.5,15.2,14.3
39141,2018,77051,1,1,0,0,0,32,Ross,5095086,"Ross County, Ohio",86.7,7.6,21.6,17.9
39143,2018,59299,1,1,0,0,1,14,Sandusky,2232607,"Sandusky County, Ohio",90.2,5,11.8,13.6
39145,2018,76377,1,1,1,0,0,39,Scioto,5371174,"Scioto County, Ohio",84.8,7.9,28.3,23.6
39147,2018,55475,1,0,0,0,0,6,Seneca,2308815,"Seneca County, Ohio",91.2,4.9,13.4,14.7
39149,2018,48797,1,0,0,0,1,9,Shelby,1538318,"Shelby County, Ohio",90.1,4.5,7.9,9.1
39151,2018,373475,0,1,1,1,1,60,Stark,16198800,"Stark County, Ohio",91.3,6,13.6,13.9
39153,2018,541810,0,1,1,1,3,103,Summit,19805522,"Summit County, Ohio",91.6,5.6,14.1,13.1
39155,2018,201794,0,1,0,1,2,71,Trumbull,12596809,"Trumbull County, Ohio",89.1,5.2,13.3,17.5
39157,2018,92526,1,1,0,0,1,11,Tuscarawas,3926570,"Tuscarawas County, Ohio",85.9,4.1,13.5,13.2
39159,2018,55654,1,1,0,1,0,6,Union,2115427,"Union County, Ohio",92.6,2.5,6.4,6.9
39161,2018,28281,1,1,0,0,0,3,Van Wert,892234,"Van Wert County, Ohio",91,4.4,11.8,11.1
39163,2018,13111,1,1,0,0,0,3,Vinton,931956,"Vinton County, Ohio",79.8,9.8,27.4,20.9
39165,2018,226564,0,1,1,1,2,39,Warren,7618445,"Warren County, Ohio",93.5,3.6,4.5,4.6
39167,2018,60671,1,1,0,1,1,12,Washington,3012308,"Washington County, Ohio",90.9,4,13.5,15.1
39169,2018,116208,1,0,0,0,1,14,Wayne,3928695,"Wayne County, Ohio",86,3.9,10.7,12.4
39171,2018,36936,0,0,0,0,1,8,Williams,1022516,"Williams County, Ohio",89.5,4.4,13,13.7
39173,2018,129936,0,1,0,1,2,9,Wood,4241031,"Wood County, Ohio",94.1,4.8,7.4,13.3
39175,2018,22107,1,0,0,0,0,6,Wyandot,759810,"Wyandot County, Ohio",90.9,3.8,9,9.5
39001,2019,27776,1,1,0,0,0,11,Adams,1991599,"Adams County, Ohio",80.2,5.4,22.6,20.7
39003,2019,103175,1,1,0,1,1,9,Allen,3543096,"Allen County, Ohio",90.3,5.4,13.2,13.9
39005,2019,53536,0,0,0,0,1,5,Ashland,1152968,"Ashland County, Ohio",88.5,3.5,9.5,13.8
39007,2019,97830,1,1,0,0,1,27,Ashtabula,3076236,"Ashtabula County, Ohio",86,6.9,18.3,19.9
39009,2019,65917,1,1,0,0,0,6,Athens,2895903,"Athens County, Ohio",90,7.2,18.4,30.2
39011,2019,45729,1,0,0,0,1,4,Auglaize,1540065,"Auglaize County, Ohio",92.7,3,7,8.4
39013,2019,68024,1,1,0,1,1,16,Belmont,2610508,"Belmont County, Ohio",90.2,5.3,12.1,12.3
39015,2019,43572,1,1,0,1,0,13,Brown,2376872,"Brown County, Ohio",87.9,4.9,12.8,15.3
39017,2019,380019,0,1,0,1,1,148,Butler,14924118,"Butler County, Ohio",90.6,4.6,10.1,12.5
39019,2019,27332,1,1,0,1,0,3,Carroll,808444,"Carroll County, Ohio",89.5,5.2,9.6,12.3
39021,2019,38845,1,0,0,0,0,7,Champaign,1966059,"Champaign County, Ohio",91.2,5,10.8,10.1
39023,2019,134726,0,1,0,1,1,47,Clark,7724546,"Clark County, Ohio",88.7,6.7,17.4,14.9
39025,2019,204275,0,1,0,1,0,71,Clermont,8949785,"Clermont County, Ohio",90.2,3.7,8.1,9
39027,2019,41957,0,1,0,0,1,12,Clinton,2146585,"Clinton County, Ohio",88.3,5.6,14.9,14.8
39029,2019,103190,1,1,0,0,0,10,Columbiana,3979352,"Columbiana County, Ohio",88.5,6.6,14.6,14.3
39031,2019,36585,1,1,0,0,0,3,Coshocton,1217816,"Coshocton County, Ohio",85.5,5.5,16.2,14.4
39033,2019,41821,1,0,0,0,0,9,Crawford,1931046,"Crawford County, Ohio",90.2,5.3,14.8,14.9
39035,2019,1247451,0,1,1,1,4,419,Cuyahoga,30152280,"Cuyahoga County, Ohio",89.8,7.6,17.5,17.5
39037,2019,51513,1,1,0,0,0,9,Darke,1540615,"Darke County, Ohio",90.8,3.3,8.5,10.5
39039,2019,38160,0,1,0,0,0,5,Defiance,1177130,"Defiance County, Ohio",91.2,4.3,10.2,10.2
39041,2019,201135,0,0,0,1,1,20,Delaware,4764538,"Delaware County, Ohio",96.4,2.8,3.6,4.8
39043,2019,74780,1,1,0,1,1,12,Erie,2944047,"Erie County, Ohio",91.8,5,11.9,11.7
39045,2019,154457,1,1,1,1,1,21,Fairfield,6060525,"Fairfield County, Ohio",92.6,4,12.1,9.2
39047,2019,28620,1,1,0,0,1,10,Fayette,1273288,"Fayette County, Ohio",85.7,5.8,17.7,16.2
39049,2019,1290360,0,1,1,1,2,504,Franklin,41110159,"Franklin County, Ohio",91.2,4.9,11.9,15.7
39051,2019,42253,0,0,0,1,1,2,Fulton,1518266,"Fulton County, Ohio",91.3,4,8.5,7.8
39053,2019,30088,1,0,0,0,0,20,Gallia,1585582,"Gallia County, Ohio",84,4.2,19.2,20.7
39055,2019,93843,0,0,0,1,0,19,Geauga,1986677,"Geauga County, Ohio",90.2,2.5,4.5,5.8
39057,2019,166502,0,1,1,1,0,37,Greene,4772380,"Greene County, Ohio",93.8,5.4,9,11.6
39059,2019,39111,1,1,0,0,2,7,Guernsey,2026106,"Guernsey County, Ohio",85.5,5.9,17.5,19.9
39061,2019,813589,0,1,1,1,3,319,Hamilton,26119497,"Hamilton County, Ohio",91.4,5.4,12.4,15.8
39063,2019,75837,0,0,0,0,1,10,Hancock,1883901,"Hancock County, Ohio",92.5,3.6,8.5,10.8
39065,2019,31425,1,1,0,0,0,8,Hardin,1247023,"Hardin County, Ohio",89.5,5.1,12.1,13.9
39067,2019,15211,1,1,0,0,0,0,Harrison,702940,"Harrison County, Ohio",86.8,5.3,15.3,16
39069,2019,27208,0,0,0,0,0,5,Henry,827502,"Henry County, Ohio",93.5,3.1,7.9,8.4
39071,2019,43016,1,1,0,0,0,15,Highland,2255351,"Highland County, Ohio",85.1,6.7,18.4,19.4
39073,2019,28390,1,1,0,1,0,4,Hocking,1602444,"Hocking County, Ohio",89.1,4.9,19.5,13.3
39075,2019,43901,1,1,0,0,0,1,Holmes,433807,"Holmes County, Ohio",56.9,2.1,4.3,10
39077,2019,58339,1,0,0,0,0,23,Huron,2867159,"Huron County, Ohio",88.5,4.3,11.4,13.2
39079,2019,32450,1,1,0,0,0,5,Jackson,1952672,"Jackson County, Ohio",83.5,7.9,18.8,18.8
39081,2019,66371,0,1,0,1,0,17,Jefferson,3463926,"Jefferson County, Ohio",91,6,17.2,17.5
39083,2019,61481,1,1,0,0,0,7,Knox,2074189,"Knox County, Ohio",91.3,4.4,11,13.1
39085,2019,229954,0,1,0,1,1,68,Lake,7071419,"Lake County, Ohio",92.3,4.2,7.6,8.1
39087,2019,60184,1,1,0,1,0,23,Lawrence,2556169,"Lawrence County, Ohio",87.5,5.6,22,18.1
39089,2019,173750,0,0,0,1,1,17,Licking,6019453,"Licking County, Ohio",91.5,4.4,11.3,10.5
39091,2019,45316,1,1,0,0,0,9,Logan,2185096,"Logan County, Ohio",92.6,4.5,12.2,11.4
39093,2019,307670,0,1,1,1,2,87,Lorain,8937500,"Lorain County, Ohio",89.7,5.5,12.2,13.5
39095,2019,431102,0,1,1,1,2,197,Lucas,18533285,"Lucas County, Ohio",89.3,7.2,18.3,18.7
39097,2019,44135,0,1,0,1,2,17,Madison,2343694,"Madison County, Ohio",87,4.2,11,9.1
39099,2019,229961,0,1,1,1,2,92,Mahoning,10064438,"Mahoning County, Ohio",90.9,7.7,18.6,17.5
39101,2019,65299,0,1,0,0,0,22,Marion,4175465,"Marion County, Ohio",87.9,6.6,18.4,14.8
39103,2019,177980,0,1,0,1,2,15,Medina,4731476,"Medina County, Ohio",95.1,2.8,5.7,6
39105,2019,23078,1,1,0,0,0,8,Meigs,1022711,"Meigs County, Ohio",83.6,7.8,22.6,19.6
39107,2019,40884,1,0,0,0,0,1,Mercer,956213,"Mercer County, Ohio",92.1,2.5,6.5,6.4
39109,2019,105371,1,1,0,1,1,20,Miami,3604370,"Miami County, Ohio",91.2,4.9,8.8,9.2
39111,2019,13942,1,1,0,0,0,1,Monroe,388669,"Monroe County, Ohio",89.1,5.2,14.8,17.1
39113,2019,531670,0,1,1,1,2,227,Montgomery,21843471,"Montgomery County, Ohio",90.1,6.4,14.5,16.6
39115,2019,14640,1,1,0,0,0,1,Morgan,679743,"Morgan County, Ohio",85.3,4.6,21.4,19.2
39117,2019,35043,1,1,0,1,1,13,Morrow,1351177,"Morrow County, Ohio",87.7,3.2,9.4,9.7
39119,2019,86131,1,1,0,0,1,17,Muskingum,4401116,"Muskingum County, Ohio",87.8,6.1,19.6,16
39121,2019,14416,1,1,0,0,1,0,Noble,354852,"Noble County, Ohio",84.7,5.3,11.6,15.6
39123,2019,40632,1,1,0,0,1,7,Ottawa,1705476,"Ottawa County, Ohio",91.7,3.8,9.3,10.1
39125,2019,18809,1,1,0,0,0,1,Paulding,592196,"Paulding County, Ohio",90.5,4.1,9.5,9.9
39127,2019,36022,1,1,0,1,0,8,Perry,2273575,"Perry County, Ohio",87.3,7.1,23.4,19.1
39129,2019,57762,1,1,0,1,0,15,Pickaway,3120115,"Pickaway County, Ohio",87.2,4.2,13.3,12.1
39131,2019,28000,1,1,0,0,0,11,Pike,1789911,"Pike County, Ohio",80.2,6.4,25.2,18.7
39133,2019,162511,0,1,0,1,2,25,Portage,5536843,"Portage County, Ohio",92.4,5.5,11.3,12.8
39135,2019,41093,1,0,0,1,1,11,Preble,1657218,"Preble County, Ohio",90.4,3.6,9.6,10.1
39137,2019,33911,1,1,0,0,0,1,Putnam,868696,"Putnam County, Ohio",92.8,3,6.3,7.6
39139,2019,121100,0,1,0,0,1,50,Richland,4042021,"Richland County, Ohio",86.9,5.3,15.1,13.5
39141,2019,76948,1,1,0,0,0,29,Ross,4496066,"Ross County, Ohio",87.6,6.1,21.3,17.3
39143,2019,59029,1,1,0,0,1,11,Sandusky,1869610,"Sandusky County, Ohio",90.4,4.6,10.5,11.6
39145,2019,76040,1,1,1,0,0,76,Scioto,4899173,"Scioto County, Ohio",84.9,7.7,28.4,22.6
39147,2019,55351,1,0,0,0,0,6,Seneca,2054789,"Seneca County, Ohio",91.7,4.4,12.9,12.8
39149,2019,48749,1,0,0,0,1,13,Shelby,1334021,"Shelby County, Ohio",90.2,4.5,7.7,8.8
39151,2019,372404,0,1,1,1,1,81,Stark,14402398,"Stark County, Ohio",91.6,5.4,13.3,13.6
39153,2019,541334,0,1,1,1,3,164,Summit,17327901,"Summit County, Ohio",91.7,5.4,13.4,13.2
39155,2019,200367,0,1,0,1,2,89,Trumbull,11037973,"Trumbull County, Ohio",89.4,4.8,13.2,17.2
39157,2019,92335,1,1,0,0,1,12,Tuscarawas,3522541,"Tuscarawas County, Ohio",86,4.2,13.2,12.8
39159,2019,56707,1,1,0,1,0,13,Union,1900721,"Union County, Ohio",93.4,1.9,5,5.9
39161,2019,28261,1,1,0,0,0,5,Van Wert,819935,"Van Wert County, Ohio",91.3,3.9,10.8,11.1
39163,2019,13083,1,1,0,0,0,1,Vinton,850936,"Vinton County, Ohio",80.7,7,23.5,19
39165,2019,229132,0,1,1,1,2,40,Warren,6901322,"Warren County, Ohio",93.8,3,4.3,4.6
39167,2019,60426,1,1,0,1,1,7,Washington,2664986,"Washington County, Ohio",90.6,4,12.6,14.2
39169,2019,116099,1,0,0,0,1,13,Wayne,3389532,"Wayne County, Ohio",86.5,3.5,10.3,11.3
39171,2019,36816,0,0,0,0,1,5,Williams,907261,"Williams County, Ohio",90.5,3.8,11.5,11.2
39173,2019,130150,0,1,0,1,2,22,Wood,3765222,"Wood County, Ohio",94.3,4.5,7.3,12.9
39175,2019,22000,1,0,0,0,0,1,Wyandot,708117,"Wyandot County, Ohio",91.9,2.7,9.2,7.4
39001,2020,27685,1,1,0,0,0,8,Adams,4887643,"Adams County, Ohio",82.5,6.6,18.2,20.2
39003,2020,102808,1,1,0,1,1,20,Allen,2436508,"Allen County, Ohio",90.6,5.6,10.7,12.9
39005,2020,53533,0,0,0,0,1,16,Ashland,1624746,"Ashland County, Ohio",90.1,3.8,7.9,12.5
39007,2020,97416,1,1,0,0,1,35,Ashtabula,2094816,"Ashtabula County, Ohio",86.1,7.2,15.8,19.2
39009,2020,65945,1,1,0,0,0,15,Athens,3259930,"Athens County, Ohio",90.4,5.8,14.8,27.9
39011,2020,45709,1,0,0,0,1,2,Auglaize,2649551,"Auglaize County, Ohio",93.1,3.3,3.7,7.9
39013,2020,67424,1,1,0,1,1,26,Belmont,1863872,"Belmont County, Ohio",91,5.6,11.4,11.7
39015,2020,43508,1,1,0,1,0,17,Brown,3788434,"Brown County, Ohio",87.8,4.4,12.8,16.8
39017,2020,382129,0,1,0,1,1,182,Butler,3114757,"Butler County, Ohio",91.6,4.9,8.2,11.5
39019,2020,27195,1,1,0,1,0,7,Carroll,2363705,"Carroll County, Ohio",88.9,3.7,9.5,13
39021,2020,38861,1,0,0,0,0,15,Champaign,3349216,"Champaign County, Ohio",91.2,5.8,8.3,10.6
39023,2020,134409,0,1,0,1,1,52,Clark,4021661,"Clark County, Ohio",88.9,6.8,10.4,15.3
39025,2020,205616,0,1,0,1,0,69,Clermont,3318291,"Clermont County, Ohio",89.8,4.2,6.8,9.2
39027,2020,42000,0,1,0,0,1,18,Clinton,3750714,"Clinton County, Ohio",90.1,5.6,12.8,14.4
39029,2020,102514,1,1,0,0,0,19,Columbiana,2649477,"Columbiana County, Ohio",89.2,6,12.7,13.8
39031,2020,36558,1,1,0,0,0,13,Coshocton,2264275,"Coshocton County, Ohio",85.6,6.1,14.2,17.4
39033,2020,41603,1,0,0,0,0,12,Crawford,2957676,"Crawford County, Ohio",90.4,5.5,9.7,13.6
39035,2020,1241475,0,1,1,1,4,421,Cuyahoga,1546149,"Cuyahoga County, Ohio",90.5,7.4,14.6,17.1
39037,2020,51387,1,1,0,0,0,15,Darke,2387447,"Darke County, Ohio",90.4,2.7,7,11
39039,2020,38024,0,1,0,0,0,9,Defiance,2586679,"Defiance County, Ohio",92,4.4,9,10
39041,2020,205454,0,0,0,1,1,29,Delaware,2109115,"Delaware County, Ohio",96.8,2.5,3.1,4.8
39043,2020,74419,1,1,0,1,1,27,Erie,2617064,"Erie County, Ohio",92.2,5.7,9,11.9
39045,2020,156204,1,1,1,1,1,47,Fairfield,2957086,"Fairfield County, Ohio",93.3,3.9,8.8,9
39047,2020,28609,1,1,0,0,1,11,Fayette,3345233,"Fayette County, Ohio",83.9,4.9,13.8,15.7
39049,2020,1304715,0,1,1,1,2,746,Franklin,2332208,"Franklin County, Ohio",91.1,4.8,9.8,15.1
39051,2020,42186,0,0,0,1,1,12,Fulton,2703286,"Fulton County, Ohio",92.7,4.4,7.5,8.8
39053,2020,29995,1,0,0,0,0,27,Gallia,3207167,"Gallia County, Ohio",86.1,4.5,14.9,17.5
39055,2020,93657,0,0,0,1,0,11,Geauga,1565744,"Geauga County, Ohio",90.4,2.8,3.7,5.9
39057,2020,167867,0,1,1,1,0,39,Greene,2184931,"Greene County, Ohio",94,5.1,5.9,10.9
39059,2020,38996,1,1,0,0,2,12,Guernsey,2993327,"Guernsey County, Ohio",84.8,5,14.3,19
39061,2020,815790,0,1,1,1,3,318,Hamilton,2421298,"Hamilton County, Ohio",91.8,5.4,9.6,14.8
39063,2020,75765,0,0,0,0,1,18,Hancock,1965671,"Hancock County, Ohio",93.1,3.7,7.8,10.4
39065,2020,31393,1,1,0,0,0,8,Hardin,2873554,"Hardin County, Ohio",90.2,5.1,10.8,14.3
39067,2020,15132,1,1,0,0,0,2,Harrison,2843596,"Harrison County, Ohio",87.7,5.9,11,16.3
39069,2020,27068,0,0,0,0,0,4,Henry,2263629,"Henry County, Ohio",93.5,4.5,7,8.2
39071,2020,43080,1,1,0,0,0,11,Highland,3979238,"Highland County, Ohio",84.3,4.8,14.7,19
39073,2020,28306,1,1,0,1,0,5,Hocking,3855262,"Hocking County, Ohio",88.3,3.8,15,14.5
39075,2020,43954,1,1,0,0,0,3,Holmes,926035,"Holmes County, Ohio",56.1,2.3,2.8,9.7
39077,2020,58271,1,0,0,0,0,33,Huron,2927577,"Huron County, Ohio",89.2,4.7,8.2,12
39079,2020,32440,1,1,0,0,0,9,Jackson,4148060,"Jackson County, Ohio",86.4,6.9,15,17
39081,2020,65943,0,1,0,1,0,18,Jefferson,2766164,"Jefferson County, Ohio",91.5,5.6,14.7,16.8
39083,2020,61776,1,1,0,0,0,13,Knox,2600762,"Knox County, Ohio",91.7,4.2,8.7,12.1
39085,2020,229755,0,1,0,1,1,79,Lake,1962619,"Lake County, Ohio",92.6,4.8,6.7,8.2
39087,2020,59901,1,1,0,1,0,32,Lawrence,2507689,"Lawrence County, Ohio",87.7,5,20.3,19.4
39089,2020,175409,0,0,0,1,1,28,Licking,2705644,"Licking County, Ohio",92.5,3.7,8.3,9.8
39091,2020,45315,1,1,0,0,0,8,Logan,3645039,"Logan County, Ohio",92.5,4.5,8.9,10.7
39093,2020,309134,0,1,1,1,2,126,Lorain,2127724,"Lorain County, Ohio",90,4.9,9.1,13.4
39095,2020,430319,0,1,1,1,2,232,Lucas,2996064,"Lucas County, Ohio",89.7,7.2,15,18.7
39097,2020,44248,0,1,0,1,2,9,Madison,3417272,"Madison County, Ohio",87.4,3.8,8.5,9.4
39099,2020,228452,0,1,1,1,2,121,Mahoning,2811364,"Mahoning County, Ohio",91.1,7.9,15.1,17.6
39101,2020,65179,0,1,0,0,0,33,Marion,4719060,"Marion County, Ohio",89.9,6.1,13.3,13.7
39103,2020,179116,0,1,0,1,2,34,Medina,2113329,"Medina County, Ohio",94.7,2.9,5.1,5.8
39105,2020,22974,1,1,0,0,0,16,Meigs,2830202,"Meigs County, Ohio",84,8.3,21,20.3
39107,2020,41034,1,0,0,0,0,2,Mercer,1819650,"Mercer County, Ohio",92.2,2.5,3.8,5.6
39109,2020,106074,1,1,0,1,1,30,Miami,2827238,"Miami County, Ohio",91.9,4.2,6.3,8.5
39111,2020,13827,1,1,0,0,0,2,Monroe,1236190,"Monroe County, Ohio",90.2,4.7,10.4,14.6
39113,2020,531988,0,1,1,1,2,271,Montgomery,3040958,"Montgomery County, Ohio",90.5,6.3,12.3,16
39115,2020,14557,1,1,0,0,0,3,Morgan,3841298,"Morgan County, Ohio",85.9,4,19.5,17.2
39117,2020,35148,1,1,0,1,1,13,Morrow,3033925,"Morrow County, Ohio",88.3,2.7,9,9.1
39119,2020,86033,1,1,0,0,1,24,Muskingum,3755845,"Muskingum County, Ohio",88.7,5.3,15.7,15.6
39121,2020,14410,1,1,0,0,1,1,Noble,1764889,"Noble County, Ohio",83.4,4.8,8.3,15.2
39123,2020,40557,1,1,0,0,1,9,Ottawa,2932114,"Ottawa County, Ohio",92,3.7,6.9,8.8
39125,2020,18742,1,1,0,0,0,1,Paulding,2469639,"Paulding County, Ohio",89.9,4.5,8.9,10.3
39127,2020,36076,1,1,0,1,0,13,Perry,4827880,"Perry County, Ohio",87.5,6.1,16.4,16.5
39129,2020,58112,1,1,0,1,0,27,Pickaway,3876753,"Pickaway County, Ohio",87,4.4,12.4,13.8
39131,2020,27914,1,1,0,0,0,13,Pike,4699868,"Pike County, Ohio",83.9,5,21.7,18.6
39133,2020,162476,0,1,0,1,2,24,Portage,2371216,"Portage County, Ohio",92.5,5.8,9.4,11.3
39135,2020,40995,1,0,0,1,1,16,Preble,2955576,"Preble County, Ohio",90.5,3.2,7.9,9.2
39137,2020,33836,1,1,0,0,0,2,Putnam,1947045,"Putnam County, Ohio",93.9,3.2,6.5,7.8
39139,2020,121043,0,1,0,0,1,55,Richland,2109581,"Richland County, Ohio",87.9,5.7,11.7,13.7
39141,2020,76816,1,1,0,0,0,51,Ross,4142328,"Ross County, Ohio",88.9,6,16.7,16.3
39143,2020,58801,1,1,0,0,1,9,Sandusky,2069042,"Sandusky County, Ohio",91.5,4.5,10.9,12.2
39145,2020,75441,1,1,1,0,0,95,Scioto,4607704,"Scioto County, Ohio",85.7,6.9,25.5,23
39147,2020,55251,1,0,0,0,0,23,Seneca,2327548,"Seneca County, Ohio",92.1,4.2,8.9,12.7
39149,2020,48610,1,0,0,0,1,17,Shelby,2283338,"Shelby County, Ohio",89.6,5.2,4.5,10
39151,2020,371516,0,1,1,1,1,95,Stark,2949473,"Stark County, Ohio",92.1,5.1,8,13.3
39153,2020,540810,0,1,1,1,3,196,Summit,2213785,"Summit County, Ohio",92.1,5.8,9.2,12.8
39155,2020,199144,0,1,0,1,2,119,Trumbull,3226936,"Trumbull County, Ohio",89.4,4.8,11.2,17.3
39157,2020,92165,1,1,0,0,1,25,Tuscarawas,2878089,"Tuscarawas County, Ohio",87.1,5.5,11.9,12.9
39159,2020,57871,1,1,0,1,0,12,Union,2679675,"Union County, Ohio",94.3,2.8,3.9,5.2
39161,2020,28213,1,1,0,0,0,6,Van Wert,2127825,"Van Wert County, Ohio",92.2,5.1,7.3,9.4
39163,2020,13045,1,1,0,0,0,9,Vinton,4329535,"Vinton County, Ohio",78.9,5.8,18.9,20
39165,2020,232540,0,1,1,1,2,52,Warren,2527302,"Warren County, Ohio",94.1,3.4,3.8,4.9
39167,2020,60217,1,1,0,1,1,15,Washington,2867841,"Washington County, Ohio",90.6,4.6,11.3,13.2
39169,2020,116063,1,0,0,0,1,25,Wayne,2199875,"Wayne County, Ohio",86.8,3.3,7.9,10.7
39171,2020,36760,0,0,0,0,1,6,Williams,1996023,"Williams County, Ohio",91.4,3.8,10.3,11
39173,2020,130662,0,1,0,1,2,22,Wood,2239253,"Wood County, Ohio",94.9,4.9,5.7,13.1
39175,2020,21907,1,0,0,0,0,3,Wyandot,2218497,"Wyandot County, Ohio",92.7,3.3,5.8,7.2
39001,2021,27564,1,1,0,0,0,9,Adams,4887643,"Adams County, Ohio",83.7,6.5,19.2,19.2
39003,2021,102462,1,1,0,1,1,25,Allen,2436508,"Allen County, Ohio",91.1,6.1,11.5,13
39005,2021,52658,0,0,0,0,1,12,Ashland,1624746,"Ashland County, Ohio",89.7,3.6,7.2,12.4
39007,2021,97869,1,1,0,0,1,29,Ashtabula,2094816,"Ashtabula County, Ohio",86.4,7.6,15.7,18.9
39009,2021,62933,1,1,0,0,0,26,Athens,3259930,"Athens County, Ohio",90.9,5.8,13.5,25.5
39011,2021,46282,1,0,0,0,1,7,Auglaize,2649551,"Auglaize County, Ohio",93.7,3.3,3.9,7.3
39013,2021,67077,1,1,0,1,1,13,Belmont,1863872,"Belmont County, Ohio",91.5,5.4,11.5,11.3
39015,2021,43694,1,1,0,1,0,23,Brown,3788434,"Brown County, Ohio",86.7,4.5,13.5,16
39017,2021,387830,0,1,0,1,1,174,Butler,3114757,"Butler County, Ohio",91.5,5.2,8,11.4
39019,2021,26866,1,1,0,1,0,0,Carroll,2363705,"Carroll County, Ohio",89.7,3.6,11.1,13.2
39021,2021,38678,1,0,0,0,0,12,Champaign,3349216,"Champaign County, Ohio",91.2,5.8,8.6,10.2
39023,2021,136032,0,1,0,1,1,76,Clark,4021661,"Clark County, Ohio",88.7,7.1,12.3,15.2
39025,2021,207650,0,1,0,1,0,82,Clermont,3318291,"Clermont County, Ohio",90.5,4.2,7.2,8.9
39027,2021,42046,0,1,0,0,1,19,Clinton,3750714,"Clinton County, Ohio",91.2,6,11.7,14
39029,2021,102331,1,1,0,0,0,17,Columbiana,2649477,"Columbiana County, Ohio",89.5,4.9,12.7,12.9
39031,2021,36621,1,1,0,0,0,8,Coshocton,2264275,"Coshocton County, Ohio",84.3,6.9,16.3,19.1
39033,2021,41939,1,0,0,0,0,7,Crawford,2957676,"Crawford County, Ohio",90,5.7,10.7,14.1
39035,2021,1263667,0,1,1,1,4,488,Cuyahoga,1546149,"Cuyahoga County, Ohio",90.7,7.5,14.4,16.7
39037,2021,51839,1,1,0,0,0,12,Darke,2387447,"Darke County, Ohio",91.3,2.4,6.9,10.4
39039,2021,38329,0,1,0,0,0,10,Defiance,2586679,"Defiance County, Ohio",92.1,5.1,9,9.5
39041,2021,211121,0,0,0,1,1,32,Delaware,2109115,"Delaware County, Ohio",97.2,2.8,3.2,4.6
39043,2021,75560,1,1,0,1,1,17,Erie,2617064,"Erie County, Ohio",91.9,5.6,8.3,12.1
39045,2021,157622,1,1,1,1,1,52,Fairfield,2957086,"Fairfield County, Ohio",93.5,4.1,8,8.6
39047,2021,28897,1,1,0,0,1,10,Fayette,3345233,"Fayette County, Ohio",84.2,5.3,13.5,16.1
39049,2021,1313598,0,1,1,1,2,737,Franklin,2332208,"Franklin County, Ohio",91.5,4.8,9.7,14.7
39051,2021,42709,0,0,0,1,1,8,Fulton,2703286,"Fulton County, Ohio",93.1,3.8,7.3,8.8
39053,2021,29369,1,0,0,0,0,16,Gallia,3207167,"Gallia County, Ohio",85.1,4.6,15.3,16.4
39055,2021,95408,0,0,0,1,0,12,Geauga,1565744,"Geauga County, Ohio",90.6,3.1,3.9,5.8
39057,2021,167043,0,1,1,1,0,46,Greene,2184931,"Greene County, Ohio",94,4.7,5.8,10.9
39059,2021,38542,1,1,0,0,2,9,Guernsey,2993327,"Guernsey County, Ohio",85.9,4.9,14.3,18.4
39061,2021,826790,0,1,1,1,3,347,Hamilton,2421298,"Hamilton County, Ohio",91.9,5.1,9.7,14.9
39063,2021,75139,0,0,0,0,1,17,Hancock,1965671,"Hancock County, Ohio",93.4,3.7,8.3,11.1
39065,2021,30738,1,1,0,0,0,14,Hardin,2873554,"Hardin County, Ohio",90.5,4.7,11.9,17.8
39067,2021,14623,1,1,0,0,0,2,Harrison,2843596,"Harrison County, Ohio",88.4,5.5,11,14.8
39069,2021,27618,0,0,0,0,0,5,Henry,2263629,"Henry County, Ohio",93.6,4.8,6.9,9.7
39071,2021,43162,1,1,0,0,0,17,Highland,3979238,"Highland County, Ohio",83.7,5.2,14.3,16.7
39073,2021,28180,1,1,0,1,0,16,Hocking,3855262,"Hocking County, Ohio",88.1,4,15.8,16.3
39075,2021,44166,1,1,0,0,0,1,Holmes,926035,"Holmes County, Ohio",56.6,2.2,3.3,9
39077,2021,58583,1,0,0,0,0,23,Huron,2927577,"Huron County, Ohio",90,4.3,8.1,12.3
39079,2021,32531,1,1,0,0,0,10,Jackson,4148060,"Jackson County, Ohio",87.4,7.3,16,17.1
39081,2021,65620,0,1,0,1,0,19,Jefferson,2766164,"Jefferson County, Ohio",92.7,6,13.9,17.3
39083,2021,62399,1,1,0,0,0,12,Knox,2600762,"Knox County, Ohio",91.7,3,9.1,12.7
39085,2021,232202,0,1,0,1,1,66,Lake,1962619,"Lake County, Ohio",93,4.8,6.1,7.5
39087,2021,58570,1,1,0,1,0,56,Lawrence,2507689,"Lawrence County, Ohio",88.9,4.6,20.3,18.8
39089,2021,177454,0,0,0,1,1,22,Licking,2705644,"Licking County, Ohio",92.8,3.6,8.5,9.5
39091,2021,45997,1,1,0,0,0,4,Logan,3645039,"Logan County, Ohio",92.8,4.4,9.4,9.5
39093,2021,311737,0,1,1,1,2,126,Lorain,2127724,"Lorain County, Ohio",90.9,4.7,8.9,13.2
39095,2021,431212,0,1,1,1,2,208,Lucas,2996064,"Lucas County, Ohio",90.2,7.3,14.5,17.6
39097,2021,43947,0,1,0,1,2,14,Madison,3417272,"Madison County, Ohio",88.4,3.1,9,10.2
39099,2021,229044,0,1,1,1,2,141,Mahoning,2811364,"Mahoning County, Ohio",91.4,7.9,15.1,17.3
39101,2021,65515,0,1,0,0,0,24,Marion,4719060,"Marion County, Ohio",89.9,5.8,13.2,15.2
39103,2021,181448,0,1,0,1,2,32,Medina,2113329,"Medina County, Ohio",95.1,2.8,5.5,5.7
39105,2021,22361,1,1,0,0,0,18,Meigs,2830202,"Meigs County, Ohio",85.1,7.5,21.1,20.1
39107,2021,42154,1,0,0,0,0,1,Mercer,1819650,"Mercer County, Ohio",92.9,2.4,4.1,5.3
39109,2021,107899,1,1,0,1,1,19,Miami,2827238,"Miami County, Ohio",93.2,3.7,6.1,7.7
39111,2021,13514,1,1,0,0,0,1,Monroe,1236190,"Monroe County, Ohio",89.8,5.5,11.2,14.7
39113,2021,536136,0,1,1,1,2,258,Montgomery,3040958,"Montgomery County, Ohio",91,6.1,12,15.3
39115,2021,13955,1,1,0,0,0,1,Morgan,3841298,"Morgan County, Ohio",84.7,4.1,18.8,17.3
39117,2021,34892,1,1,0,1,1,11,Morrow,3033925,"Morrow County, Ohio",89,3.2,9.8,10.2
39119,2021,86346,1,1,0,0,1,24,Muskingum,3755845,"Muskingum County, Ohio",89.8,4.5,16.4,15.8
39121,2021,14166,1,1,0,0,1,3,Noble,1764889,"Noble County, Ohio",85,4.8,9.9,16.6
39123,2021,40479,1,1,0,0,1,10,Ottawa,2932114,"Ottawa County, Ohio",92.4,3.9,6.1,8.3
39125,2021,18858,1,1,0,0,0,2,Paulding,2469639,"Paulding County, Ohio",89.7,4.3,8.8,10.1
39127,2021,35439,1,1,0,1,0,20,Perry,4827880,"Perry County, Ohio",88.8,4.9,15.7,15.2
39129,2021,58458,1,1,0,1,0,17,Pickaway,3876753,"Pickaway County, Ohio",87.2,4.2,12.5,13.4
39131,2021,27271,1,1,0,0,0,9,Pike,4699868,"Pike County, Ohio",85.1,5.2,21.5,19.4
39133,2021,161897,0,1,0,1,2,39,Portage,2371216,"Portage County, Ohio",92.4,5.9,9.3,11.2
39135,2021,41027,1,0,0,1,1,11,Preble,2955576,"Preble County, Ohio",91.4,3.1,8.4,9.8
39137,2021,34395,1,1,0,0,0,1,Putnam,1947045,"Putnam County, Ohio",94.6,2.6,6.8,6.3
39139,2021,124504,0,1,0,0,1,74,Richland,2109581,"Richland County, Ohio",88.4,5.3,11.9,13.6
39141,2021,77205,1,1,0,0,0,49,Ross,4142328,"Ross County, Ohio",88.8,6,15.3,16.5
39143,2021,59013,1,1,0,0,1,21,Sandusky,2069042,"Sandusky County, Ohio",92.6,5.5,11.1,12.9
39145,2021,74392,1,1,1,0,0,73,Scioto,4607704,"Scioto County, Ohio",86,7.9,24.1,23.8
39147,2021,55166,1,0,0,0,0,17,Seneca,2327548,"Seneca County, Ohio",93,3.9,9.7,12.2
39149,2021,48307,1,0,0,0,1,10,Shelby,2283338,"Shelby County, Ohio",89.6,5.2,4.8,10.8
39151,2021,374712,0,1,1,1,1,108,Stark,2949473,"Stark County, Ohio",92.3,4.9,8.7,13.4
39153,2021,540567,0,1,1,1,3,184,Summit,2213785,"Summit County, Ohio",92.6,5.7,9.7,12.6
39155,2021,202199,0,1,0,1,2,112,Trumbull,3226936,"Trumbull County, Ohio",89.2,4.9,11.8,17.1
39157,2021,93025,1,1,0,0,1,25,Tuscarawas,2878089,"Tuscarawas County, Ohio",88.4,5.6,12.4,13
39159,2021,61769,1,1,0,1,0,7,Union,2679675,"Union County, Ohio",94.4,3,2.6,4.7
39161,2021,28808,1,1,0,0,0,3,Van Wert,2127825,"Van Wert County, Ohio",92.9,4.9,6.9,9.8
39163,2021,12853,1,1,0,0,0,11,Vinton,4329535,"Vinton County, Ohio",80.2,4.9,17.6,18.9
39165,2021,239556,0,1,1,1,2,56,Warren,2527302,"Warren County, Ohio",94.6,3.5,3.6,4.8
39167,2021,59942,1,1,0,1,1,17,Washington,2867841,"Washington County, Ohio",91.4,5.3,11.5,13.6
39169,2021,116858,1,0,0,0,1,36,Wayne,2199875,"Wayne County, Ohio",86.1,3.6,6.8,10
39171,2021,37026,0,0,0,0,1,6,Williams,1996023,"Williams County, Ohio",91.7,3.4,10.6,10.7
39173,2021,131930,0,1,0,1,2,27,Wood,2239253,"Wood County, Ohio",95,5.2,5.6,12.6
39175,2021,21933,1,0,0,0,0,1,Wyandot,2218497,"Wyandot County, Ohio",93.6,2.7,7,7
39001,2022,27509,1,1,0,0,0,13,Adams,4887643,"Adams County, Ohio",84.97442627,5.776138306,20.12776184,19.6414032
39003,2022,102087,1,1,0,1,1,33,Allen,2436508,"Allen County, Ohio",91.98297119,6.08146286,13.04038239,12.32540894
39005,2022,52522,0,0,0,0,1,12,Ashland,1624746,"Ashland County, Ohio",89.88989258,3.725206375,8.443206787,11.74264526
39007,2022,97666,1,1,0,0,1,26,Ashtabula,2094816,"Ashtabula County, Ohio",86.60864258,7.588382721,17.05621338,18.01194763
39009,2022,61276,1,1,0,0,0,27,Athens,3259930,"Athens County, Ohio",91.7333374,5.701107025,14.79496765,24.44548035
39011,2022,46263,1,0,0,0,1,4,Auglaize,2649551,"Auglaize County, Ohio",93.41918945,2.86397934,6.872413635,6.601783752
39013,2022,66554,1,1,0,1,1,12,Belmont,1863872,"Belmont County, Ohio",91.47729492,6.03937912,13.72911072,14.01384735
39015,2022,43715,1,1,0,1,0,19,Brown,3788434,"Brown County, Ohio",87.47662354,4.375278473,15.70349884,15.89951325
39017,2022,388327,0,1,0,1,1,179,Butler,3114757,"Butler County, Ohio",91.21081543,5.056453705,9.174873352,11.84908295
39019,2022,26761,1,1,0,1,0,3,Carroll,2363705,"Carroll County, Ohio",88.862854,3.918722153,11.85380554,12.19104004
39021,2022,38715,1,0,0,0,0,5,Champaign,3349216,"Champaign County, Ohio",91.37176514,4.524108887,11.04278565,9.248184204
39023,2022,135877,0,1,0,1,1,60,Clark,4021661,"Clark County, Ohio",88.99938965,6.792934418,17.79573059,15.59134674
39025,2022,208851,0,1,0,1,0,67,Clermont,3318291,"Clermont County, Ohio",91.44927979,4.119621277,7.360477448,8.375869751
39027,2022,42077,0,1,0,0,1,18,Clinton,3750714,"Clinton County, Ohio",91.12475586,4.746833801,12.48321533,14.46452332
39029,2022,101723,1,1,0,0,0,5,Columbiana,2649477,"Columbiana County, Ohio",89.84765625,4.911270142,14.34146881,13.18372345
39031,2022,36629,1,1,0,0,0,4,Coshocton,2264275,"Coshocton County, Ohio",84.54217529,6.115650177,18.1084137,18.86070252
39033,2022,41861,1,0,0,0,0,10,Crawford,2957676,"Crawford County, Ohio",89.90753174,5.526027679,14.06318665,14.05662537
39035,2022,1256620,0,1,1,1,4,485,Cuyahoga,1546149,"Cuyahoga County, Ohio",90.90618897,7.176761627,16.3916626,16.49729919
39037,2022,51751,1,1,0,0,0,12,Darke,2387447,"Darke County, Ohio",91.06634522,2.642002106,8.641677856,11.04821777
39039,2022,38300,0,1,0,0,0,8,Defiance,2586679,"Defiance County, Ohio",91.98675537,4.850292206,10.18214417,10.52462769
39041,2022,216074,0,0,0,1,1,29,Delaware,2109115,"Delaware County, Ohio",97.16363525,3.047496796,3.735851288,4.526596069
39043,2022,75299,1,1,0,1,1,22,Erie,2617064,"Erie County, Ohio",91.85540772,6.068565369,11.57524109,11.47232819
39045,2022,159371,1,1,1,1,1,52,Fairfield,2957086,"Fairfield County, Ohio",93.87927246,3.669126511,9.299591065,8.714874268
39047,2022,28901,1,1,0,0,1,14,Fayette,3345233,"Fayette County, Ohio",84.99645996,4.332393646,14.69018555,15.81259155
39049,2022,1318149,0,1,1,1,2,680,Franklin,2332208,"Franklin County, Ohio",91.50842285,4.664966583,10.78496552,14.53104401
39051,2022,42602,0,0,0,1,1,9,Fulton,2703286,"Fulton County, Ohio",93.85864258,3.494308472,8.038406372,8.494819641
39053,2022,29276,1,0,0,0,0,19,Gallia,3207167,"Gallia County, Ohio",86.300354,4.102020264,16.54426575,17.16479492
39055,2022,95455,0,0,0,1,0,8,Geauga,1565744,"Geauga County, Ohio",91.07611084,3.096853256,4.382659912,5.847320557
39057,2022,167567,0,1,1,1,0,40,Greene,2184931,"Greene County, Ohio",94.20263672,4.612071991,8.213172913,10.59505463
39059,2022,38409,1,1,0,0,2,11,Guernsey,2993327,"Guernsey County, Ohio",86.24462891,4.559459686,16.8759613,16.98226929
39061,2022,827671,0,1,1,1,3,292,Hamilton,2421298,"Hamilton County, Ohio",92.14343262,5.025085449,11.5896759,14.88045502
39063,2022,75072,0,0,0,0,1,23,Hancock,1965671,"Hancock County, Ohio",93.83258057,3.658910751,8.882362366,10.53998566
39065,2022,30622,1,1,0,0,0,11,Hardin,2873554,"Hardin County, Ohio",91.59228516,4.673473358,11.33161163,18.15544128
39067,2022,14528,1,1,0,0,0,3,Harrison,2843596,"Harrison County, Ohio",88.18383789,4.504955292,13.95067596,15.43222809
39069,2022,27601,0,0,0,0,0,4,Henry,2263629,"Henry County, Ohio",92.9944458,4.493354797,7.800338745,9.510292053
39071,2022,43285,1,1,0,0,0,16,Highland,3979238,"Highland County, Ohio",85.02514648,4.37336731,16.54481506,14.84863281
39073,2022,28104,1,1,0,1,0,17,Hocking,3855262,"Hocking County, Ohio",87.89599609,4.705440521,17.46607971,16.59986877
39075,2022,44273,1,1,0,0,0,1,Holmes,926035,"Holmes County, Ohio",57.58139038,1.979492188,3.56767273,8.94821167
39077,2022,58518,1,0,0,0,0,13,Huron,2927577,"Huron County, Ohio",90.18255615,4.367099762,10.40439606,10.99150085
39079,2022,32563,1,1,0,0,0,11,Jackson,4148060,"Jackson County, Ohio",87.05340576,5.911361694,17.84307861,17.40232849
39081,2022,65280,0,1,0,1,0,22,Jefferson,2766164,"Jefferson County, Ohio",92.59417725,5.548252106,15.74166107,18.16409302
39083,2022,62657,1,1,0,0,0,7,Knox,2600762,"Knox County, Ohio",91.50146484,3.311500549,10.00994873,12.89163208
39085,2022,232236,0,1,0,1,1,77,Lake,1962619,"Lake County, Ohio",93.61108398,4.372142792,7.0597229,7.625312805
39087,2022,57994,1,1,0,1,0,39,Lawrence,2507689,"Lawrence County, Ohio",89.40991211,3.792293549,20.83276367,17.92727661
39089,2022,178844,0,0,0,1,1,24,Licking,2705644,"Licking County, Ohio",93.15887451,3.27220726,11.47845459,9.814094544
39091,2022,46098,1,1,0,0,0,10,Logan,3645039,"Logan County, Ohio",92.99780273,3.479803085,11.52441406,10.9160614
39093,2022,313101,0,1,1,1,2,115,Lorain,2127724,"Lorain County, Ohio",91.20556641,4.388259888,11.55168152,13.4998703
39095,2022,430014,0,1,1,1,2,194,Lucas,2996064,"Lucas County, Ohio",90.85290527,6.764930725,16.4894104,17.84239197
39097,2022,43961,0,1,0,1,2,11,Madison,3417272,"Madison County, Ohio",88.82971191,3.368530273,10.99973297,10.22026062
39099,2022,227979,0,1,1,1,2,133,Mahoning,2811364,"Mahoning County, Ohio",91.44018555,7.209918976,17.59150696,17.58535767
39101,2022,65366,0,1,0,0,0,37,Marion,4719060,"Marion County, Ohio",89.46807861,5.699085236,16.21821594,16.07502747
39103,2022,182347,0,1,0,1,2,23,Medina,2113329,"Medina County, Ohio",95.03765869,2.972938538,6.224945068,5.951667786
39105,2022,22242,1,1,0,0,0,17,Meigs,2830202,"Meigs County, Ohio",85.77209473,6.368637085,24.0688324,19.58605957
39107,2022,42321,1,0,0,0,0,3,Mercer,1819650,"Mercer County, Ohio",93.01434326,2.002513886,5.142925263,6.359119415
39109,2022,108818,1,1,0,1,1,21,Miami,2827238,"Miami County, Ohio",92.8270874,3.380031586,7.702934265,8.457138062
39111,2022,13401,1,1,0,0,0,1,Monroe,1236190,"Monroe County, Ohio",88.83032227,5.461524963,14.92643738,13.89748383
39113,2022,536121,0,1,1,1,2,241,Montgomery,3040958,"Montgomery County, Ohio",91.70458984,5.889095306,13.29374695,15.11891174
39115,2022,13851,1,1,0,0,0,4,Morgan,3841298,"Morgan County, Ohio",86.53747559,4.931407929,19.10905457,16.56544495
39117,2022,35049,1,1,0,1,1,9,Morrow,3033925,"Morrow County, Ohio",89.7498169,2.586498261,10.25563049,10.57575226
39119,2022,86393,1,1,0,0,1,26,Muskingum,3755845,"Muskingum County, Ohio",90.4029541,4.624736786,18.99765015,15.61964417
39121,2022,14216,1,1,0,0,1,4,Noble,1764889,"Noble County, Ohio",84.73223877,4.527870178,9.196914673,16.62512207
39123,2022,40367,1,1,0,0,1,14,Ottawa,2932114,"Ottawa County, Ohio",93.10125732,3.36935997,6.568489075,8.765609741
39125,2022,18827,1,1,0,0,0,4,Paulding,2469639,"Paulding County, Ohio",89.8961792,3.944105148,10.48748016,9.424049377
39127,2022,35451,1,1,0,1,0,14,Perry,4827880,"Perry County, Ohio",87.99017334,4.904304504,17.95677185,15.33868408
39129,2022,58809,1,1,0,1,0,27,Pickaway,3876753,"Pickaway County, Ohio",87.70776367,4.143695831,13.73730469,12.4942627
39131,2022,27151,1,1,0,0,0,8,Pike,4699868,"Pike County, Ohio",84.15484619,5.15909195,24.04954529,19.84339905
39133,2022,161217,0,1,0,1,2,31,Portage,2371216,"Portage County, Ohio",92.8682251,5.551342011,10.32584381,11.29766083
39135,2022,40929,1,0,0,1,1,14,Preble,2955576,"Preble County, Ohio",91.95947266,3.391799927,9.020828247,10.3323288
39137,2022,34400,1,1,0,0,0,1,Putnam,1947045,"Putnam County, Ohio",94.81384277,2.1835289,6.898639679,6.560844421
39139,2022,125008,0,1,0,0,1,53,Richland,2109581,"Richland County, Ohio",89.55584717,4.773204804,14.5008316,13.8742981
39141,2022,76957,1,1,0,0,0,51,Ross,4142328,"Ross County, Ohio",88.69494629,5.731479645,17.55114746,16.1109314
39143,2022,58885,1,1,0,0,1,22,Sandusky,2069042,"Sandusky County, Ohio",93.16265869,4.763210297,11.26965332,12.95796967
39145,2022,73716,1,1,1,0,0,81,Scioto,4607704,"Scioto County, Ohio",87.55718994,7.512905121,25.67962647,23.78889465
39147,2022,55062,1,0,0,0,0,14,Seneca,2327548,"Seneca County, Ohio",93.39605713,4.191913605,13.44590759,11.62830353
39149,2022,48145,1,0,0,0,1,7,Shelby,2283338,"Shelby County, Ohio",91.18267822,4.902347565,7.247699738,10.92351532
39151,2022,374199,0,1,1,1,1,102,Stark,2949473,"Stark County, Ohio",92.69921875,4.321632385,13.03380585,13.1704483
39153,2022,539361,0,1,1,1,3,204,Summit,2213785,"Summit County, Ohio",92.53436279,5.266788483,13.56134796,12.41272736
39155,2022,201749,0,1,0,1,2,110,Trumbull,3226936,"Trumbull County, Ohio",89.57757568,4.819141388,13.53213501,17.13677979
39157,2022,92840,1,1,0,0,1,19,Tuscarawas,2878089,"Tuscarawas County, Ohio",88.7633667,5.494960785,13.60459137,12.47254181
39159,2022,63411,1,1,0,1,0,9,Union,2679675,"Union County, Ohio",94.92993164,2.925657272,3.360712051,5.171527863
39161,2022,28833,1,1,0,0,0,9,Van Wert,2127825,"Van Wert County, Ohio",92.6819458,3.800634384,6.231781006,8.369110107
39163,2022,12790,1,1,0,0,0,16,Vinton,4329535,"Vinton County, Ohio",80.26068115,3.609220505,22.88400269,19.0667572
39165,2022,243189,0,1,1,1,2,39,Warren,2527302,"Warren County, Ohio",94.82971191,2.973896027,4.095336914,5.135177612
39167,2022,59639,1,1,0,1,1,21,Washington,2867841,"Washington County, Ohio",91.75665283,5.238059998,12.21671295,14.14521027
39169,2022,116680,1,0,0,0,1,30,Wayne,2199875,"Wayne County, Ohio",86.47058106,3.348711014,8.279418945,8.786262512
39171,2022,36973,0,0,0,0,1,3,Williams,1996023,"Williams County, Ohio",91.05639648,3.507526398,12.86001587,11.18794251
39173,2022,131564,0,1,0,1,2,15,Wood,2239253,"Wood County, Ohio",94.81915283,4.927585602,6.719234467,12.92250061
39175,2022,21818,1,0,0,0,0,0,Wyandot,2218497,"Wyandot County, Ohio",93.98339844,2.781961441,8.650627136,6.897510529
39001,2023,27510,1,1,0,0,0,8,Adams,4887643,Adams County,85.16,6.5,20.3,20.33
39003,2023,101685,1,1,0,1,1,21,Allen,2436508,Allen County,92.39,5.85,13.18,13.11
39005,2023,52296,0,0,0,0,1,11,Ashland,1624746,Ashland County,90.95,3.69,8.58,13.78
39007,2023,97343,1,1,0,0,1,26,Ashtabula,2094816,Ashtabula County,87.52,6.9,18.5,18.27
39009,2023,61573,1,1,0,0,0,16,Athens,3259930,Athens County,91.82,5.75,14.63,22.11
39011,2023,46209,1,0,0,0,1,4,Auglaize,2649551,Auglaize County,93.59,2.47,7.26,7.47
39013,2023,65982,1,1,0,1,1,18,Belmont,1863872,Belmont County,92.05,5.68,14.15,14.27
39015,2023,43710,1,1,0,1,0,21,Brown,3788434,Brown County,87.77,4.31,15.91,17.41
39017,2023,389910,0,1,0,1,1,119,Butler,3114757,Butler County,91.18,4.79,9.49,11.72
39019,2023,26731,1,1,0,1,0,6,Carroll,2363705,Carroll County,89.77,3.92,12.18,12.46
39021,2023,38772,1,0,0,0,0,8,Champaign,3349216,Champaign County,91.82,5.19,10.43,8.2
39023,2023,135445,0,1,0,1,1,50,Clark,4021661,Clark County,89.26,6.52,18.42,15.57
39025,2023,209862,0,1,0,1,0,45,Clermont,3318291,Clermont County,91.85,4.08,7.42,8.84
39027,2023,42014,0,1,0,0,1,16,Clinton,3750714,Clinton County,91.6,4.73,12.62,14.77
39029,2023,101203,1,1,0,0,0,9,Columbiana,2649477,Columbiana County,89.68,4.8,14.7,13.85
39031,2023,36679,1,1,0,0,0,9,Coshocton,2264275,Coshocton County,85.03,5.28,18.03,18.79
39033,2023,41767,1,0,0,0,0,11,Crawford,2957676,Crawford County,90.5,5.63,14.76,13.2
39035,2023,1249418,0,1,1,1,4,446,Cuyahoga,1546149,Cuyahoga County,91.24,6.94,16.5,16.2
39037,2023,51655,1,1,0,0,0,8,Darke,2387447,Darke County,90.69,2.7,8.61,11.22
39039,2023,38258,0,1,0,0,0,5,Defiance,2586679,Defiance County,92.32,4.05,9.24,9.97
39041,2023,221160,0,0,0,1,1,18,Delaware,2109115,Delaware County,97.07,2.97,3.88,5.05
39043,2023,74938,1,1,0,1,1,16,Erie,2617064,Erie County,92.43,6.13,11.54,12.53
39045,2023,161289,1,1,1,1,1,38,Fairfield,2957086,Fairfield County,94.02,3.61,9.02,8.19
39047,2023,28880,1,1,0,0,1,5,Fayette,3345233,Fayette County,85.77,4.32,13.96,16.04
39049,2023,1321635,0,1,1,1,2,619,Franklin,2332208,Franklin County,91.22,4.55,10.86,14.54
39051,2023,42434,0,0,0,1,1,8,Fulton,2703286,Fulton County,94.76,3.61,7.98,8.68
39053,2023,29162,1,0,0,0,0,12,Gallia,3207167,Gallia County,86.85,3.64,18.21,14.81
39055,2023,95479,0,0,0,1,0,11,Geauga,1565744,Geauga County,91.22,3,4.22,5.81
39057,2023,168531,0,1,1,1,0,33,Greene,2184931,Greene County,94.46,4.01,7.72,9.78
39059,2023,38283,1,1,0,0,2,11,Guernsey,2993327,Guernsey County,85.69,5.03,17.46,15.77
39061,2023,827878,0,1,1,1,3,262,Hamilton,2421298,Hamilton County,92.46,5.05,11.99,14.86
39063,2023,74885,0,0,0,0,1,13,Hancock,1965671,Hancock County,94.91,3.26,9.3,10.27
39065,2023,30527,1,1,0,0,0,6,Hardin,2873554,Hardin County,91.71,4.07,12.73,18.19
39067,2023,14408,1,1,0,0,0,2,Harrison,2843596,Harrison County,89.82,4.54,14.58,14.56
39069,2023,27581,0,0,0,0,0,5,Henry,2263629,Henry County,92.59,3.58,6.16,8.43
39071,2023,43403,1,1,0,0,0,5,Highland,3979238,Highland County,86.85,4,15.58,14.42
39073,2023,27938,1,1,0,1,0,15,Hocking,3855262,Hocking County,88.1,4.89,17.86,17.09
39075,2023,44312,1,1,0,0,0,2,Holmes,926035,Holmes County,57.06,2.04,3.85,8.81
39077,2023,58412,1,0,0,0,0,13,Huron,2927577,Huron County,90.65,4.12,10.64,11.96
39079,2023,32588,1,1,0,0,0,7,Jackson,4148060,Jackson County,87.45,4.05,19.72,17.66
39081,2023,64855,0,1,0,1,0,14,Jefferson,2766164,Jefferson County,92.87,4.99,15.41,16.93
39083,2023,62888,1,1,0,0,0,12,Knox,2600762,Knox County,91.09,2.46,9.69,11.04
39085,2023,232101,0,1,0,1,1,44,Lake,1962619,Lake County,93.86,4.29,7.55,8.18
39087,2023,57385,1,1,0,1,0,29,Lawrence,2507689,Lawrence County,90.03,3.05,20.66,17.52
39089,2023,180311,0,0,0,1,1,23,Licking,2705644,Licking County,93.14,3.17,12.09,10.13
39091,2023,46140,1,1,0,0,0,4,Logan,3645039,Logan County,92.86,3.58,11.51,11.29
39093,2023,314588,0,1,1,1,2,106,Lorain,2127724,Lorain County,91.46,4.44,11.45,12.79
39095,2023,428748,0,1,1,1,2,199,Lucas,2996064,Lucas County,90.97,6.82,16.6,17.81
39097,2023,44126,0,1,0,1,2,6,Madison,3417272,Madison County,88.93,4,11.19,9.69
39099,2023,227063,0,1,1,1,2,126,Mahoning,2811364,Mahoning County,91.61,6.41,18.27,18.28
39101,2023,65145,0,1,0,0,0,38,Marion,4719060,Marion County,89.06,5.95,17.4,15.35
39103,2023,183049,0,1,0,1,2,19,Medina,2113329,Medina County,94.52,3.04,6.59,6.13
39105,2023,22072,1,1,0,0,0,11,Meigs,2830202,Meigs County,86.75,6.13,24.81,22.04
39107,2023,42438,1,0,0,0,0,4,Mercer,1819650,Mercer County,94.66,1.8,4.33,6.14
39109,2023,109549,1,1,0,1,1,20,Miami,2827238,Miami County,92.81,3.62,8.03,8.62
39111,2023,13308,1,1,0,0,0,0,Monroe,1236190,Monroe County,90.04,6,14.45,15.13
39113,2023,535528,0,1,1,1,2,228,Montgomery,3040958,Montgomery County,92.08,5.85,13.48,14.9
39115,2023,13758,1,1,0,0,0,3,Morgan,3841298,Morgan County,88.54,2.97,16.26,14.29
39117,2023,35214,1,1,0,1,1,9,Morrow,3033925,Morrow County,91.39,3.02,10.92,10.87
39119,2023,86382,1,1,0,0,1,21,Muskingum,3755845,Muskingum County,90.34,4.6,19.1,15.64
39121,2023,14252,1,1,0,0,1,1,Noble,1764889,Noble County,85.34,2.92,8.42,11.68
39123,2023,40161,1,1,0,0,1,3,Ottawa,2932114,Ottawa County,94.12,2.92,6.96,8.35
39125,2023,18800,1,1,0,0,0,2,Paulding,2469639,Paulding County,90.39,3.93,11.19,9.6
39127,2023,35474,1,1,0,1,0,13,Perry,4827880,Perry County,88.25,3.99,17.42,14.7
39129,2023,59407,1,1,0,1,0,16,Pickaway,3876753,Pickaway County,88.4,4.18,13.05,12.1
39131,2023,27080,1,1,0,0,0,5,Pike,4699868,Pike County,85.6,5.35,26.12,19.92
39133,2023,161421,0,1,0,1,2,21,Portage,2371216,Portage County,92.93,5.3,10.43,11.4
39135,2023,40802,1,0,0,1,1,12,Preble,2955576,Preble County,92.64,3.52,9.96,11.25
39137,2023,34352,1,1,0,0,0,1,Putnam,1947045,Putnam County,94.66,2.15,7.2,7.14
39139,2023,125138,0,1,0,0,1,34,Richland,2109581,Richland County,89.47,4.77,15.23,13.94
39141,2023,76748,1,1,0,0,0,41,Ross,4142328,Ross County,88.91,4.54,17.28,16.8
39143,2023,58770,1,1,0,0,1,15,Sandusky,2069042,Sandusky County,93.3,3.9,12.42,13.24
39145,2023,73118,1,1,1,0,0,73,Scioto,4607704,Scioto County,88.69,6.58,23.2,22.37
39147,2023,54861,1,0,0,0,0,13,Seneca,2327548,Seneca County,93.24,3.95,13.83,11.91
39149,2023,48007,1,0,0,0,1,11,Shelby,2283338,Shelby County,91.38,4.59,8,11.1
39151,2023,373764,0,1,1,1,1,104,Stark,2949473,Stark County,92.79,3.87,12.9,12.74
39153,2023,538087,0,1,1,1,3,189,Summit,2213785,Summit County,92.89,5.22,13.63,12.65
39155,2023,201367,0,1,0,1,2,110,Trumbull,3226936,Trumbull County,90.02,4.47,13.73,16.79
39157,2023,92585,1,1,0,0,1,20,Tuscarawas,2878089,Tuscarawas County,88.92,5.29,14.35,12.97
39159,2023,65293,1,1,0,1,0,7,Union,2679675,Union County,95.23,2.4,4.18,5.06
39161,2023,28824,1,1,0,0,0,4,Van Wert,2127825,Van Wert County,93.56,3.66,6.78,9.52
39163,2023,12686,1,1,0,0,0,8,Vinton,4329535,Vinton County,83.11,3.61,20.49,16.72
39165,2023,246364,0,1,1,1,2,26,Warren,2527302,Warren County,95.03,3.13,4.26,5.42
39167,2023,59318,1,1,0,1,1,17,Washington,2867841,Washington County,92.94,4.65,12.26,12.89
39169,2023,116618,1,0,0,0,1,18,Wayne,2199875,Wayne County,86.31,3.28,8.07,8.73
39171,2023,36862,0,0,0,0,1,5,Williams,1996023,Williams County,91.4,3.49,14.16,11.94
39173,2023,131795,0,1,0,1,2,15,Wood,2239253,Wood County,95.17,4.59,6.76,12.04
39175,2023,21699,1,0,0,0,0,1,Wyandot,2218497,Wyandot County,94.82,2.51,9.48,7.49
