ZCTA,Year,Naloxone,urban,ruca,ZCTA_pop
43001,2017,0,1,2,2705
43002,2017,1,1,1,2026
43003,2017,6,1,2,2776
43004,2017,34,1,1,29982
43006,2017,0,0,9,715
43008,2017,0,1,1,2378
43009,2017,0,0,6,2083
43010,2017,0,1,6.1,245
43011,2017,12,1,2,7559
43013,2017,0,1,2,1220
43014,2017,0,0,5,3850
43015,2017,56,1,2,57563
43016,2017,22,1,1,44517
43017,2017,15,1,1,43619
43019,2017,22,0,5,9419
43021,2017,0,1,2,14622
43022,2017,1,0,4,4120
43023,2017,3,1,1,14462
43025,2017,1,1,1,5541
43026,2017,113,1,1,64607
43028,2017,0,0,5,7781
43029,2017,0,1,2,629
43030,2017,1,1,2,344
43031,2017,0,1,2,13189
43033,2017,0,1,2,352
43035,2017,4,1,1,33032
43036,2017,0,1,2,267
43040,2017,0,1,2,35853
43044,2017,0,1,6.1,5352
43045,2017,0,1,2,1928
43046,2017,20,1,1,3195
43050,2017,168,1,4,29594
43054,2017,14,1,1,27781
43055,2017,14,1,1,62590
43056,2017,2,1,1,17479
43060,2017,6,0,6,2667
43061,2017,10,1,2,4593
43062,2017,0,1,2,32125
43064,2017,3,1,2,17301
43065,2017,32,1,1,44829
43066,2017,0,1,2,1264
43067,2017,0,0,2,1410
43068,2017,37,1,1,59585
43071,2017,1,1,2.1,2442
43072,2017,11,0,3,5504
43074,2017,26,1,2,15288
43076,2017,5,1,2,9145
43078,2017,99,1,4.2,20067
43080,2017,2,1,2.1,5321
43081,2017,127,1,1,64338
43082,2017,27,1,1,32459
43084,2017,8,0,6,844
43085,2017,62,1,1,25566
43101,2017,1,0,3,322
43102,2017,0,1,2,4610
43103,2017,3,1,2,12282
43105,2017,16,1,2,8458
43106,2017,0,1,5.2,1590
43107,2017,2,0,5.2,3232
43110,2017,62,1,1,40953
43112,2017,2,1,2,5052
43113,2017,10,0,4.2,24165
43115,2017,0,0,5,1260
43116,2017,1,1,2,2732
43119,2017,25,1,1,30072
43123,2017,178,1,1,66188
43125,2017,30,1,1,14295
43126,2017,0,1,2,322
43128,2017,0,0,6,2267
43130,2017,98,0,4.2,62010
43135,2017,2,1,3,4267
43136,2017,1,1,1,1977
43137,2017,2,1,1,2684
43138,2017,0,0,7.4,18445
43140,2017,0,0,7.1,24030
43143,2017,0,1,2,5935
43144,2017,0,0,5,373
43145,2017,0,1,3,1920
43146,2017,7,1,2,12627
43147,2017,28,1,1,45281
43148,2017,1,1,2,2431
43149,2017,0,0,3,2335
43150,2017,1,0,5.2,2302
43152,2017,0,0,8.3,969
43153,2017,1,0,9.1,861
43154,2017,0,1,2,3014
43155,2017,0,0,5.2,2531
43157,2017,0,1,2,599
43160,2017,0,0,4,22117
43162,2017,4,1,2,6945
43164,2017,0,1,3,2216
43201,2017,114,1,1,37528
43202,2017,36,1,1,20427
43203,2017,272,1,1,8726
43204,2017,507,1,1,42315
43205,2017,193,1,1,12044
43206,2017,273,1,1,21594
43207,2017,519,1,1,46853
43209,2017,90,1,1,27727
43210,2017,5,1,1,14126
43211,2017,262,1,1,23160
43212,2017,20,1,1,24171
43213,2017,254,1,1,35105
43214,2017,54,1,1,26805
43215,2017,160,1,1,20761
43217,2017,0,1,1,2408
43219,2017,152,1,1,30457
43220,2017,51,1,1,27736
43221,2017,38,1,1,33844
43222,2017,237,1,1,4124
43223,2017,432,1,1,27951
43224,2017,184,1,1,43544
43227,2017,182,1,1,25041
43228,2017,128,1,1,58465
43229,2017,160,1,1,54310
43230,2017,65,1,1,58372
43231,2017,29,1,1,22126
43232,2017,268,1,1,44823
43235,2017,98,1,1,45561
43240,2017,11,1,1,7661
43302,2017,21,0,4,54094
43310,2017,4,0,6,3185
43311,2017,16,0,4,20029
43314,2017,2,0,5,3096
43315,2017,19,1,3,7090
43316,2017,5,0,7.4,5931
43318,2017,16,0,10.5,3609
43319,2017,0,0,6,1062
43320,2017,3,0,9.1,1440
43321,2017,1,1,3,250
43322,2017,0,0,4,310
43323,2017,0,0,8.4,609
43324,2017,2,0,6,2753
43326,2017,8,0,7,13328
43331,2017,41,0,9.2,4428
43332,2017,6,0,5,2136
43333,2017,0,0,10.5,826
43334,2017,22,1,2,6721
43337,2017,0,0,4,1001
43338,2017,23,0,7.3,10423
43340,2017,4,0,8,1754
43341,2017,0,0,5,911
43342,2017,0,0,5.2,3256
43343,2017,3,0,10.5,1233
43344,2017,0,0,10,5702
43345,2017,0,0,8,874
43347,2017,0,0,6,1492
43348,2017,8,0,9.2,1880
43351,2017,17,0,7,10144
43356,2017,0,0,5.2,1161
43357,2017,4,0,6,4848
43358,2017,0,0,6,2587
43359,2017,0,0,8.4,720
43360,2017,1,0,6,1590
43402,2017,20,0,4.2,31459
43406,2017,5,0,3,1740
43407,2017,0,0,5,631
43408,2017,0,1,2,251
43410,2017,39,0,7.4,10219
43412,2017,8,1,2,4033
43413,2017,0,0,6,1430
43416,2017,2,1,2,2769
43420,2017,121,0,4,29332
43430,2017,11,1,2,4631
43431,2017,12,0,10.5,4500
43432,2017,6,1,2,1354
43435,2017,1,0,5,1484
43437,2017,1,0,6,447
43438,2017,0,0,1,256
43440,2017,20,0,6,4665
43442,2017,3,0,5.2,1015
43443,2017,0,1,2,1856
43445,2017,3,1,2,1188
43447,2017,2,1,1,3343
43449,2017,19,0,6,8057
43450,2017,5,1,2,3454
43451,2017,2,0,5.2,1126
43452,2017,28,0,4,13443
43456,2017,0,0,10,678
43457,2017,0,0,3,1443
43458,2017,0,1,6,312
43460,2017,0,1,1,6230
43462,2017,0,0,5.2,1096
43463,2017,0,1,1,253
43464,2017,2,0,3,1336
43465,2017,1,1,1,5599
43466,2017,1,0,3,2141
43468,2017,1,1,2,565
43469,2017,16,1,2,3014
43501,2017,2,0,10.6,844
43502,2017,4,0,7,7064
43504,2017,0,1,2,1110
43506,2017,18,0,7,15010
43511,2017,1,0,5.2,856
43512,2017,41,0,4,28208
43515,2017,3,1,2,8174
43516,2017,2,0,10.6,2776
43517,2017,3,0,10.6,3494
43518,2017,3,0,10.6,2572
43521,2017,0,0,8,2693
43522,2017,1,1,2,3249
43524,2017,0,0,10.6,1239
43525,2017,0,1,2,1191
43526,2017,7,0,7.3,5995
43527,2017,0,0,8.4,2152
43528,2017,0,1,1,16746
43529,2017,0,0,10.6,220
43532,2017,0,1,9.1,3775
43533,2017,0,1,9.1,1509
43534,2017,4,0,8,1662
43535,2017,0,0,8,721
43537,2017,2,1,1,29075
43540,2017,0,1,2,1459
43542,2017,0,1,1,4443
43543,2017,19,0,7,7364
43545,2017,23,0,7,13954
43547,2017,2,1,2,370
43548,2017,0,0,8.4,721
43549,2017,0,0,9.2,1359
43551,2017,21,1,1,43235
43554,2017,1,0,10.6,2413
43556,2017,0,0,6,1762
43557,2017,2,0,9,3161
43558,2017,5,1,2,13088
43560,2017,20,1,1,34204
43565,2017,3,0,4.2,349
43566,2017,3,1,1,8371
43567,2017,12,0,7,13240
43569,2017,2,0,5.2,2628
43570,2017,3,0,10.6,3152
43571,2017,2,1,2,7753
43604,2017,76,1,1,9248
43605,2017,191,1,1,25007
43606,2017,62,1,1,25671
43607,2017,49,1,1,20494
43608,2017,60,1,1,12948
43609,2017,104,1,1,20519
43610,2017,17,1,1,4159
43611,2017,40,1,1,18505
43612,2017,105,1,1,29718
43613,2017,78,1,1,32116
43614,2017,46,1,1,29866
43615,2017,41,1,1,39449
43616,2017,0,1,1,20480
43617,2017,4,1,1,7659
43619,2017,23,1,1,7454
43620,2017,14,1,1,5019
43623,2017,22,1,1,20320
43701,2017,212,0,4,55361
43713,2017,13,0,7.3,7227
43716,2017,5,0,10,1806
43718,2017,4,1,2,3049
43719,2017,6,1,2,2319
43720,2017,0,0,5,1304
43723,2017,13,0,4,4671
43724,2017,18,0,7.4,8865
43725,2017,61,0,4,19520
43727,2017,2,0,5,1517
43728,2017,0,0,9,1072
43730,2017,0,0,9.1,2277
43731,2017,13,0,9.2,5200
43732,2017,1,0,5,1648
43734,2017,0,0,5,1212
43739,2017,1,1,2,2380
43746,2017,4,0,5.2,1261
43747,2017,0,0,10,1229
43748,2017,2,0,9.1,2711
43749,2017,0,0,5,2308
43754,2017,0,0,10,1318
43755,2017,3,0,5,1732
43756,2017,13,0,7,4909
43758,2017,7,0,7,3000
43759,2017,0,1,2,235
43760,2017,3,1,2,1949
43762,2017,4,0,7.4,5346
43764,2017,7,0,7.4,8177
43766,2017,3,0,9.1,1492
43767,2017,0,0,7.4,1425
43768,2017,0,0,5,223
43771,2017,1,0,5,1796
43772,2017,0,0,5,1811
43773,2017,4,0,6,2964
43777,2017,8,0,5,4568
43778,2017,0,0,6,1428
43779,2017,0,0,6,888
43780,2017,11,0,5,2235
43782,2017,0,0,9.1,727
43783,2017,20,1,3,4743
43787,2017,7,0,9,2815
43788,2017,0,0,6,816
43793,2017,0,1,10,4829
43802,2017,0,0,5,1334
43804,2017,0,0,10,4045
43811,2017,0,0,5,763
43812,2017,78,0,4,18669
43821,2017,0,0,10.2,4557
43822,2017,1,0,5,4668
43824,2017,0,0,5,3991
43830,2017,0,0,5,6593
43832,2017,14,0,7.4,7341
43837,2017,0,0,5,1784
43840,2017,1,0,5,1279
43843,2017,0,0,6,1449
43844,2017,10,0,6,3778
43845,2017,13,0,5,4803
43901,2017,2,1,2,2082
43903,2017,2,1,2,1937
43906,2017,21,1,2,7952
43907,2017,10,0,7.4,5369
43908,2017,0,1,2,1321
43910,2017,5,1,2,3379
43912,2017,19,1,1,6060
43913,2017,12,1,1,1322
43915,2017,0,1,10.6,1383
43917,2017,4,1,2.1,2647
43920,2017,67,0,4,21662
43926,2017,0,1,1,247
43930,2017,2,1,2,681
43932,2017,4,1,2,970
43933,2017,0,1,2,1969
43935,2017,31,1,1,7968
43938,2017,26,1,1,5196
43939,2017,0,1,2.1,436
43940,2017,1,1,2,321
43942,2017,3,1,2,2271
43943,2017,1,1,2,3452
43944,2017,4,1,2,2328
43945,2017,9,0,6,2972
43946,2017,0,1,10.6,1836
43947,2017,11,1,1,5002
43948,2017,1,1,2.1,514
43950,2017,41,1,1,16212
43952,2017,3,1,1,17977
43953,2017,42,1,1,11637
43961,2017,0,1,1,234
43963,2017,2,1,1,1249
43964,2017,0,1,1,9098
43968,2017,36,0,4,6546
43971,2017,2,1,1,1033
43973,2017,0,0,5,1947
43976,2017,0,1,3,1543
43977,2017,4,1,2,2178
43983,2017,0,1,2,436
43986,2017,1,1,3,1728
43988,2017,8,0,6,2351
44001,2017,54,1,1,20837
44003,2017,0,0,10.5,4275
44004,2017,85,0,4.2,31661
44010,2017,17,1,2,1666
44011,2017,15,1,1,24847
44012,2017,0,1,1,25206
44017,2017,3,1,1,18611
44021,2017,0,1,7.1,6347
44022,2017,9,1,1,17150
44023,2017,15,1,1,19075
44024,2017,0,1,2,23795
44026,2017,0,1,1,10877
44028,2017,1,1,2,8931
44030,2017,0,0,4,15868
44032,2017,0,0,10.5,1505
44035,2017,590,1,1,61921
44039,2017,87,1,1,35630
44040,2017,4,1,2,3032
44041,2017,103,1,4.2,13910
44044,2017,22,1,1,14911
44045,2017,2,1,1,421
44046,2017,0,1,3,2187
44047,2017,1,0,7.2,9156
44048,2017,0,0,5,2178
44050,2017,0,1,2.1,6724
44052,2017,294,1,1,29249
44053,2017,86,1,1,20735
44054,2017,9,1,1,12484
44055,2017,224,1,1,19331
44056,2017,37,1,1,12156
44057,2017,89,1,1,19447
44060,2017,40,1,1,60360
44062,2017,0,1,7.1,15085
44064,2017,0,1,2,1618
44065,2017,0,1,2,4058
44067,2017,27,1,1,19995
44070,2017,7,1,1,32442
44072,2017,0,1,1,4583
44074,2017,28,0,1,11957
44076,2017,2,0,10.4,5313
44077,2017,385,1,1,58253
44081,2017,30,1,1,6930
44082,2017,0,0,5,1511
44084,2017,1,1,2,3707
44085,2017,0,1,2,3232
44086,2017,0,1,2,2221
44087,2017,0,1,1,22626
44089,2017,53,1,1,15899
44090,2017,31,0,7.1,11085
44092,2017,63,1,1,16786
44093,2017,0,0,10.5,1454
44094,2017,208,1,1,37634
44095,2017,90,1,1,32616
44099,2017,0,0,10.4,2528
44102,2017,905,1,1,43347
44103,2017,312,1,1,14469
44104,2017,178,1,1,20202
44105,2017,567,1,1,34100
44106,2017,120,1,1,26608
44107,2017,3,1,1,51109
44108,2017,236,1,1,20005
44109,2017,888,1,1,39121
44110,2017,158,1,1,17617
44111,2017,566,1,1,41045
44112,2017,200,1,1,18685
44113,2017,428,1,1,20291
44114,2017,221,1,1,7622
44115,2017,153,1,1,8985
44116,2017,0,1,1,21821
44117,2017,95,1,1,10533
44118,2017,16,1,1,40242
44119,2017,103,1,1,12134
44120,2017,193,1,1,34611
44121,2017,76,1,1,32887
44122,2017,37,1,1,36268
44123,2017,120,1,1,17620
44124,2017,66,1,1,40530
44125,2017,125,1,1,29663
44126,2017,48,1,1,17235
44127,2017,152,1,1,4179
44128,2017,148,1,1,28146
44129,2017,232,1,1,28803
44130,2017,67,1,1,50825
44131,2017,42,1,1,20664
44132,2017,72,1,1,14524
44133,2017,4,1,1,31373
44134,2017,210,1,1,38845
44135,2017,229,1,1,26684
44136,2017,118,1,1,25890
44137,2017,107,1,1,23759
44138,2017,32,1,1,23088
44139,2017,51,1,1,25331
44140,2017,0,1,1,16163
44141,2017,24,1,1,14130
44142,2017,187,1,1,18598
44143,2017,13,1,1,25339
44144,2017,100,1,1,21361
44145,2017,13,1,1,34228
44146,2017,58,1,1,29778
44147,2017,1,1,1,19872
44149,2017,44,1,1,20678
44201,2017,6,1,2.1,6658
44202,2017,28,1,1,22167
44203,2017,492,1,1,39577
44212,2017,29,1,1,45749
44214,2017,4,0,6,2149
44215,2017,4,1,4.1,2289
44216,2017,11,1,1,9443
44217,2017,23,1,3,4165
44221,2017,154,1,1,29601
44223,2017,88,1,1,18388
44224,2017,53,1,1,38709
44230,2017,12,1,1,8064
44231,2017,37,1,2,8398
44233,2017,0,1,2,8025
44234,2017,9,1,2,3763
44235,2017,0,1,3,1960
44236,2017,18,1,1,26216
44240,2017,22,1,1,38354
44241,2017,0,1,1,17659
44250,2017,33,1,1,1469
44251,2017,3,1,3,928
44253,2017,4,1,2,3438
44254,2017,25,1,5,4784
44255,2017,2,1,2,7558
44256,2017,101,1,4.1,64815
44260,2017,6,1,1,13152
44262,2017,16,1,1,5020
44264,2017,7,1,1,3370
44266,2017,79,1,1,32606
44270,2017,106,1,2,8384
44272,2017,0,1,2.1,5356
44273,2017,23,1,3,6900
44275,2017,12,1,3,3257
44276,2017,12,0,10.5,2023
44278,2017,61,1,1,18671
44280,2017,10,1,2,5343
44281,2017,78,1,1,33241
44286,2017,17,1,1,6258
44287,2017,3,0,6,7561
44288,2017,16,1,2,3444
44301,2017,125,1,1,14364
44302,2017,27,1,1,4661
44303,2017,31,1,1,7031
44304,2017,28,1,1,4185
44305,2017,244,1,1,21214
44306,2017,379,1,1,21085
44307,2017,73,1,1,6959
44308,2017,52,1,1,1037
44310,2017,136,1,1,24984
44311,2017,86,1,1,6993
44312,2017,236,1,1,30510
44313,2017,77,1,1,25678
44314,2017,237,1,1,17686
44319,2017,108,1,1,21833
44320,2017,141,1,1,19083
44321,2017,46,1,1,15993
44333,2017,25,1,1,19449
44401,2017,0,1,2,2648
44402,2017,1,1,2,2951
44403,2017,11,1,2,3690
44404,2017,2,1,2,1300
44405,2017,0,1,1,7837
44406,2017,27,1,1,22740
44408,2017,9,0,3,10526
44410,2017,1,1,1,16824
44411,2017,1,1,2.1,2319
44412,2017,0,1,2.1,2472
44413,2017,0,1,9.1,7186
44417,2017,0,1,2,1539
44418,2017,0,1,2,1224
44420,2017,87,1,1,15033
44423,2017,1,0,10.6,2234
44425,2017,2,1,1,14280
44427,2017,0,1,10.1,1555
44428,2017,0,1,2,3115
44429,2017,3,1,2.1,2437
44430,2017,14,1,1,4723
44431,2017,6,0,3,4629
44432,2017,13,0,9.1,12276
44436,2017,6,1,2,3382
44437,2017,11,1,1,4073
44438,2017,18,1,1,4762
44440,2017,11,1,1,4648
44441,2017,1,0,6,1558
44442,2017,1,1,1,4095
44443,2017,3,1,1,1742
44444,2017,47,1,1,10042
44445,2017,0,1,3,3160
44446,2017,230,1,1,20173
44449,2017,1,0,2.1,1230
44450,2017,0,1,2,1824
44451,2017,5,1,2,3199
44452,2017,18,1,2,3114
44454,2017,0,1,1,935
44455,2017,2,0,9.1,1558
44460,2017,4,0,4.2,25393
44470,2017,6,1,2,3681
44471,2017,18,1,1,10445
44473,2017,25,1,2,3719
44481,2017,41,1,2,10258
44483,2017,279,1,1,24840
44484,2017,194,1,1,22290
44485,2017,232,1,1,15172
44490,2017,0,0,3,721
44491,2017,11,1,9.1,3950
44502,2017,141,1,1,9300
44503,2017,26,1,1,1922
44504,2017,24,1,1,4577
44505,2017,132,1,1,17048
44506,2017,17,1,1,2109
44507,2017,112,1,1,4598
44509,2017,163,1,1,10934
44510,2017,22,1,1,2034
44511,2017,118,1,1,18738
44512,2017,172,1,1,33282
44514,2017,40,1,1,22599
44515,2017,127,1,1,27480
44601,2017,43,0,4.2,33688
44606,2017,9,0,5,8218
44608,2017,3,1,2,2646
44609,2017,2,0,4.2,3592
44611,2017,1,0,6,2133
44612,2017,4,1,2,5443
44613,2017,1,1,2,1998
44614,2017,17,1,1,12922
44615,2017,3,0,7.1,10557
44618,2017,1,0,10.4,7159
44620,2017,0,1,2,1428
44621,2017,11,0,4,4606
44622,2017,28,0,4,18921
44624,2017,1,0,10,5843
44625,2017,1,1,10.6,1322
44626,2017,0,1,2,2996
44627,2017,4,0,10.5,7692
44628,2017,1,0,9,1119
44629,2017,5,0,5,2126
44632,2017,12,1,1,10047
44633,2017,1,0,10.6,2565
44634,2017,0,0,5,1995
44637,2017,0,0,9,2437
44638,2017,2,0,6,1555
44641,2017,16,1,1,20399
44643,2017,1,1,2,3218
44644,2017,4,1,2,4378
44645,2017,1,1,2,2670
44646,2017,84,1,1,47973
44647,2017,32,1,1,18368
44651,2017,0,1,3,765
44652,2017,0,1,1,542
44653,2017,0,0,4,632
44654,2017,12,0,10.5,20612
44656,2017,3,0,5.2,2618
44657,2017,18,0,7.1,9916
44662,2017,11,1,2,9562
44663,2017,62,0,4,25601
44666,2017,7,1,2.1,2935
44667,2017,4,0,7.4,13723
44669,2017,1,1,2,1454
44672,2017,2,0,4.2,4589
44675,2017,5,0,2,1890
44676,2017,14,0,5,4771
44677,2017,0,0,4,2805
44680,2017,14,0,4,4255
44681,2017,2,0,10.5,8053
44682,2017,0,0,5,1041
44683,2017,42,0,4,8313
44685,2017,6,1,1,29008
44688,2017,17,1,2,2958
44689,2017,0,0,10,586
44691,2017,121,0,4,44666
44695,2017,2,0,6,1222
44697,2017,0,1,2,260
44699,2017,0,0,5,909
44702,2017,4,1,1,1086
44703,2017,3,1,1,8015
44704,2017,1,1,1,3723
44705,2017,15,1,1,17779
44706,2017,9,1,1,16972
44707,2017,12,1,1,9163
44708,2017,18,1,1,25386
44709,2017,8,1,1,18509
44710,2017,16,1,1,9309
44714,2017,2,1,1,8923
44718,2017,35,1,1,12607
44720,2017,57,1,1,40744
44721,2017,16,1,1,13432
44730,2017,20,1,1,5925
44802,2017,0,0,6,948
44804,2017,1,0,4,1127
44805,2017,40,0,4,31238
44807,2017,1,0,6,2264
44811,2017,93,0,7.3,12698
44813,2017,10,1,2,8039
44814,2017,17,1,2,2750
44815,2017,3,0,6,679
44817,2017,0,0,6,1370
44818,2017,11,0,6,2399
44820,2017,0,0,4,17114
44822,2017,1,1,2,3431
44824,2017,0,0,1,3882
44826,2017,9,0,6.1,1617
44827,2017,12,0,4.2,6973
44830,2017,10,0,4,18442
44833,2017,1,0,4.2,16786
44836,2017,2,0,6,2538
44837,2017,18,0,6,4330
44838,2017,1,0,4,258
44839,2017,7,0,1,12472
44840,2017,5,0,5,3137
44841,2017,4,0,6,821
44842,2017,14,0,7,5643
44843,2017,4,1,2,2469
44844,2017,0,0,8,718
44846,2017,31,0,2,3322
44847,2017,23,0,4.2,3488
44849,2017,4,0,8.4,2162
44851,2017,5,0,10.5,5303
44853,2017,1,0,6,1447
44854,2017,0,0,10.5,1673
44855,2017,1,0,5,1289
44857,2017,142,0,4.2,23619
44859,2017,0,0,5,1784
44864,2017,7,0,6,3182
44865,2017,33,0,3,3164
44866,2017,4,1,6,2372
44867,2017,1,0,5,2280
44870,2017,246,0,1,40416
44875,2017,3,1,4.1,13900
44878,2017,19,1,2,3223
44880,2017,0,1,6,2914
44882,2017,1,0,8,2617
44883,2017,79,0,4,28690
44887,2017,0,0,10.5,958
44889,2017,12,1,2,6702
44890,2017,183,0,4,10759
44902,2017,0,1,1,4891
44903,2017,25,1,1,25613
44904,2017,12,1,1,14368
44905,2017,6,1,1,16827
44906,2017,21,1,1,16566
44907,2017,0,1,1,15014
45001,2017,8,1,1,927
45002,2017,81,1,1,15458
45003,2017,0,0,6,818
45005,2017,385,1,1,31577
45011,2017,893,1,1,73596
45013,2017,559,1,1,53911
45014,2017,258,1,1,46169
45015,2017,173,1,1,12103
45030,2017,14,1,1,21234
45033,2017,5,1,1,323
45034,2017,1,1,1,1166
45036,2017,216,1,2,41060
45039,2017,36,1,1,27529
45040,2017,99,1,1,57153
45042,2017,64,1,1,26972
45044,2017,97,1,1,56128
45050,2017,37,1,1,12173
45052,2017,29,1,1,3830
45053,2017,1,1,2,3375
45054,2017,1,1,2,2499
45056,2017,37,0,4.2,28892
45062,2017,5,1,1,775
45064,2017,1,1,2,3112
45065,2017,50,1,1,6725
45066,2017,50,1,1,26399
45067,2017,118,1,1,15004
45068,2017,18,1,2,11911
45069,2017,35,1,1,53694
45101,2017,45,0,4,2125
45102,2017,90,1,1,24954
45103,2017,92,1,1,35237
45106,2017,115,1,2,11855
45107,2017,31,1,2,9806
45111,2017,0,1,1,384
45113,2017,0,0,5.2,3974
45118,2017,1,1,2,3716
45120,2017,110,1,2,3138
45121,2017,65,1,7.1,8927
45122,2017,65,1,2,10757
45123,2017,23,0,7.4,8776
45130,2017,34,1,2,3585
45133,2017,32,0,8,23646
45135,2017,1,0,6,4765
45140,2017,80,1,1,56386
45142,2017,15,0,6,4384
45144,2017,24,0,10.4,3912
45146,2017,0,0,5.2,1400
45148,2017,2,0,5.2,1539
45150,2017,101,1,1,33735
45152,2017,36,1,2,13617
45153,2017,14,1,2,1826
45154,2017,51,1,2,9439
45157,2017,70,1,1,9705
45159,2017,14,0,5,3524
45160,2017,6,1,2,627
45162,2017,7,1,2,2730
45164,2017,2,0,4,233
45167,2017,60,0,10.4,3441
45168,2017,6,1,2,1345
45169,2017,0,0,5,4686
45171,2017,1,1,2,6174
45174,2017,0,1,1,2359
45176,2017,50,1,2,9100
45177,2017,30,0,4,22349
45202,2017,535,1,1,16883
45203,2017,65,1,1,2365
45204,2017,114,1,1,5818
45205,2017,339,1,1,19517
45206,2017,102,1,1,10670
45207,2017,36,1,1,7484
45208,2017,9,1,1,18969
45209,2017,44,1,1,10708
45211,2017,312,1,1,37868
45212,2017,178,1,1,21885
45213,2017,12,1,1,12052
45214,2017,244,1,1,8901
45215,2017,93,1,1,30993
45216,2017,145,1,1,9667
45217,2017,10,1,1,6177
45218,2017,6,1,1,3957
45219,2017,131,1,1,20644
45220,2017,81,1,1,15466
45223,2017,139,1,1,13174
45224,2017,52,1,1,20214
45225,2017,189,1,1,8006
45226,2017,32,1,1,5687
45227,2017,43,1,1,18427
45229,2017,98,1,1,12540
45230,2017,58,1,1,27718
45231,2017,108,1,1,41934
45232,2017,67,1,1,7109
45233,2017,26,1,1,15596
45236,2017,59,1,1,24223
45237,2017,88,1,1,21029
45238,2017,188,1,1,46864
45239,2017,103,1,1,28499
45240,2017,36,1,1,28820
45241,2017,48,1,1,24380
45242,2017,54,1,1,23214
45243,2017,5,1,1,15894
45244,2017,4,1,1,28936
45245,2017,4,1,1,20249
45246,2017,75,1,1,15249
45247,2017,81,1,1,23293
45248,2017,76,1,1,25181
45249,2017,28,1,1,14005
45251,2017,4,1,1,22073
45252,2017,0,1,1,4548
45255,2017,0,1,1,22069
45301,2017,0,1,1,135
45302,2017,9,0,6,4313
45303,2017,14,0,5,2215
45304,2017,0,1,2,7532
45305,2017,22,1,1,11470
45306,2017,9,0,6,2192
45308,2017,7,1,3,4488
45309,2017,106,1,2,12050
45310,2017,0,0,10.5,272
45311,2017,21,1,9.1,5723
45312,2017,0,1,2,1416
45314,2017,0,0,7.1,6261
45315,2017,52,1,1,4818
45317,2017,0,1,2,1018
45318,2017,23,1,2,5438
45319,2017,0,1,2,287
45320,2017,240,0,7.3,15530
45321,2017,5,0,3,859
45322,2017,144,1,1,21185
45323,2017,0,1,1,5123
45324,2017,242,1,1,40449
45325,2017,0,1,2,2558
45326,2017,0,1,2,1170
45327,2017,5,1,1,9388
45328,2017,1,1,3,471
45331,2017,6,0,4.2,22213
45332,2017,7,0,5,634
45333,2017,0,0,5,1389
45334,2017,10,0,6,2041
45335,2017,11,1,2,7062
45337,2017,4,1,2,1519
45338,2017,30,1,2,4950
45339,2017,0,1,2,1169
45340,2017,0,0,6,850
45341,2017,36,1,1,3741
45342,2017,474,1,1,37508
45344,2017,150,1,2,17042
45345,2017,121,1,2,5951
45346,2017,4,0,5,2085
45347,2017,8,0,5.2,4264
45348,2017,2,0,10.5,968
45349,2017,0,1,1,313
45351,2017,0,0,10.5,284
45352,2017,0,0,4.2,183
45354,2017,18,1,2,572
45356,2017,361,0,4.2,25106
45358,2017,0,1,2,361
45359,2017,2,1,2,1996
45360,2017,2,0,4,300
45362,2017,0,0,10.5,1086
45363,2017,1,0,5,1853
45365,2017,305,0,4,29277
45368,2017,17,1,2,4817
45369,2017,2,1,2,3576
45370,2017,14,1,2,2379
45371,2017,66,1,1,23205
45372,2017,0,1,1,352
45373,2017,247,1,1,36863
45377,2017,133,1,1,15070
45378,2017,1,1,2,402
45380,2017,4,0,7.4,5573
45381,2017,66,1,2,5424
45382,2017,3,0,3,1179
45383,2017,48,1,1,6885
45384,2017,0,1,1,2258
45385,2017,200,1,1,39446
45387,2017,6,1,2,5326
45388,2017,0,0,10.5,878
45389,2017,1,0,2,503
45390,2017,25,0,7.4,3269
45402,2017,2,1,1,10735
45403,2017,20,1,1,15130
45404,2017,204,1,1,10730
45405,2017,6,1,1,18124
45406,2017,9,1,1,20622
45409,2017,22,1,1,12392
45410,2017,6,1,1,15758
45414,2017,130,1,1,20693
45415,2017,65,1,1,12811
45416,2017,1,1,1,5612
45417,2017,324,1,1,28079
45419,2017,48,1,1,16236
45420,2017,72,1,1,25045
45424,2017,97,1,1,50920
45426,2017,213,1,1,14391
45429,2017,64,1,1,26514
45430,2017,2,1,1,7637
45431,2017,121,1,1,26660
45432,2017,82,1,1,15105
45433,2017,0,1,1,1567
45434,2017,4,1,1,12628
45439,2017,299,1,1,11726
45440,2017,28,1,1,22676
45449,2017,155,1,1,18976
45458,2017,96,1,1,36474
45459,2017,71,1,1,28344
45502,2017,65,1,1,16767
45503,2017,553,1,1,32870
45504,2017,293,1,1,17343
45505,2017,739,1,1,19708
45506,2017,538,1,1,13330
45601,2017,320,0,4,56849
45612,2017,9,0,5,5059
45613,2017,2,0,8,3542
45614,2017,13,0,5,4800
45616,2017,3,0,9,1187
45619,2017,63,1,1,7348
45620,2017,3,0,5,875
45621,2017,1,0,7,403
45622,2017,0,0,10.5,485
45623,2017,5,0,5,3235
45628,2017,1,0,5,5429
45629,2017,7,1,5.2,3220
45630,2017,0,0,5,222
45631,2017,121,0,5,14200
45634,2017,2,0,10,1893
45638,2017,234,1,1,20114
45640,2017,9,0,7,15896
45644,2017,7,0,5.2,4316
45645,2017,9,1,2,2750
45646,2017,1,0,8,363
45647,2017,0,0,5,2410
45648,2017,18,0,5,11211
45650,2017,1,0,9,348
45651,2017,23,0,10,5691
45652,2017,1,0,5,3131
45653,2017,8,0,5,3907
45654,2017,2,0,10.5,833
45656,2017,3,0,9,6532
45657,2017,2,0,5,2504
45658,2017,4,0,5,2538
45659,2017,5,1,2,2623
45660,2017,38,0,10.4,8011
45661,2017,14,0,8,7014
45662,2017,162,0,4,27718
45663,2017,21,0,5,6343
45669,2017,60,1,1,10223
45671,2017,0,0,5,391
45672,2017,0,0,9.2,1679
45673,2017,0,0,5,398
45674,2017,3,0,5,686
45678,2017,1,1,2,1140
45679,2017,17,1,10.4,3097
45680,2017,128,1,1,12326
45681,2017,6,0,6,1589
45682,2017,0,0,5,1998
45684,2017,9,0,5,1838
45685,2017,2,0,5,1040
45686,2017,8,0,6,3379
45690,2017,20,0,7.4,13527
45692,2017,15,0,7,8460
45693,2017,61,0,7.3,8797
45694,2017,3,0,4,11783
45695,2017,3,0,10.5,587
45696,2017,3,1,2,1253
45697,2017,23,1,8.1,4828
45701,2017,42,0,4,33705
45710,2017,1,0,5,5547
45711,2017,2,0,5,1065
45714,2017,3,1,1,10149
45715,2017,0,0,2,2412
45716,2017,0,0,7.4,490
45719,2017,4,0,4,964
45723,2017,8,1,2,3552
45724,2017,0,1,2,1785
45727,2017,4,0,8.3,478
45729,2017,0,1,2,1460
45732,2017,14,0,5,4524
45734,2017,0,0,10,409
45735,2017,0,0,5,1619
45740,2017,1,0,5,406
45742,2017,1,1,2,3018
45743,2017,3,1,3,1383
45744,2017,4,0,2,2656
45745,2017,0,0,2,1104
45746,2017,0,0,2,348
45750,2017,62,0,1,26327
45760,2017,24,0,7.4,3309
45761,2017,4,0,4,1558
45764,2017,29,0,7.4,7859
45766,2017,5,0,5,1313
45767,2017,6,0,2,2314
45768,2017,0,0,2,1599
45769,2017,26,0,9.2,5952
45770,2017,0,0,10.6,567
45771,2017,13,0,10.6,3408
45772,2017,1,1,3,1697
45773,2017,0,0,2,305
45775,2017,4,0,6,1361
45776,2017,0,0,9.2,730
45778,2017,0,0,5,834
45779,2017,2,0,10.6,780
45780,2017,17,0,4,3328
45782,2017,1,0,5,313
45784,2017,8,1,2,3313
45786,2017,0,0,10.1,3160
45788,2017,0,0,2,961
45801,2017,82,1,1,22819
45804,2017,77,1,1,14573
45805,2017,55,1,1,22740
45806,2017,46,1,1,11238
45807,2017,22,1,1,11856
45808,2017,0,1,1,282
45810,2017,2,0,7.3,7840
45812,2017,14,1,9,1835
45813,2017,4,1,10.4,3579
45814,2017,0,0,5,2646
45817,2017,1,0,7.3,6420
45819,2017,0,0,4.2,233
45820,2017,0,1,1,517
45821,2017,0,1,10.4,1252
45822,2017,73,0,4,19945
45826,2017,0,0,4,358
45827,2017,0,0,9,2223
45828,2017,6,0,4,6495
45830,2017,9,0,3,5797
45831,2017,3,0,9,3023
45832,2017,3,0,5,2854
45833,2017,53,0,7.1,10682
45835,2017,3,0,9,487
45836,2017,0,0,9,1332
45840,2017,117,0,4,54901
45841,2017,1,0,5,936
45843,2017,8,0,9,3768
45844,2017,1,0,10.4,3251
45845,2017,0,0,6,3270
45846,2017,10,0,10.5,4461
45849,2017,0,0,10.5,1154
45850,2017,3,1,2,3617
45851,2017,0,0,10.4,676
45853,2017,0,0,10.4,1451
45854,2017,0,1,1,461
45856,2017,5,0,10.6,5094
45858,2017,0,0,5,3038
45859,2017,7,1,9,461
45860,2017,0,0,10.5,2444
45861,2017,0,0,10.5,223
45862,2017,5,0,10.5,1408
45863,2017,8,0,5,1135
45865,2017,0,0,7,5251
45867,2017,0,0,5,1138
45868,2017,0,0,5,705
45869,2017,0,0,7,4567
45870,2017,3,1,4.2,116
45871,2017,1,0,10,2019
45872,2017,15,0,9.2,4120
45873,2017,0,0,10.5,2235
45874,2017,0,0,5,2079
45875,2017,6,0,7.3,11273
45876,2017,0,0,10.4,958
45877,2017,2,0,10.6,2239
45879,2017,0,0,7,5963
45880,2017,0,0,10.4,2390
45881,2017,0,0,5,1485
45882,2017,5,0,10.5,3005
45883,2017,2,0,10.5,4026
45885,2017,47,0,7,12863
45886,2017,0,0,5,459
45887,2017,0,1,2,4688
45888,2017,0,1,4.2,188
45889,2017,0,0,5,1481
45890,2017,1,0,5,653
45891,2017,8,0,4,15633
45894,2017,0,0,5,649
45895,2017,33,0,4.2,17974
45896,2017,1,1,2,1990
45898,2017,0,0,5,1251
43001,2018,1,1,2,2705
43002,2018,9,1,1,2026
43003,2018,4,1,2,2776
43004,2018,13,1,1,29982
43006,2018,2,0,9,715
43008,2018,3,1,1,2378
43009,2018,2,0,6,2083
43010,2018,0,1,6.1,245
43011,2018,14,1,2,7559
43013,2018,3,1,2,1220
43014,2018,1,0,5,3850
43015,2018,111,1,2,57563
43016,2018,14,1,1,44517
43017,2018,32,1,1,43619
43019,2018,13,0,5,9419
43021,2018,6,1,2,14622
43022,2018,5,0,4,4120
43023,2018,8,1,1,14462
43025,2018,1,1,1,5541
43026,2018,74,1,1,64607
43028,2018,1,0,5,7781
43029,2018,0,1,2,629
43030,2018,4,1,2,344
43031,2018,22,1,2,13189
43033,2018,0,1,2,352
43035,2018,11,1,1,33032
43036,2018,0,1,2,267
43040,2018,31,1,2,35853
43044,2018,9,1,6.1,5352
43045,2018,1,1,2,1928
43046,2018,6,1,1,3195
43050,2018,62,1,4,29594
43054,2018,7,1,1,27781
43055,2018,44,1,1,62590
43056,2018,6,1,1,17479
43060,2018,4,0,6,2667
43061,2018,5,1,2,4593
43062,2018,1,1,2,32125
43064,2018,7,1,2,17301
43065,2018,22,1,1,44829
43066,2018,1,1,2,1264
43067,2018,0,0,2,1410
43068,2018,21,1,1,59585
43071,2018,0,1,2.1,2442
43072,2018,5,0,3,5504
43074,2018,13,1,2,15288
43076,2018,13,1,2,9145
43078,2018,51,1,4.2,20067
43080,2018,3,1,2.1,5321
43081,2018,87,1,1,64338
43082,2018,21,1,1,32459
43084,2018,1,0,6,844
43085,2018,23,1,1,25566
43101,2018,2,0,3,322
43102,2018,9,1,2,4610
43103,2018,25,1,2,12282
43105,2018,11,1,2,8458
43106,2018,5,1,5.2,1590
43107,2018,0,0,5.2,3232
43110,2018,61,1,1,40953
43112,2018,13,1,2,5052
43113,2018,37,0,4.2,24165
43115,2018,0,0,5,1260
43116,2018,2,1,2,2732
43119,2018,32,1,1,30072
43123,2018,165,1,1,66188
43125,2018,32,1,1,14295
43126,2018,1,1,2,322
43128,2018,23,0,6,2267
43130,2018,50,0,4.2,62010
43135,2018,6,1,3,4267
43136,2018,0,1,1,1977
43137,2018,17,1,1,2684
43138,2018,33,0,7.4,18445
43140,2018,70,0,7.1,24030
43143,2018,21,1,2,5935
43144,2018,4,0,5,373
43145,2018,4,1,3,1920
43146,2018,24,1,2,12627
43147,2018,14,1,1,45281
43148,2018,4,1,2,2431
43149,2018,3,0,3,2335
43150,2018,1,0,5.2,2302
43152,2018,7,0,8.3,969
43153,2018,1,0,9.1,861
43154,2018,6,1,2,3014
43155,2018,2,0,5.2,2531
43157,2018,0,1,2,599
43160,2018,140,0,4,22117
43162,2018,4,1,2,6945
43164,2018,11,1,3,2216
43201,2018,78,1,1,37528
43202,2018,27,1,1,20427
43203,2018,131,1,1,8726
43204,2018,478,1,1,42315
43205,2018,125,1,1,12044
43206,2018,226,1,1,21594
43207,2018,705,1,1,46853
43209,2018,66,1,1,27727
43210,2018,2,1,1,14126
43211,2018,290,1,1,23160
43212,2018,17,1,1,24171
43213,2018,224,1,1,35105
43214,2018,53,1,1,26805
43215,2018,130,1,1,20761
43217,2018,4,1,1,2408
43219,2018,117,1,1,30457
43220,2018,26,1,1,27736
43221,2018,10,1,1,33844
43222,2018,204,1,1,4124
43223,2018,442,1,1,27951
43224,2018,142,1,1,43544
43227,2018,137,1,1,25041
43228,2018,186,1,1,58465
43229,2018,209,1,1,54310
43230,2018,31,1,1,58372
43231,2018,34,1,1,22126
43232,2018,220,1,1,44823
43235,2018,69,1,1,45561
43240,2018,10,1,1,7661
43302,2018,199,0,4,54094
43310,2018,0,0,6,3185
43311,2018,38,0,4,20029
43314,2018,7,0,5,3096
43315,2018,13,1,3,7090
43316,2018,5,0,7.4,5931
43318,2018,3,0,10.5,3609
43319,2018,0,0,6,1062
43320,2018,1,0,9.1,1440
43321,2018,0,1,3,250
43322,2018,0,0,4,310
43323,2018,0,0,8.4,609
43324,2018,0,0,6,2753
43326,2018,51,0,7,13328
43331,2018,23,0,9.2,4428
43332,2018,7,0,5,2136
43333,2018,3,0,10.5,826
43334,2018,11,1,2,6721
43337,2018,0,0,4,1001
43338,2018,10,0,7.3,10423
43340,2018,3,0,8,1754
43341,2018,1,0,5,911
43342,2018,3,0,5.2,3256
43343,2018,0,0,10.5,1233
43344,2018,12,0,10,5702
43345,2018,0,0,8,874
43347,2018,3,0,6,1492
43348,2018,6,0,9.2,1880
43351,2018,16,0,7,10144
43356,2018,0,0,5.2,1161
43357,2018,2,0,6,4848
43358,2018,3,0,6,2587
43359,2018,0,0,8.4,720
43360,2018,1,0,6,1590
43402,2018,53,0,4.2,31459
43406,2018,5,0,3,1740
43407,2018,0,0,5,631
43408,2018,0,1,2,251
43410,2018,32,0,7.4,10219
43412,2018,12,1,2,4033
43413,2018,0,0,6,1430
43416,2018,6,1,2,2769
43420,2018,103,0,4,29332
43430,2018,8,1,2,4631
43431,2018,12,0,10.5,4500
43432,2018,5,1,2,1354
43435,2018,0,0,5,1484
43437,2018,0,0,6,447
43438,2018,0,0,1,256
43440,2018,9,0,6,4665
43442,2018,1,0,5.2,1015
43443,2018,0,1,2,1856
43445,2018,0,1,2,1188
43447,2018,2,1,1,3343
43449,2018,20,0,6,8057
43450,2018,6,1,2,3454
43451,2018,3,0,5.2,1126
43452,2018,22,0,4,13443
43456,2018,0,0,10,678
43457,2018,0,0,3,1443
43458,2018,0,1,6,312
43460,2018,19,1,1,6230
43462,2018,2,0,5.2,1096
43463,2018,0,1,1,253
43464,2018,4,0,3,1336
43465,2018,18,1,1,5599
43466,2018,0,0,3,2141
43468,2018,0,1,2,565
43469,2018,0,1,2,3014
43501,2018,1,0,10.6,844
43502,2018,5,0,7,7064
43504,2018,0,1,2,1110
43506,2018,26,0,7,15010
43511,2018,1,0,5.2,856
43512,2018,50,0,4,28208
43515,2018,20,1,2,8174
43516,2018,6,0,10.6,2776
43517,2018,4,0,10.6,3494
43518,2018,2,0,10.6,2572
43521,2018,3,0,8,2693
43522,2018,2,1,2,3249
43524,2018,0,0,10.6,1239
43525,2018,1,1,2,1191
43526,2018,0,0,7.3,5995
43527,2018,3,0,8.4,2152
43528,2018,89,1,1,16746
43529,2018,0,0,10.6,220
43532,2018,0,1,9.1,3775
43533,2018,4,1,9.1,1509
43534,2018,3,0,8,1662
43535,2018,0,0,8,721
43537,2018,77,1,1,29075
43540,2018,5,1,2,1459
43542,2018,13,1,1,4443
43543,2018,23,0,7,7364
43545,2018,12,0,7,13954
43547,2018,1,1,2,370
43548,2018,0,0,8.4,721
43549,2018,0,0,9.2,1359
43551,2018,53,1,1,43235
43554,2018,0,0,10.6,2413
43556,2018,0,0,6,1762
43557,2018,7,0,9,3161
43558,2018,40,1,2,13088
43560,2018,61,1,1,34204
43565,2018,3,0,4.2,349
43566,2018,11,1,1,8371
43567,2018,17,0,7,13240
43569,2018,4,0,5.2,2628
43570,2018,4,0,10.6,3152
43571,2018,17,1,2,7753
43604,2018,235,1,1,9248
43605,2018,502,1,1,25007
43606,2018,189,1,1,25671
43607,2018,192,1,1,20494
43608,2018,190,1,1,12948
43609,2018,303,1,1,20519
43610,2018,29,1,1,4159
43611,2018,191,1,1,18505
43612,2018,444,1,1,29718
43613,2018,257,1,1,32116
43614,2018,142,1,1,29866
43615,2018,262,1,1,39449
43616,2018,73,1,1,20480
43617,2018,18,1,1,7659
43619,2018,30,1,1,7454
43620,2018,59,1,1,5019
43623,2018,129,1,1,20320
43701,2018,275,0,4,55361
43713,2018,11,0,7.3,7227
43716,2018,1,0,10,1806
43718,2018,2,1,2,3049
43719,2018,3,1,2,2319
43720,2018,5,0,5,1304
43723,2018,16,0,4,4671
43724,2018,11,0,7.4,8865
43725,2018,66,0,4,19520
43727,2018,0,0,5,1517
43728,2018,0,0,9,1072
43730,2018,0,0,9.1,2277
43731,2018,15,0,9.2,5200
43732,2018,2,0,5,1648
43734,2018,1,0,5,1212
43739,2018,1,1,2,2380
43746,2018,4,0,5.2,1261
43747,2018,0,0,10,1229
43748,2018,3,0,9.1,2711
43749,2018,1,0,5,2308
43754,2018,0,0,10,1318
43755,2018,1,0,5,1732
43756,2018,17,0,7,4909
43758,2018,3,0,7,3000
43759,2018,0,1,2,235
43760,2018,0,1,2,1949
43762,2018,10,0,7.4,5346
43764,2018,9,0,7.4,8177
43766,2018,3,0,9.1,1492
43767,2018,0,0,7.4,1425
43768,2018,1,0,5,223
43771,2018,1,0,5,1796
43772,2018,3,0,5,1811
43773,2018,2,0,6,2964
43777,2018,6,0,5,4568
43778,2018,0,0,6,1428
43779,2018,0,0,6,888
43780,2018,2,0,5,2235
43782,2018,0,0,9.1,727
43783,2018,13,1,3,4743
43787,2018,6,0,9,2815
43788,2018,0,0,6,816
43793,2018,4,1,10,4829
43802,2018,0,0,5,1334
43804,2018,0,0,10,4045
43811,2018,0,0,5,763
43812,2018,42,0,4,18669
43821,2018,3,0,10.2,4557
43822,2018,3,0,5,4668
43824,2018,4,0,5,3991
43830,2018,10,0,5,6593
43832,2018,6,0,7.4,7341
43837,2018,0,0,5,1784
43840,2018,0,0,5,1279
43843,2018,2,0,6,1449
43844,2018,4,0,6,3778
43845,2018,20,0,5,4803
43901,2018,1,1,2,2082
43903,2018,2,1,2,1937
43906,2018,12,1,2,7952
43907,2018,9,0,7.4,5369
43908,2018,0,1,2,1321
43910,2018,2,1,2,3379
43912,2018,24,1,1,6060
43913,2018,10,1,1,1322
43915,2018,0,1,10.6,1383
43917,2018,2,1,2.1,2647
43920,2018,36,0,4,21662
43926,2018,0,1,1,247
43930,2018,5,1,2,681
43932,2018,8,1,2,970
43933,2018,0,1,2,1969
43935,2018,38,1,1,7968
43938,2018,14,1,1,5196
43939,2018,2,1,2.1,436
43940,2018,7,1,2,321
43942,2018,3,1,2,2271
43943,2018,4,1,2,3452
43944,2018,2,1,2,2328
43945,2018,7,0,6,2972
43946,2018,5,1,10.6,1836
43947,2018,14,1,1,5002
43948,2018,2,1,2.1,514
43950,2018,43,1,1,16212
43952,2018,3,1,1,17977
43953,2018,26,1,1,11637
43961,2018,0,1,1,234
43963,2018,0,1,1,1249
43964,2018,7,1,1,9098
43968,2018,22,0,4,6546
43971,2018,1,1,1,1033
43973,2018,2,0,5,1947
43976,2018,1,1,3,1543
43977,2018,3,1,2,2178
43983,2018,0,1,2,436
43986,2018,2,1,3,1728
43988,2018,2,0,6,2351
44001,2018,48,1,1,20837
44003,2018,0,0,10.5,4275
44004,2018,73,0,4.2,31661
44010,2018,13,1,2,1666
44011,2018,0,1,1,24847
44012,2018,0,1,1,25206
44017,2018,0,1,1,18611
44021,2018,0,1,7.1,6347
44022,2018,8,1,1,17150
44023,2018,7,1,1,19075
44024,2018,0,1,2,23795
44026,2018,0,1,1,10877
44028,2018,2,1,2,8931
44030,2018,6,0,4,15868
44032,2018,0,0,10.5,1505
44035,2018,414,1,1,61921
44039,2018,68,1,1,35630
44040,2018,3,1,2,3032
44041,2018,78,1,4.2,13910
44044,2018,7,1,1,14911
44045,2018,4,1,1,421
44046,2018,2,1,3,2187
44047,2018,1,0,7.2,9156
44048,2018,0,0,5,2178
44050,2018,6,1,2.1,6724
44052,2018,159,1,1,29249
44053,2018,75,1,1,20735
44054,2018,48,1,1,12484
44055,2018,198,1,1,19331
44056,2018,22,1,1,12156
44057,2018,75,1,1,19447
44060,2018,108,1,1,60360
44062,2018,0,1,7.1,15085
44064,2018,0,1,2,1618
44065,2018,0,1,2,4058
44067,2018,10,1,1,19995
44070,2018,0,1,1,32442
44072,2018,0,1,1,4583
44074,2018,20,0,1,11957
44076,2018,0,0,10.4,5313
44077,2018,336,1,1,58253
44081,2018,27,1,1,6930
44082,2018,0,0,5,1511
44084,2018,1,1,2,3707
44085,2018,0,1,2,3232
44086,2018,0,1,2,2221
44087,2018,0,1,1,22626
44089,2018,36,1,1,15899
44090,2018,18,0,7.1,11085
44092,2018,37,1,1,16786
44093,2018,0,0,10.5,1454
44094,2018,165,1,1,37634
44095,2018,47,1,1,32616
44099,2018,0,0,10.4,2528
44102,2018,438,1,1,43347
44103,2018,179,1,1,14469
44104,2018,160,1,1,20202
44105,2018,325,1,1,34100
44106,2018,98,1,1,26608
44107,2018,7,1,1,51109
44108,2018,110,1,1,20005
44109,2018,402,1,1,39121
44110,2018,89,1,1,17617
44111,2018,236,1,1,41045
44112,2018,164,1,1,18685
44113,2018,209,1,1,20291
44114,2018,97,1,1,7622
44115,2018,90,1,1,8985
44116,2018,2,1,1,21821
44117,2018,89,1,1,10533
44118,2018,28,1,1,40242
44119,2018,65,1,1,12134
44120,2018,121,1,1,34611
44121,2018,37,1,1,32887
44122,2018,32,1,1,36268
44123,2018,61,1,1,17620
44124,2018,50,1,1,40530
44125,2018,100,1,1,29663
44126,2018,32,1,1,17235
44127,2018,61,1,1,4179
44128,2018,89,1,1,28146
44129,2018,97,1,1,28803
44130,2018,61,1,1,50825
44131,2018,27,1,1,20664
44132,2018,44,1,1,14524
44133,2018,12,1,1,31373
44134,2018,108,1,1,38845
44135,2018,108,1,1,26684
44136,2018,77,1,1,25890
44137,2018,80,1,1,23759
44138,2018,18,1,1,23088
44139,2018,20,1,1,25331
44140,2018,1,1,1,16163
44141,2018,17,1,1,14130
44142,2018,82,1,1,18598
44143,2018,27,1,1,25339
44144,2018,45,1,1,21361
44145,2018,81,1,1,34228
44146,2018,27,1,1,29778
44147,2018,0,1,1,19872
44149,2018,38,1,1,20678
44201,2018,5,1,2.1,6658
44202,2018,18,1,1,22167
44203,2018,233,1,1,39577
44212,2018,9,1,1,45749
44214,2018,3,0,6,2149
44215,2018,1,1,4.1,2289
44216,2018,10,1,1,9443
44217,2018,8,1,3,4165
44221,2018,117,1,1,29601
44223,2018,27,1,1,18388
44224,2018,29,1,1,38709
44230,2018,8,1,1,8064
44231,2018,9,1,2,8398
44233,2018,2,1,2,8025
44234,2018,6,1,2,3763
44235,2018,0,1,3,1960
44236,2018,25,1,1,26216
44240,2018,19,1,1,38354
44241,2018,0,1,1,17659
44250,2018,8,1,1,1469
44251,2018,3,1,3,928
44253,2018,0,1,2,3438
44254,2018,6,1,5,4784
44255,2018,7,1,2,7558
44256,2018,53,1,4.1,64815
44260,2018,1,1,1,13152
44262,2018,7,1,1,5020
44264,2018,0,1,1,3370
44266,2018,68,1,1,32606
44270,2018,40,1,2,8384
44272,2018,0,1,2.1,5356
44273,2018,12,1,3,6900
44275,2018,6,1,3,3257
44276,2018,2,0,10.5,2023
44278,2018,28,1,1,18671
44280,2018,2,1,2,5343
44281,2018,37,1,1,33241
44286,2018,0,1,1,6258
44287,2018,2,0,6,7561
44288,2018,19,1,2,3444
44301,2018,72,1,1,14364
44302,2018,14,1,1,4661
44303,2018,13,1,1,7031
44304,2018,19,1,1,4185
44305,2018,93,1,1,21214
44306,2018,172,1,1,21085
44307,2018,36,1,1,6959
44308,2018,24,1,1,1037
44310,2018,80,1,1,24984
44311,2018,32,1,1,6993
44312,2018,134,1,1,30510
44313,2018,44,1,1,25678
44314,2018,135,1,1,17686
44319,2018,52,1,1,21833
44320,2018,70,1,1,19083
44321,2018,29,1,1,15993
44333,2018,11,1,1,19449
44401,2018,0,1,2,2648
44402,2018,0,1,2,2951
44403,2018,17,1,2,3690
44404,2018,0,1,2,1300
44405,2018,0,1,1,7837
44406,2018,18,1,1,22740
44408,2018,14,0,3,10526
44410,2018,1,1,1,16824
44411,2018,0,1,2.1,2319
44412,2018,0,1,2.1,2472
44413,2018,3,1,9.1,7186
44417,2018,0,1,2,1539
44418,2018,2,1,2,1224
44420,2018,55,1,1,15033
44423,2018,0,0,10.6,2234
44425,2018,6,1,1,14280
44427,2018,0,1,10.1,1555
44428,2018,0,1,2,3115
44429,2018,2,1,2.1,2437
44430,2018,26,1,1,4723
44431,2018,4,0,3,4629
44432,2018,4,0,9.1,12276
44436,2018,7,1,2,3382
44437,2018,7,1,1,4073
44438,2018,15,1,1,4762
44440,2018,16,1,1,4648
44441,2018,0,0,6,1558
44442,2018,4,1,1,4095
44443,2018,5,1,1,1742
44444,2018,25,1,1,10042
44445,2018,1,1,3,3160
44446,2018,111,1,1,20173
44449,2018,0,0,2.1,1230
44450,2018,0,1,2,1824
44451,2018,13,1,2,3199
44452,2018,24,1,2,3114
44454,2018,0,1,1,935
44455,2018,1,0,9.1,1558
44460,2018,26,0,4.2,25393
44470,2018,4,1,2,3681
44471,2018,1,1,1,10445
44473,2018,3,1,2,3719
44481,2018,40,1,2,10258
44483,2018,114,1,1,24840
44484,2018,83,1,1,22290
44485,2018,90,1,1,15172
44490,2018,3,0,3,721
44491,2018,3,1,9.1,3950
44502,2018,70,1,1,9300
44503,2018,16,1,1,1922
44504,2018,22,1,1,4577
44505,2018,65,1,1,17048
44506,2018,8,1,1,2109
44507,2018,50,1,1,4598
44509,2018,104,1,1,10934
44510,2018,5,1,1,2034
44511,2018,66,1,1,18738
44512,2018,95,1,1,33282
44514,2018,49,1,1,22599
44515,2018,96,1,1,27480
44601,2018,25,0,4.2,33688
44606,2018,0,0,5,8218
44608,2018,1,1,2,2646
44609,2018,11,0,4.2,3592
44611,2018,0,0,6,2133
44612,2018,2,1,2,5443
44613,2018,3,1,2,1998
44614,2018,6,1,1,12922
44615,2018,8,0,7.1,10557
44618,2018,0,0,10.4,7159
44620,2018,3,1,2,1428
44621,2018,3,0,4,4606
44622,2018,22,0,4,18921
44624,2018,3,0,10,5843
44625,2018,0,1,10.6,1322
44626,2018,0,1,2,2996
44627,2018,0,0,10.5,7692
44628,2018,1,0,9,1119
44629,2018,3,0,5,2126
44632,2018,9,1,1,10047
44633,2018,0,0,10.6,2565
44634,2018,0,0,5,1995
44637,2018,2,0,9,2437
44638,2018,2,0,6,1555
44641,2018,3,1,1,20399
44643,2018,0,1,2,3218
44644,2018,4,1,2,4378
44645,2018,0,1,2,2670
44646,2018,71,1,1,47973
44647,2018,10,1,1,18368
44651,2018,0,1,3,765
44652,2018,0,1,1,542
44653,2018,0,0,4,632
44654,2018,8,0,10.5,20612
44656,2018,0,0,5.2,2618
44657,2018,7,0,7.1,9916
44662,2018,4,1,2,9562
44663,2018,31,0,4,25601
44666,2018,3,1,2.1,2935
44667,2018,9,0,7.4,13723
44669,2018,0,1,2,1454
44672,2018,1,0,4.2,4589
44675,2018,0,0,2,1890
44676,2018,6,0,5,4771
44677,2018,4,0,4,2805
44680,2018,6,0,4,4255
44681,2018,2,0,10.5,8053
44682,2018,0,0,5,1041
44683,2018,16,0,4,8313
44685,2018,26,1,1,29008
44688,2018,3,1,2,2958
44689,2018,0,0,10,586
44691,2018,62,0,4,44666
44695,2018,0,0,6,1222
44697,2018,0,1,2,260
44699,2018,0,0,5,909
44702,2018,21,1,1,1086
44703,2018,29,1,1,8015
44704,2018,8,1,1,3723
44705,2018,39,1,1,17779
44706,2018,60,1,1,16972
44707,2018,18,1,1,9163
44708,2018,48,1,1,25386
44709,2018,29,1,1,18509
44710,2018,22,1,1,9309
44714,2018,21,1,1,8923
44718,2018,10,1,1,12607
44720,2018,28,1,1,40744
44721,2018,1,1,1,13432
44730,2018,6,1,1,5925
44802,2018,0,0,6,948
44804,2018,0,0,4,1127
44805,2018,29,0,4,31238
44807,2018,3,0,6,2264
44811,2018,54,0,7.3,12698
44813,2018,5,1,2,8039
44814,2018,9,1,2,2750
44815,2018,0,0,6,679
44817,2018,0,0,6,1370
44818,2018,2,0,6,2399
44820,2018,6,0,4,17114
44822,2018,0,1,2,3431
44824,2018,10,0,1,3882
44826,2018,5,0,6.1,1617
44827,2018,23,0,4.2,6973
44830,2018,28,0,4,18442
44833,2018,1,0,4.2,16786
44836,2018,4,0,6,2538
44837,2018,5,0,6,4330
44838,2018,1,0,4,258
44839,2018,6,0,1,12472
44840,2018,0,0,5,3137
44841,2018,0,0,6,821
44842,2018,4,0,7,5643
44843,2018,2,1,2,2469
44844,2018,3,0,8,718
44846,2018,6,0,2,3322
44847,2018,8,0,4.2,3488
44849,2018,0,0,8.4,2162
44851,2018,23,0,10.5,5303
44853,2018,0,0,6,1447
44854,2018,0,0,10.5,1673
44855,2018,3,0,5,1289
44857,2018,105,0,4.2,23619
44859,2018,10,0,5,1784
44864,2018,1,0,6,3182
44865,2018,6,0,3,3164
44866,2018,3,1,6,2372
44867,2018,3,0,5,2280
44870,2018,192,0,1,40416
44875,2018,0,1,4.1,13900
44878,2018,12,1,2,3223
44880,2018,2,1,6,2914
44882,2018,0,0,8,2617
44883,2018,49,0,4,28690
44887,2018,0,0,10.5,958
44889,2018,9,1,2,6702
44890,2018,45,0,4,10759
44902,2018,0,1,1,4891
44903,2018,17,1,1,25613
44904,2018,3,1,1,14368
44905,2018,74,1,1,16827
44906,2018,21,1,1,16566
44907,2018,5,1,1,15014
45001,2018,5,1,1,927
45002,2018,67,1,1,15458
45003,2018,1,0,6,818
45005,2018,167,1,1,31577
45011,2018,562,1,1,73596
45013,2018,332,1,1,53911
45014,2018,191,1,1,46169
45015,2018,82,1,1,12103
45030,2018,6,1,1,21234
45033,2018,7,1,1,323
45034,2018,3,1,1,1166
45036,2018,75,1,2,41060
45039,2018,33,1,1,27529
45040,2018,53,1,1,57153
45042,2018,101,1,1,26972
45044,2018,211,1,1,56128
45050,2018,21,1,1,12173
45052,2018,21,1,1,3830
45053,2018,2,1,2,3375
45054,2018,7,1,2,2499
45056,2018,44,0,4.2,28892
45062,2018,0,1,1,775
45064,2018,8,1,2,3112
45065,2018,25,1,1,6725
45066,2018,14,1,1,26399
45067,2018,71,1,1,15004
45068,2018,20,1,2,11911
45069,2018,101,1,1,53694
45101,2018,19,0,4,2125
45102,2018,58,1,1,24954
45103,2018,84,1,1,35237
45106,2018,55,1,2,11855
45107,2018,34,1,2,9806
45111,2018,0,1,1,384
45113,2018,2,0,5.2,3974
45118,2018,4,1,2,3716
45120,2018,54,1,2,3138
45121,2018,40,1,7.1,8927
45122,2018,50,1,2,10757
45123,2018,63,0,7.4,8776
45130,2018,11,1,2,3585
45133,2018,80,0,8,23646
45135,2018,4,0,6,4765
45140,2018,64,1,1,56386
45142,2018,9,0,6,4384
45144,2018,26,0,10.4,3912
45146,2018,1,0,5.2,1400
45148,2018,5,0,5.2,1539
45150,2018,117,1,1,33735
45152,2018,20,1,2,13617
45153,2018,3,1,2,1826
45154,2018,29,1,2,9439
45157,2018,47,1,1,9705
45159,2018,4,0,5,3524
45160,2018,4,1,2,627
45162,2018,5,1,2,2730
45164,2018,1,0,4,233
45167,2018,42,0,10.4,3441
45168,2018,4,1,2,1345
45169,2018,3,0,5,4686
45171,2018,20,1,2,6174
45174,2018,0,1,1,2359
45176,2018,34,1,2,9100
45177,2018,101,0,4,22349
45202,2018,792,1,1,16883
45203,2018,139,1,1,2365
45204,2018,126,1,1,5818
45205,2018,298,1,1,19517
45206,2018,176,1,1,10670
45207,2018,37,1,1,7484
45208,2018,21,1,1,18969
45209,2018,44,1,1,10708
45211,2018,317,1,1,37868
45212,2018,159,1,1,21885
45213,2018,75,1,1,12052
45214,2018,235,1,1,8901
45215,2018,102,1,1,30993
45216,2018,178,1,1,9667
45217,2018,63,1,1,6177
45218,2018,5,1,1,3957
45219,2018,213,1,1,20644
45220,2018,84,1,1,15466
45223,2018,128,1,1,13174
45224,2018,77,1,1,20214
45225,2018,237,1,1,8006
45226,2018,69,1,1,5687
45227,2018,96,1,1,18427
45229,2018,107,1,1,12540
45230,2018,61,1,1,27718
45231,2018,104,1,1,41934
45232,2018,76,1,1,7109
45233,2018,35,1,1,15596
45236,2018,84,1,1,24223
45237,2018,130,1,1,21029
45238,2018,218,1,1,46864
45239,2018,159,1,1,28499
45240,2018,49,1,1,28820
45241,2018,35,1,1,24380
45242,2018,57,1,1,23214
45243,2018,14,1,1,15894
45244,2018,1,1,1,28936
45245,2018,123,1,1,20249
45246,2018,43,1,1,15249
45247,2018,70,1,1,23293
45248,2018,65,1,1,25181
45249,2018,14,1,1,14005
45251,2018,64,1,1,22073
45252,2018,5,1,1,4548
45255,2018,12,1,1,22069
45301,2018,0,1,1,135
45302,2018,17,0,6,4313
45303,2018,0,0,5,2215
45304,2018,2,1,2,7532
45305,2018,17,1,1,11470
45306,2018,9,0,6,2192
45308,2018,7,1,3,4488
45309,2018,42,1,2,12050
45310,2018,0,0,10.5,272
45311,2018,28,1,9.1,5723
45312,2018,0,1,2,1416
45314,2018,2,0,7.1,6261
45315,2018,19,1,1,4818
45317,2018,1,1,2,1018
45318,2018,8,1,2,5438
45319,2018,3,1,2,287
45320,2018,55,0,7.3,15530
45321,2018,0,0,3,859
45322,2018,24,1,1,21185
45323,2018,27,1,1,5123
45324,2018,191,1,1,40449
45325,2018,5,1,2,2558
45326,2018,0,1,2,1170
45327,2018,4,1,1,9388
45328,2018,1,1,3,471
45331,2018,60,0,4.2,22213
45332,2018,3,0,5,634
45333,2018,0,0,5,1389
45334,2018,11,0,6,2041
45335,2018,13,1,2,7062
45337,2018,2,1,2,1519
45338,2018,17,1,2,4950
45339,2018,0,1,2,1169
45340,2018,0,0,6,850
45341,2018,27,1,1,3741
45342,2018,189,1,1,37508
45344,2018,67,1,2,17042
45345,2018,33,1,2,5951
45346,2018,3,0,5,2085
45347,2018,0,0,5.2,4264
45348,2018,0,0,10.5,968
45349,2018,0,1,1,313
45351,2018,0,0,10.5,284
45352,2018,5,0,4.2,183
45354,2018,9,1,2,572
45356,2018,0,0,4.2,25106
45358,2018,1,1,2,361
45359,2018,10,1,2,1996
45360,2018,0,0,4,300
45362,2018,0,0,10.5,1086
45363,2018,0,0,5,1853
45365,2018,158,0,4,29277
45368,2018,6,1,2,4817
45369,2018,9,1,2,3576
45370,2018,5,1,2,2379
45371,2018,45,1,1,23205
45372,2018,0,1,1,352
45373,2018,151,1,1,36863
45377,2018,94,1,1,15070
45378,2018,1,1,2,402
45380,2018,7,0,7.4,5573
45381,2018,24,1,2,5424
45382,2018,2,0,3,1179
45383,2018,14,1,1,6885
45384,2018,2,1,1,2258
45385,2018,97,1,1,39446
45387,2018,9,1,2,5326
45388,2018,0,0,10.5,878
45389,2018,2,0,2,503
45390,2018,2,0,7.4,3269
45402,2018,0,1,1,10735
45403,2018,2,1,1,15130
45404,2018,31,1,1,10730
45405,2018,86,1,1,18124
45406,2018,76,1,1,20622
45409,2018,18,1,1,12392
45410,2018,2,1,1,15758
45414,2018,205,1,1,20693
45415,2018,64,1,1,12811
45416,2018,12,1,1,5612
45417,2018,60,1,1,28079
45419,2018,6,1,1,16236
45420,2018,44,1,1,25045
45424,2018,77,1,1,50920
45426,2018,131,1,1,14391
45429,2018,57,1,1,26514
45430,2018,0,1,1,7637
45431,2018,51,1,1,26660
45432,2018,25,1,1,15105
45433,2018,0,1,1,1567
45434,2018,0,1,1,12628
45439,2018,82,1,1,11726
45440,2018,16,1,1,22676
45449,2018,48,1,1,18976
45458,2018,32,1,1,36474
45459,2018,55,1,1,28344
45502,2018,42,1,1,16767
45503,2018,275,1,1,32870
45504,2018,86,1,1,17343
45505,2018,297,1,1,19708
45506,2018,238,1,1,13330
45601,2018,262,0,4,56849
45612,2018,36,0,5,5059
45613,2018,4,0,8,3542
45614,2018,7,0,5,4800
45616,2018,9,0,9,1187
45619,2018,34,1,1,7348
45620,2018,3,0,5,875
45621,2018,3,0,7,403
45622,2018,0,0,10.5,485
45623,2018,8,0,5,3235
45628,2018,5,0,5,5429
45629,2018,15,1,5.2,3220
45630,2018,0,0,5,222
45631,2018,40,0,5,14200
45634,2018,7,0,10,1893
45638,2018,179,1,1,20114
45640,2018,36,0,7,15896
45644,2018,2,0,5.2,4316
45645,2018,3,1,2,2750
45646,2018,0,0,8,363
45647,2018,3,0,5,2410
45648,2018,11,0,5,11211
45650,2018,0,0,9,348
45651,2018,9,0,10,5691
45652,2018,0,0,5,3131
45653,2018,17,0,5,3907
45654,2018,0,0,10.5,833
45656,2018,3,0,9,6532
45657,2018,3,0,5,2504
45658,2018,0,0,5,2538
45659,2018,5,1,2,2623
45660,2018,24,0,10.4,8011
45661,2018,11,0,8,7014
45662,2018,229,0,4,27718
45663,2018,16,0,5,6343
45669,2018,43,1,1,10223
45671,2018,0,0,5,391
45672,2018,5,0,9.2,1679
45673,2018,0,0,5,398
45674,2018,1,0,5,686
45678,2018,2,1,2,1140
45679,2018,3,1,10.4,3097
45680,2018,114,1,1,12326
45681,2018,4,0,6,1589
45682,2018,0,0,5,1998
45684,2018,2,0,5,1838
45685,2018,2,0,5,1040
45686,2018,5,0,6,3379
45690,2018,21,0,7.4,13527
45692,2018,22,0,7,8460
45693,2018,40,0,7.3,8797
45694,2018,1,0,4,11783
45695,2018,3,0,10.5,587
45696,2018,1,1,2,1253
45697,2018,17,1,8.1,4828
45701,2018,19,0,4,33705
45710,2018,3,0,5,5547
45711,2018,0,0,5,1065
45714,2018,3,1,1,10149
45715,2018,0,0,2,2412
45716,2018,1,0,7.4,490
45719,2018,0,0,4,964
45723,2018,1,1,2,3552
45724,2018,1,1,2,1785
45727,2018,3,0,8.3,478
45729,2018,0,1,2,1460
45732,2018,13,0,5,4524
45734,2018,0,0,10,409
45735,2018,0,0,5,1619
45740,2018,4,0,5,406
45742,2018,3,1,2,3018
45743,2018,1,1,3,1383
45744,2018,0,0,2,2656
45745,2018,0,0,2,1104
45746,2018,1,0,2,348
45750,2018,55,0,1,26327
45760,2018,14,0,7.4,3309
45761,2018,2,0,4,1558
45764,2018,17,0,7.4,7859
45766,2018,0,0,5,1313
45767,2018,3,0,2,2314
45768,2018,3,0,2,1599
45769,2018,15,0,9.2,5952
45770,2018,0,0,10.6,567
45771,2018,9,0,10.6,3408
45772,2018,2,1,3,1697
45773,2018,0,0,2,305
45775,2018,3,0,6,1361
45776,2018,0,0,9.2,730
45778,2018,5,0,5,834
45779,2018,1,0,10.6,780
45780,2018,3,0,4,3328
45782,2018,2,0,5,313
45784,2018,0,1,2,3313
45786,2018,0,0,10.1,3160
45788,2018,1,0,2,961
45801,2018,58,1,1,22819
45804,2018,32,1,1,14573
45805,2018,11,1,1,22740
45806,2018,11,1,1,11238
45807,2018,13,1,1,11856
45808,2018,1,1,1,282
45810,2018,3,0,7.3,7840
45812,2018,6,1,9,1835
45813,2018,0,1,10.4,3579
45814,2018,3,0,5,2646
45817,2018,1,0,7.3,6420
45819,2018,0,0,4.2,233
45820,2018,0,1,1,517
45821,2018,0,1,10.4,1252
45822,2018,72,0,4,19945
45826,2018,0,0,4,358
45827,2018,0,0,9,2223
45828,2018,0,0,4,6495
45830,2018,3,0,3,5797
45831,2018,0,0,9,3023
45832,2018,3,0,5,2854
45833,2018,24,0,7.1,10682
45835,2018,0,0,9,487
45836,2018,1,0,9,1332
45840,2018,105,0,4,54901
45841,2018,0,0,5,936
45843,2018,5,0,9,3768
45844,2018,3,0,10.4,3251
45845,2018,0,0,6,3270
45846,2018,2,0,10.5,4461
45849,2018,0,0,10.5,1154
45850,2018,0,1,2,3617
45851,2018,0,0,10.4,676
45853,2018,1,0,10.4,1451
45854,2018,0,1,1,461
45856,2018,2,0,10.6,5094
45858,2018,0,0,5,3038
45859,2018,5,1,9,461
45860,2018,0,0,10.5,2444
45861,2018,0,0,10.5,223
45862,2018,3,0,10.5,1408
45863,2018,3,0,5,1135
45865,2018,6,0,7,5251
45867,2018,2,0,5,1138
45868,2018,0,0,5,705
45869,2018,0,0,7,4567
45870,2018,1,1,4.2,116
45871,2018,0,0,10,2019
45872,2018,14,0,9.2,4120
45873,2018,0,0,10.5,2235
45874,2018,1,0,5,2079
45875,2018,6,0,7.3,11273
45876,2018,0,0,10.4,958
45877,2018,1,0,10.6,2239
45879,2018,0,0,7,5963
45880,2018,0,0,10.4,2390
45881,2018,0,0,5,1485
45882,2018,2,0,10.5,3005
45883,2018,3,0,10.5,4026
45885,2018,29,0,7,12863
45886,2018,0,0,5,459
45887,2018,0,1,2,4688
45888,2018,0,1,4.2,188
45889,2018,1,0,5,1481
45890,2018,0,0,5,653
45891,2018,21,0,4,15633
45894,2018,0,0,5,649
45895,2018,7,0,4.2,17974
45896,2018,0,1,2,1990
45898,2018,0,0,5,1251
43001,2019,0,1,2,2705
43002,2019,2,1,1,2026
43003,2019,6,1,2,2776
43004,2019,19,1,1,29982
43006,2019,2,0,9,715
43008,2019,0,1,1,2378
43009,2019,2,0,6,2083
43010,2019,0,1,6.1,245
43011,2019,16,1,2,7559
43013,2019,3,1,2,1220
43014,2019,5,0,5,3850
43015,2019,120,1,2,57563
43016,2019,39,1,1,44517
43017,2019,67,1,1,43619
43019,2019,9,0,5,9419
43021,2019,6,1,2,14622
43022,2019,2,0,4,4120
43023,2019,3,1,1,14462
43025,2019,9,1,1,5541
43026,2019,93,1,1,64607
43028,2019,9,0,5,7781
43029,2019,1,1,2,629
43030,2019,2,1,2,344
43031,2019,32,1,2,13189
43033,2019,2,1,2,352
43035,2019,12,1,1,33032
43036,2019,1,1,2,267
43040,2019,39,1,2,35853
43044,2019,14,1,6.1,5352
43045,2019,2,1,2,1928
43046,2019,5,1,1,3195
43050,2019,59,1,4,29594
43054,2019,15,1,1,27781
43055,2019,64,1,1,62590
43056,2019,7,1,1,17479
43060,2019,8,0,6,2667
43061,2019,12,1,2,4593
43062,2019,33,1,2,32125
43064,2019,11,1,2,17301
43065,2019,25,1,1,44829
43066,2019,3,1,2,1264
43067,2019,0,0,2,1410
43068,2019,93,1,1,59585
43071,2019,1,1,2.1,2442
43072,2019,4,0,3,5504
43074,2019,16,1,2,15288
43076,2019,3,1,2,9145
43078,2019,29,1,4.2,20067
43080,2019,15,1,2.1,5321
43081,2019,109,1,1,64338
43082,2019,23,1,1,32459
43084,2019,1,0,6,844
43085,2019,31,1,1,25566
43101,2019,0,0,3,322
43102,2019,1,1,2,4610
43103,2019,21,1,2,12282
43105,2019,20,1,2,8458
43106,2019,6,1,5.2,1590
43107,2019,6,0,5.2,3232
43110,2019,60,1,1,40953
43112,2019,1,1,2,5052
43113,2019,51,0,4.2,24165
43115,2019,1,0,5,1260
43116,2019,6,1,2,2732
43119,2019,45,1,1,30072
43123,2019,214,1,1,66188
43125,2019,32,1,1,14295
43126,2019,5,1,2,322
43128,2019,18,0,6,2267
43130,2019,133,0,4.2,62010
43135,2019,3,1,3,4267
43136,2019,0,1,1,1977
43137,2019,7,1,1,2684
43138,2019,39,0,7.4,18445
43140,2019,88,0,7.1,24030
43143,2019,19,1,2,5935
43144,2019,0,0,5,373
43145,2019,2,1,3,1920
43146,2019,23,1,2,12627
43147,2019,21,1,1,45281
43148,2019,6,1,2,2431
43149,2019,1,0,3,2335
43150,2019,2,0,5.2,2302
43152,2019,0,0,8.3,969
43153,2019,0,0,9.1,861
43154,2019,5,1,2,3014
43155,2019,1,0,5.2,2531
43157,2019,8,1,2,599
43160,2019,176,0,4,22117
43162,2019,6,1,2,6945
43164,2019,5,1,3,2216
43201,2019,91,1,1,37528
43202,2019,27,1,1,20427
43203,2019,162,1,1,8726
43204,2019,516,1,1,42315
43205,2019,139,1,1,12044
43206,2019,256,1,1,21594
43207,2019,655,1,1,46853
43209,2019,77,1,1,27727
43210,2019,7,1,1,14126
43211,2019,376,1,1,23160
43212,2019,26,1,1,24171
43213,2019,201,1,1,35105
43214,2019,44,1,1,26805
43215,2019,157,1,1,20761
43217,2019,11,1,1,2408
43219,2019,133,1,1,30457
43220,2019,26,1,1,27736
43221,2019,23,1,1,33844
43222,2019,276,1,1,4124
43223,2019,530,1,1,27951
43224,2019,254,1,1,43544
43227,2019,156,1,1,25041
43228,2019,263,1,1,58465
43229,2019,225,1,1,54310
43230,2019,65,1,1,58372
43231,2019,33,1,1,22126
43232,2019,254,1,1,44823
43235,2019,56,1,1,45561
43240,2019,8,1,1,7661
43302,2019,349,0,4,54094
43310,2019,1,0,6,3185
43311,2019,38,0,4,20029
43314,2019,12,0,5,3096
43315,2019,17,1,3,7090
43316,2019,5,0,7.4,5931
43318,2019,3,0,10.5,3609
43319,2019,2,0,6,1062
43320,2019,1,0,9.1,1440
43321,2019,1,1,3,250
43322,2019,1,0,4,310
43323,2019,0,0,8.4,609
43324,2019,1,0,6,2753
43326,2019,41,0,7,13328
43331,2019,13,0,9.2,4428
43332,2019,3,0,5,2136
43333,2019,6,0,10.5,826
43334,2019,7,1,2,6721
43337,2019,1,0,4,1001
43338,2019,16,0,7.3,10423
43340,2019,1,0,8,1754
43341,2019,0,0,5,911
43342,2019,9,0,5.2,3256
43343,2019,0,0,10.5,1233
43344,2019,13,0,10,5702
43345,2019,0,0,8,874
43347,2019,0,0,6,1492
43348,2019,4,0,9.2,1880
43351,2019,13,0,7,10144
43356,2019,0,0,5.2,1161
43357,2019,4,0,6,4848
43358,2019,4,0,6,2587
43359,2019,0,0,8.4,720
43360,2019,1,0,6,1590
43402,2019,38,0,4.2,31459
43406,2019,0,0,3,1740
43407,2019,0,0,5,631
43408,2019,1,1,2,251
43410,2019,18,0,7.4,10219
43412,2019,16,1,2,4033
43413,2019,0,0,6,1430
43416,2019,4,1,2,2769
43420,2019,124,0,4,29332
43430,2019,8,1,2,4631
43431,2019,2,0,10.5,4500
43432,2019,0,1,2,1354
43435,2019,3,0,5,1484
43437,2019,0,0,6,447
43438,2019,0,0,1,256
43440,2019,20,0,6,4665
43442,2019,1,0,5.2,1015
43443,2019,5,1,2,1856
43445,2019,0,1,2,1188
43447,2019,6,1,1,3343
43449,2019,15,0,6,8057
43450,2019,5,1,2,3454
43451,2019,1,0,5.2,1126
43452,2019,28,0,4,13443
43456,2019,1,0,10,678
43457,2019,0,0,3,1443
43458,2019,0,1,6,312
43460,2019,17,1,1,6230
43462,2019,1,0,5.2,1096
43463,2019,1,1,1,253
43464,2019,4,0,3,1336
43465,2019,11,1,1,5599
43466,2019,1,0,3,2141
43468,2019,0,1,2,565
43469,2019,10,1,2,3014
43501,2019,0,0,10.6,844
43502,2019,2,0,7,7064
43504,2019,5,1,2,1110
43506,2019,20,0,7,15010
43511,2019,0,0,5.2,856
43512,2019,24,0,4,28208
43515,2019,11,1,2,8174
43516,2019,7,0,10.6,2776
43517,2019,1,0,10.6,3494
43518,2019,5,0,10.6,2572
43521,2019,10,0,8,2693
43522,2019,10,1,2,3249
43524,2019,3,0,10.6,1239
43525,2019,1,1,2,1191
43526,2019,5,0,7.3,5995
43527,2019,3,0,8.4,2152
43528,2019,104,1,1,16746
43529,2019,0,0,10.6,220
43532,2019,2,1,9.1,3775
43533,2019,0,1,9.1,1509
43534,2019,5,0,8,1662
43535,2019,0,0,8,721
43537,2019,105,1,1,29075
43540,2019,1,1,2,1459
43542,2019,8,1,1,4443
43543,2019,13,0,7,7364
43545,2019,26,0,7,13954
43547,2019,0,1,2,370
43548,2019,0,0,8.4,721
43549,2019,0,0,9.2,1359
43551,2019,78,1,1,43235
43554,2019,1,0,10.6,2413
43556,2019,2,0,6,1762
43557,2019,2,0,9,3161
43558,2019,26,1,2,13088
43560,2019,71,1,1,34204
43565,2019,0,0,4.2,349
43566,2019,5,1,1,8371
43567,2019,16,0,7,13240
43569,2019,3,0,5.2,2628
43570,2019,6,0,10.6,3152
43571,2019,16,1,2,7753
43604,2019,260,1,1,9248
43605,2019,663,1,1,25007
43606,2019,205,1,1,25671
43607,2019,248,1,1,20494
43608,2019,195,1,1,12948
43609,2019,325,1,1,20519
43610,2019,83,1,1,4159
43611,2019,159,1,1,18505
43612,2019,445,1,1,29718
43613,2019,305,1,1,32116
43614,2019,208,1,1,29866
43615,2019,293,1,1,39449
43616,2019,93,1,1,20480
43617,2019,14,1,1,7659
43619,2019,43,1,1,7454
43620,2019,74,1,1,5019
43623,2019,135,1,1,20320
43701,2019,231,0,4,55361
43713,2019,6,0,7.3,7227
43716,2019,1,0,10,1806
43718,2019,6,1,2,3049
43719,2019,4,1,2,2319
43720,2019,1,0,5,1304
43723,2019,22,0,4,4671
43724,2019,13,0,7.4,8865
43725,2019,74,0,4,19520
43727,2019,0,0,5,1517
43728,2019,0,0,9,1072
43730,2019,1,0,9.1,2277
43731,2019,18,0,9.2,5200
43732,2019,5,0,5,1648
43734,2019,4,0,5,1212
43739,2019,6,1,2,2380
43746,2019,3,0,5.2,1261
43747,2019,0,0,10,1229
43748,2019,8,0,9.1,2711
43749,2019,4,0,5,2308
43754,2019,0,0,10,1318
43755,2019,0,0,5,1732
43756,2019,16,0,7,4909
43758,2019,11,0,7,3000
43759,2019,1,1,2,235
43760,2019,4,1,2,1949
43762,2019,1,0,7.4,5346
43764,2019,14,0,7.4,8177
43766,2019,4,0,9.1,1492
43767,2019,1,0,7.4,1425
43768,2019,0,0,5,223
43771,2019,7,0,5,1796
43772,2019,2,0,5,1811
43773,2019,2,0,6,2964
43777,2019,4,0,5,4568
43778,2019,0,0,6,1428
43779,2019,0,0,6,888
43780,2019,1,0,5,2235
43782,2019,0,0,9.1,727
43783,2019,4,1,3,4743
43787,2019,6,0,9,2815
43788,2019,0,0,6,816
43793,2019,1,1,10,4829
43802,2019,0,0,5,1334
43804,2019,2,0,10,4045
43811,2019,0,0,5,763
43812,2019,49,0,4,18669
43821,2019,3,0,10.2,4557
43822,2019,10,0,5,4668
43824,2019,2,0,5,3991
43830,2019,4,0,5,6593
43832,2019,11,0,7.4,7341
43837,2019,2,0,5,1784
43840,2019,0,0,5,1279
43843,2019,0,0,6,1449
43844,2019,3,0,6,3778
43845,2019,8,0,5,4803
43901,2019,2,1,2,2082
43903,2019,2,1,2,1937
43906,2019,8,1,2,7952
43907,2019,12,0,7.4,5369
43908,2019,1,1,2,1321
43910,2019,3,1,2,3379
43912,2019,34,1,1,6060
43913,2019,2,1,1,1322
43915,2019,0,1,10.6,1383
43917,2019,4,1,2.1,2647
43920,2019,22,0,4,21662
43926,2019,0,1,1,247
43930,2019,1,1,2,681
43932,2019,0,1,2,970
43933,2019,0,1,2,1969
43935,2019,24,1,1,7968
43938,2019,8,1,1,5196
43939,2019,2,1,2.1,436
43940,2019,0,1,2,321
43942,2019,0,1,2,2271
43943,2019,7,1,2,3452
43944,2019,4,1,2,2328
43945,2019,1,0,6,2972
43946,2019,0,1,10.6,1836
43947,2019,8,1,1,5002
43948,2019,1,1,2.1,514
43950,2019,35,1,1,16212
43952,2019,5,1,1,17977
43953,2019,31,1,1,11637
43961,2019,2,1,1,234
43963,2019,0,1,1,1249
43964,2019,12,1,1,9098
43968,2019,32,0,4,6546
43971,2019,8,1,1,1033
43973,2019,5,0,5,1947
43976,2019,0,1,3,1543
43977,2019,4,1,2,2178
43983,2019,0,1,2,436
43986,2019,0,1,3,1728
43988,2019,0,0,6,2351
44001,2019,46,1,1,20837
44003,2019,1,0,10.5,4275
44004,2019,70,0,4.2,31661
44010,2019,19,1,2,1666
44011,2019,40,1,1,24847
44012,2019,15,1,1,25206
44017,2019,22,1,1,18611
44021,2019,5,1,7.1,6347
44022,2019,5,1,1,17150
44023,2019,9,1,1,19075
44024,2019,58,1,2,23795
44026,2019,11,1,1,10877
44028,2019,6,1,2,8931
44030,2019,68,0,4,15868
44032,2019,1,0,10.5,1505
44035,2019,353,1,1,61921
44039,2019,77,1,1,35630
44040,2019,0,1,2,3032
44041,2019,92,1,4.2,13910
44044,2019,25,1,1,14911
44045,2019,2,1,1,421
44046,2019,0,1,3,2187
44047,2019,32,0,7.2,9156
44048,2019,9,0,5,2178
44050,2019,13,1,2.1,6724
44052,2019,175,1,1,29249
44053,2019,73,1,1,20735
44054,2019,52,1,1,12484
44055,2019,149,1,1,19331
44056,2019,38,1,1,12156
44057,2019,59,1,1,19447
44060,2019,187,1,1,60360
44062,2019,0,1,7.1,15085
44064,2019,0,1,2,1618
44065,2019,1,1,2,4058
44067,2019,27,1,1,19995
44070,2019,99,1,1,32442
44072,2019,3,1,1,4583
44074,2019,49,0,1,11957
44076,2019,10,0,10.4,5313
44077,2019,378,1,1,58253
44081,2019,34,1,1,6930
44082,2019,0,0,5,1511
44084,2019,13,1,2,3707
44085,2019,6,1,2,3232
44086,2019,5,1,2,2221
44087,2019,13,1,1,22626
44089,2019,36,1,1,15899
44090,2019,26,0,7.1,11085
44092,2019,78,1,1,16786
44093,2019,0,0,10.5,1454
44094,2019,210,1,1,37634
44095,2019,198,1,1,32616
44099,2019,13,0,10.4,2528
44102,2019,487,1,1,43347
44103,2019,233,1,1,14469
44104,2019,184,1,1,20202
44105,2019,414,1,1,34100
44106,2019,122,1,1,26608
44107,2019,3,1,1,51109
44108,2019,134,1,1,20005
44109,2019,620,1,1,39121
44110,2019,113,1,1,17617
44111,2019,366,1,1,41045
44112,2019,185,1,1,18685
44113,2019,216,1,1,20291
44114,2019,144,1,1,7622
44115,2019,137,1,1,8985
44116,2019,0,1,1,21821
44117,2019,68,1,1,10533
44118,2019,33,1,1,40242
44119,2019,82,1,1,12134
44120,2019,142,1,1,34611
44121,2019,80,1,1,32887
44122,2019,28,1,1,36268
44123,2019,74,1,1,17620
44124,2019,41,1,1,40530
44125,2019,101,1,1,29663
44126,2019,34,1,1,17235
44127,2019,86,1,1,4179
44128,2019,123,1,1,28146
44129,2019,76,1,1,28803
44130,2019,228,1,1,50825
44131,2019,62,1,1,20664
44132,2019,88,1,1,14524
44133,2019,45,1,1,31373
44134,2019,124,1,1,38845
44135,2019,251,1,1,26684
44136,2019,101,1,1,25890
44137,2019,119,1,1,23759
44138,2019,22,1,1,23088
44139,2019,42,1,1,25331
44140,2019,4,1,1,16163
44141,2019,28,1,1,14130
44142,2019,115,1,1,18598
44143,2019,32,1,1,25339
44144,2019,119,1,1,21361
44145,2019,80,1,1,34228
44146,2019,95,1,1,29778
44147,2019,21,1,1,19872
44149,2019,21,1,1,20678
44201,2019,5,1,2.1,6658
44202,2019,15,1,1,22167
44203,2019,241,1,1,39577
44212,2019,16,1,1,45749
44214,2019,3,0,6,2149
44215,2019,0,1,4.1,2289
44216,2019,6,1,1,9443
44217,2019,12,1,3,4165
44221,2019,94,1,1,29601
44223,2019,58,1,1,18388
44224,2019,70,1,1,38709
44230,2019,8,1,1,8064
44231,2019,20,1,2,8398
44233,2019,4,1,2,8025
44234,2019,8,1,2,3763
44235,2019,0,1,3,1960
44236,2019,24,1,1,26216
44240,2019,100,1,1,38354
44241,2019,19,1,1,17659
44250,2019,13,1,1,1469
44251,2019,0,1,3,928
44253,2019,0,1,2,3438
44254,2019,20,1,5,4784
44255,2019,24,1,2,7558
44256,2019,53,1,4.1,64815
44260,2019,4,1,1,13152
44262,2019,4,1,1,5020
44264,2019,1,1,1,3370
44266,2019,139,1,1,32606
44270,2019,35,1,2,8384
44272,2019,2,1,2.1,5356
44273,2019,4,1,3,6900
44275,2019,2,1,3,3257
44276,2019,6,0,10.5,2023
44278,2019,45,1,1,18671
44280,2019,5,1,2,5343
44281,2019,46,1,1,33241
44286,2019,7,1,1,6258
44287,2019,8,0,6,7561
44288,2019,19,1,2,3444
44301,2019,122,1,1,14364
44302,2019,25,1,1,4661
44303,2019,43,1,1,7031
44304,2019,48,1,1,4185
44305,2019,194,1,1,21214
44306,2019,271,1,1,21085
44307,2019,72,1,1,6959
44308,2019,24,1,1,1037
44310,2019,130,1,1,24984
44311,2019,88,1,1,6993
44312,2019,155,1,1,30510
44313,2019,47,1,1,25678
44314,2019,236,1,1,17686
44319,2019,106,1,1,21833
44320,2019,129,1,1,19083
44321,2019,46,1,1,15993
44333,2019,29,1,1,19449
44401,2019,0,1,2,2648
44402,2019,10,1,2,2951
44403,2019,8,1,2,3690
44404,2019,0,1,2,1300
44405,2019,0,1,1,7837
44406,2019,23,1,1,22740
44408,2019,22,0,3,10526
44410,2019,10,1,1,16824
44411,2019,0,1,2.1,2319
44412,2019,2,1,2.1,2472
44413,2019,3,1,9.1,7186
44417,2019,3,1,2,1539
44418,2019,6,1,2,1224
44420,2019,43,1,1,15033
44423,2019,0,0,10.6,2234
44425,2019,5,1,1,14280
44427,2019,0,1,10.1,1555
44428,2019,1,1,2,3115
44429,2019,9,1,2.1,2437
44430,2019,27,1,1,4723
44431,2019,6,0,3,4629
44432,2019,17,0,9.1,12276
44436,2019,5,1,2,3382
44437,2019,4,1,1,4073
44438,2019,5,1,1,4762
44440,2019,10,1,1,4648
44441,2019,1,0,6,1558
44442,2019,3,1,1,4095
44443,2019,4,1,1,1742
44444,2019,33,1,1,10042
44445,2019,1,1,3,3160
44446,2019,112,1,1,20173
44449,2019,0,0,2.1,1230
44450,2019,3,1,2,1824
44451,2019,5,1,2,3199
44452,2019,14,1,2,3114
44454,2019,0,1,1,935
44455,2019,10,0,9.1,1558
44460,2019,59,0,4.2,25393
44470,2019,5,1,2,3681
44471,2019,2,1,1,10445
44473,2019,3,1,2,3719
44481,2019,66,1,2,10258
44483,2019,159,1,1,24840
44484,2019,86,1,1,22290
44485,2019,139,1,1,15172
44490,2019,1,0,3,721
44491,2019,8,1,9.1,3950
44502,2019,117,1,1,9300
44503,2019,15,1,1,1922
44504,2019,19,1,1,4577
44505,2019,83,1,1,17048
44506,2019,14,1,1,2109
44507,2019,49,1,1,4598
44509,2019,76,1,1,10934
44510,2019,13,1,1,2034
44511,2019,77,1,1,18738
44512,2019,94,1,1,33282
44514,2019,27,1,1,22599
44515,2019,92,1,1,27480
44601,2019,31,0,4.2,33688
44606,2019,6,0,5,8218
44608,2019,5,1,2,2646
44609,2019,9,0,4.2,3592
44611,2019,4,0,6,2133
44612,2019,13,1,2,5443
44613,2019,1,1,2,1998
44614,2019,13,1,1,12922
44615,2019,19,0,7.1,10557
44618,2019,10,0,10.4,7159
44620,2019,0,1,2,1428
44621,2019,6,0,4,4606
44622,2019,32,0,4,18921
44624,2019,3,0,10,5843
44625,2019,0,1,10.6,1322
44626,2019,0,1,2,2996
44627,2019,3,0,10.5,7692
44628,2019,0,0,9,1119
44629,2019,0,0,5,2126
44632,2019,6,1,1,10047
44633,2019,1,0,10.6,2565
44634,2019,0,0,5,1995
44637,2019,10,0,9,2437
44638,2019,0,0,6,1555
44641,2019,27,1,1,20399
44643,2019,0,1,2,3218
44644,2019,9,1,2,4378
44645,2019,2,1,2,2670
44646,2019,86,1,1,47973
44647,2019,17,1,1,18368
44651,2019,0,1,3,765
44652,2019,0,1,1,542
44653,2019,0,0,4,632
44654,2019,7,0,10.5,20612
44656,2019,12,0,5.2,2618
44657,2019,31,0,7.1,9916
44662,2019,3,1,2,9562
44663,2019,64,0,4,25601
44666,2019,6,1,2.1,2935
44667,2019,20,0,7.4,13723
44669,2019,0,1,2,1454
44672,2019,11,0,4.2,4589
44675,2019,0,0,2,1890
44676,2019,3,0,5,4771
44677,2019,3,0,4,2805
44680,2019,12,0,4,4255
44681,2019,3,0,10.5,8053
44682,2019,1,0,5,1041
44683,2019,15,0,4,8313
44685,2019,58,1,1,29008
44688,2019,5,1,2,2958
44689,2019,0,0,10,586
44691,2019,102,0,4,44666
44695,2019,0,0,6,1222
44697,2019,0,1,2,260
44699,2019,0,0,5,909
44702,2019,32,1,1,1086
44703,2019,43,1,1,8015
44704,2019,21,1,1,3723
44705,2019,87,1,1,17779
44706,2019,70,1,1,16972
44707,2019,44,1,1,9163
44708,2019,89,1,1,25386
44709,2019,31,1,1,18509
44710,2019,25,1,1,9309
44714,2019,22,1,1,8923
44718,2019,35,1,1,12607
44720,2019,50,1,1,40744
44721,2019,6,1,1,13432
44730,2019,20,1,1,5925
44802,2019,0,0,6,948
44804,2019,3,0,4,1127
44805,2019,64,0,4,31238
44807,2019,1,0,6,2264
44811,2019,61,0,7.3,12698
44813,2019,5,1,2,8039
44814,2019,15,1,2,2750
44815,2019,1,0,6,679
44817,2019,1,0,6,1370
44818,2019,6,0,6,2399
44820,2019,26,0,4,17114
44822,2019,2,1,2,3431
44824,2019,4,0,1,3882
44826,2019,10,0,6.1,1617
44827,2019,15,0,4.2,6973
44830,2019,40,0,4,18442
44833,2019,2,0,4.2,16786
44836,2019,5,0,6,2538
44837,2019,30,0,6,4330
44838,2019,0,0,4,258
44839,2019,9,0,1,12472
44840,2019,0,0,5,3137
44841,2019,3,0,6,821
44842,2019,2,0,7,5643
44843,2019,0,1,2,2469
44844,2019,0,0,8,718
44846,2019,33,0,2,3322
44847,2019,13,0,4.2,3488
44849,2019,2,0,8.4,2162
44851,2019,18,0,10.5,5303
44853,2019,0,0,6,1447
44854,2019,0,0,10.5,1673
44855,2019,3,0,5,1289
44857,2019,129,0,4.2,23619
44859,2019,0,0,5,1784
44864,2019,0,0,6,3182
44865,2019,12,0,3,3164
44866,2019,1,1,6,2372
44867,2019,4,0,5,2280
44870,2019,296,0,1,40416
44875,2019,1,1,4.1,13900
44878,2019,3,1,2,3223
44880,2019,3,1,6,2914
44882,2019,15,0,8,2617
44883,2019,60,0,4,28690
44887,2019,2,0,10.5,958
44889,2019,16,1,2,6702
44890,2019,80,0,4,10759
44902,2019,62,1,1,4891
44903,2019,91,1,1,25613
44904,2019,20,1,1,14368
44905,2019,101,1,1,16827
44906,2019,47,1,1,16566
44907,2019,41,1,1,15014
45001,2019,2,1,1,927
45002,2019,60,1,1,15458
45003,2019,4,0,6,818
45005,2019,153,1,1,31577
45011,2019,452,1,1,73596
45013,2019,275,1,1,53911
45014,2019,201,1,1,46169
45015,2019,114,1,1,12103
45030,2019,36,1,1,21234
45033,2019,7,1,1,323
45034,2019,0,1,1,1166
45036,2019,47,1,2,41060
45039,2019,21,1,1,27529
45040,2019,62,1,1,57153
45042,2019,140,1,1,26972
45044,2019,277,1,1,56128
45050,2019,21,1,1,12173
45052,2019,6,1,1,3830
45053,2019,7,1,2,3375
45054,2019,3,1,2,2499
45056,2019,22,0,4.2,28892
45062,2019,0,1,1,775
45064,2019,8,1,2,3112
45065,2019,25,1,1,6725
45066,2019,18,1,1,26399
45067,2019,80,1,1,15004
45068,2019,4,1,2,11911
45069,2019,70,1,1,53694
45101,2019,14,0,4,2125
45102,2019,64,1,1,24954
45103,2019,78,1,1,35237
45106,2019,41,1,2,11855
45107,2019,41,1,2,9806
45111,2019,0,1,1,384
45113,2019,2,0,5.2,3974
45118,2019,11,1,2,3716
45120,2019,19,1,2,3138
45121,2019,36,1,7.1,8927
45122,2019,43,1,2,10757
45123,2019,66,0,7.4,8776
45130,2019,12,1,2,3585
45133,2019,41,0,8,23646
45135,2019,20,0,6,4765
45140,2019,75,1,1,56386
45142,2019,5,0,6,4384
45144,2019,29,0,10.4,3912
45146,2019,3,0,5.2,1400
45148,2019,4,0,5.2,1539
45150,2019,59,1,1,33735
45152,2019,20,1,2,13617
45153,2019,4,1,2,1826
45154,2019,24,1,2,9439
45157,2019,53,1,1,9705
45159,2019,5,0,5,3524
45160,2019,6,1,2,627
45162,2019,5,1,2,2730
45164,2019,1,0,4,233
45167,2019,23,0,10.4,3441
45168,2019,3,1,2,1345
45169,2019,4,0,5,4686
45171,2019,18,1,2,6174
45174,2019,0,1,1,2359
45176,2019,23,1,2,9100
45177,2019,69,0,4,22349
45202,2019,370,1,1,16883
45203,2019,31,1,1,2365
45204,2019,76,1,1,5818
45205,2019,194,1,1,19517
45206,2019,74,1,1,10670
45207,2019,15,1,1,7484
45208,2019,17,1,1,18969
45209,2019,26,1,1,10708
45211,2019,190,1,1,37868
45212,2019,150,1,1,21885
45213,2019,28,1,1,12052
45214,2019,163,1,1,8901
45215,2019,130,1,1,30993
45216,2019,106,1,1,9667
45217,2019,59,1,1,6177
45218,2019,7,1,1,3957
45219,2019,71,1,1,20644
45220,2019,52,1,1,15466
45223,2019,54,1,1,13174
45224,2019,56,1,1,20214
45225,2019,128,1,1,8006
45226,2019,20,1,1,5687
45227,2019,62,1,1,18427
45229,2019,104,1,1,12540
45230,2019,74,1,1,27718
45231,2019,123,1,1,41934
45232,2019,34,1,1,7109
45233,2019,19,1,1,15596
45236,2019,66,1,1,24223
45237,2019,87,1,1,21029
45238,2019,157,1,1,46864
45239,2019,157,1,1,28499
45240,2019,53,1,1,28820
45241,2019,37,1,1,24380
45242,2019,46,1,1,23214
45243,2019,9,1,1,15894
45244,2019,55,1,1,28936
45245,2019,130,1,1,20249
45246,2019,49,1,1,15249
45247,2019,58,1,1,23293
45248,2019,54,1,1,25181
45249,2019,24,1,1,14005
45251,2019,101,1,1,22073
45252,2019,8,1,1,4548
45255,2019,37,1,1,22069
45301,2019,0,1,1,135
45302,2019,1,0,6,4313
45303,2019,1,0,5,2215
45304,2019,14,1,2,7532
45305,2019,3,1,1,11470
45306,2019,3,0,6,2192
45308,2019,12,1,3,4488
45309,2019,30,1,2,12050
45310,2019,0,0,10.5,272
45311,2019,8,1,9.1,5723
45312,2019,2,1,2,1416
45314,2019,0,0,7.1,6261
45315,2019,27,1,1,4818
45317,2019,0,1,2,1018
45318,2019,3,1,2,5438
45319,2019,0,1,2,287
45320,2019,79,0,7.3,15530
45321,2019,3,0,3,859
45322,2019,53,1,1,21185
45323,2019,19,1,1,5123
45324,2019,226,1,1,40449
45325,2019,2,1,2,2558
45326,2019,4,1,2,1170
45327,2019,2,1,1,9388
45328,2019,0,1,3,471
45331,2019,140,0,4.2,22213
45332,2019,4,0,5,634
45333,2019,2,0,5,1389
45334,2019,2,0,6,2041
45335,2019,20,1,2,7062
45337,2019,0,1,2,1519
45338,2019,12,1,2,4950
45339,2019,5,1,2,1169
45340,2019,0,0,6,850
45341,2019,22,1,1,3741
45342,2019,151,1,1,37508
45344,2019,60,1,2,17042
45345,2019,18,1,2,5951
45346,2019,0,0,5,2085
45347,2019,5,0,5.2,4264
45348,2019,0,0,10.5,968
45349,2019,4,1,1,313
45351,2019,0,0,10.5,284
45352,2019,0,0,4.2,183
45354,2019,3,1,2,572
45356,2019,0,0,4.2,25106
45358,2019,0,1,2,361
45359,2019,1,1,2,1996
45360,2019,0,0,4,300
45362,2019,0,0,10.5,1086
45363,2019,0,0,5,1853
45365,2019,121,0,4,29277
45368,2019,5,1,2,4817
45369,2019,16,1,2,3576
45370,2019,8,1,2,2379
45371,2019,45,1,1,23205
45372,2019,3,1,1,352
45373,2019,100,1,1,36863
45377,2019,76,1,1,15070
45378,2019,0,1,2,402
45380,2019,6,0,7.4,5573
45381,2019,13,1,2,5424
45382,2019,2,0,3,1179
45383,2019,7,1,1,6885
45384,2019,0,1,1,2258
45385,2019,129,1,1,39446
45387,2019,9,1,2,5326
45388,2019,0,0,10.5,878
45389,2019,0,0,2,503
45390,2019,7,0,7.4,3269
45402,2019,330,1,1,10735
45403,2019,240,1,1,15130
45404,2019,246,1,1,10730
45405,2019,276,1,1,18124
45406,2019,247,1,1,20622
45409,2019,44,1,1,12392
45410,2019,205,1,1,15758
45414,2019,267,1,1,20693
45415,2019,65,1,1,12811
45416,2019,33,1,1,5612
45417,2019,362,1,1,28079
45419,2019,47,1,1,16236
45420,2019,213,1,1,25045
45424,2019,175,1,1,50920
45426,2019,146,1,1,14391
45429,2019,71,1,1,26514
45430,2019,12,1,1,7637
45431,2019,148,1,1,26660
45432,2019,66,1,1,15105
45433,2019,0,1,1,1567
45434,2019,19,1,1,12628
45439,2019,118,1,1,11726
45440,2019,21,1,1,22676
45449,2019,70,1,1,18976
45458,2019,36,1,1,36474
45459,2019,51,1,1,28344
45502,2019,40,1,1,16767
45503,2019,191,1,1,32870
45504,2019,98,1,1,17343
45505,2019,266,1,1,19708
45506,2019,145,1,1,13330
45601,2019,298,0,4,56849
45612,2019,23,0,5,5059
45613,2019,7,0,8,3542
45614,2019,5,0,5,4800
45616,2019,7,0,9,1187
45619,2019,40,1,1,7348
45620,2019,2,0,5,875
45621,2019,2,0,7,403
45622,2019,0,0,10.5,485
45623,2019,0,0,5,3235
45628,2019,9,0,5,5429
45629,2019,13,1,5.2,3220
45630,2019,0,0,5,222
45631,2019,67,0,5,14200
45634,2019,7,0,10,1893
45638,2019,128,1,1,20114
45640,2019,22,0,7,15896
45644,2019,4,0,5.2,4316
45645,2019,9,1,2,2750
45646,2019,2,0,8,363
45647,2019,0,0,5,2410
45648,2019,12,0,5,11211
45650,2019,3,0,9,348
45651,2019,17,0,10,5691
45652,2019,5,0,5,3131
45653,2019,14,0,5,3907
45654,2019,1,0,10.5,833
45656,2019,2,0,9,6532
45657,2019,3,0,5,2504
45658,2019,1,0,5,2538
45659,2019,7,1,2,2623
45660,2019,30,0,10.4,8011
45661,2019,8,0,8,7014
45662,2019,197,0,4,27718
45663,2019,18,0,5,6343
45669,2019,38,1,1,10223
45671,2019,1,0,5,391
45672,2019,7,0,9.2,1679
45673,2019,0,0,5,398
45674,2019,2,0,5,686
45678,2019,10,1,2,1140
45679,2019,10,1,10.4,3097
45680,2019,112,1,1,12326
45681,2019,7,0,6,1589
45682,2019,2,0,5,1998
45684,2019,2,0,5,1838
45685,2019,1,0,5,1040
45686,2019,3,0,6,3379
45690,2019,14,0,7.4,13527
45692,2019,12,0,7,8460
45693,2019,62,0,7.3,8797
45694,2019,2,0,4,11783
45695,2019,4,0,10.5,587
45696,2019,3,1,2,1253
45697,2019,9,1,8.1,4828
45701,2019,33,0,4,33705
45710,2019,4,0,5,5547
45711,2019,0,0,5,1065
45714,2019,1,1,1,10149
45715,2019,0,0,2,2412
45716,2019,0,0,7.4,490
45719,2019,12,0,4,964
45723,2019,1,1,2,3552
45724,2019,2,1,2,1785
45727,2019,1,0,8.3,478
45729,2019,0,1,2,1460
45732,2019,15,0,5,4524
45734,2019,0,0,10,409
45735,2019,0,0,5,1619
45740,2019,4,0,5,406
45742,2019,1,1,2,3018
45743,2019,0,1,3,1383
45744,2019,6,0,2,2656
45745,2019,0,0,2,1104
45746,2019,2,0,2,348
45750,2019,37,0,1,26327
45760,2019,14,0,7.4,3309
45761,2019,1,0,4,1558
45764,2019,29,0,7.4,7859
45766,2019,0,0,5,1313
45767,2019,0,0,2,2314
45768,2019,0,0,2,1599
45769,2019,11,0,9.2,5952
45770,2019,0,0,10.6,567
45771,2019,7,0,10.6,3408
45772,2019,1,1,3,1697
45773,2019,0,0,2,305
45775,2019,1,0,6,1361
45776,2019,0,0,9.2,730
45778,2019,1,0,5,834
45779,2019,2,0,10.6,780
45780,2019,8,0,4,3328
45782,2019,1,0,5,313
45784,2019,8,1,2,3313
45786,2019,0,0,10.1,3160
45788,2019,0,0,2,961
45801,2019,39,1,1,22819
45804,2019,13,1,1,14573
45805,2019,21,1,1,22740
45806,2019,7,1,1,11238
45807,2019,8,1,1,11856
45808,2019,1,1,1,282
45810,2019,11,0,7.3,7840
45812,2019,7,1,9,1835
45813,2019,0,1,10.4,3579
45814,2019,0,0,5,2646
45817,2019,2,0,7.3,6420
45819,2019,1,0,4.2,233
45820,2019,0,1,1,517
45821,2019,0,1,10.4,1252
45822,2019,84,0,4,19945
45826,2019,0,0,4,358
45827,2019,0,0,9,2223
45828,2019,1,0,4,6495
45830,2019,1,0,3,5797
45831,2019,1,0,9,3023
45832,2019,0,0,5,2854
45833,2019,9,0,7.1,10682
45835,2019,0,0,9,487
45836,2019,3,0,9,1332
45840,2019,91,0,4,54901
45841,2019,0,0,5,936
45843,2019,4,0,9,3768
45844,2019,2,0,10.4,3251
45845,2019,0,0,6,3270
45846,2019,0,0,10.5,4461
45849,2019,0,0,10.5,1154
45850,2019,6,1,2,3617
45851,2019,0,0,10.4,676
45853,2019,0,0,10.4,1451
45854,2019,0,1,1,461
45856,2019,1,0,10.6,5094
45858,2019,0,0,5,3038
45859,2019,2,1,9,461
45860,2019,0,0,10.5,2444
45861,2019,0,0,10.5,223
45862,2019,3,0,10.5,1408
45863,2019,1,0,5,1135
45865,2019,7,0,7,5251
45867,2019,0,0,5,1138
45868,2019,0,0,5,705
45869,2019,3,0,7,4567
45870,2019,1,1,4.2,116
45871,2019,0,0,10,2019
45872,2019,8,0,9.2,4120
45873,2019,0,0,10.5,2235
45874,2019,1,0,5,2079
45875,2019,8,0,7.3,11273
45876,2019,0,0,10.4,958
45877,2019,0,0,10.6,2239
45879,2019,0,0,7,5963
45880,2019,0,0,10.4,2390
45881,2019,1,0,5,1485
45882,2019,3,0,10.5,3005
45883,2019,0,0,10.5,4026
45885,2019,13,0,7,12863
45886,2019,0,0,5,459
45887,2019,0,1,2,4688
45888,2019,0,1,4.2,188
45889,2019,0,0,5,1481
45890,2019,0,0,5,653
45891,2019,23,0,4,15633
45894,2019,0,0,5,649
45895,2019,16,0,4.2,17974
45896,2019,0,1,2,1990
45898,2019,0,0,5,1251
43001,2020,0,1,2,2705
43002,2020,14,1,1,2026
43003,2020,8,1,2,2776
43004,2020,37,1,1,29982
43006,2020,0,0,9,715
43008,2020,16,1,1,2378
43009,2020,1,0,6,2083
43010,2020,0,1,6.1,245
43011,2020,18,1,2,7559
43013,2020,2,1,2,1220
43014,2020,15,0,5,3850
43015,2020,112,1,2,57563
43016,2020,41,1,1,44517
43017,2020,58,1,1,43619
43019,2020,18,0,5,9419
43021,2020,7,1,2,14622
43022,2020,4,0,4,4120
43023,2020,12,1,1,14462
43025,2020,13,1,1,5541
43026,2020,83,1,1,64607
43028,2020,8,0,5,7781
43029,2020,0,1,2,629
43030,2020,0,1,2,344
43031,2020,21,1,2,13189
43033,2020,2,1,2,352
43035,2020,14,1,1,33032
43036,2020,0,1,2,267
43040,2020,38,1,2,35853
43044,2020,24,1,6.1,5352
43045,2020,3,1,2,1928
43046,2020,14,1,1,3195
43050,2020,83,1,4,29594
43054,2020,14,1,1,27781
43055,2020,151,1,1,62590
43056,2020,16,1,1,17479
43060,2020,10,0,6,2667
43061,2020,9,1,2,4593
43062,2020,66,1,2,32125
43064,2020,11,1,2,17301
43065,2020,12,1,1,44829
43066,2020,1,1,2,1264
43067,2020,1,0,2,1410
43068,2020,132,1,1,59585
43071,2020,0,1,2.1,2442
43072,2020,15,0,3,5504
43074,2020,21,1,2,15288
43076,2020,25,1,2,9145
43078,2020,45,1,4.2,20067
43080,2020,6,1,2.1,5321
43081,2020,145,1,1,64338
43082,2020,37,1,1,32459
43084,2020,1,0,6,844
43085,2020,59,1,1,25566
43101,2020,1,0,3,322
43102,2020,4,1,2,4610
43103,2020,24,1,2,12282
43105,2020,18,1,2,8458
43106,2020,5,1,5.2,1590
43107,2020,7,0,5.2,3232
43110,2020,80,1,1,40953
43112,2020,8,1,2,5052
43113,2020,89,0,4.2,24165
43115,2020,1,0,5,1260
43116,2020,6,1,2,2732
43119,2020,36,1,1,30072
43123,2020,189,1,1,66188
43125,2020,47,1,1,14295
43126,2020,0,1,2,322
43128,2020,29,0,6,2267
43130,2020,160,0,4.2,62010
43135,2020,2,1,3,4267
43136,2020,0,1,1,1977
43137,2020,37,1,1,2684
43138,2020,57,0,7.4,18445
43140,2020,93,0,7.1,24030
43143,2020,24,1,2,5935
43144,2020,0,0,5,373
43145,2020,1,1,3,1920
43146,2020,36,1,2,12627
43147,2020,45,1,1,45281
43148,2020,4,1,2,2431
43149,2020,2,0,3,2335
43150,2020,7,0,5.2,2302
43152,2020,2,0,8.3,969
43153,2020,2,0,9.1,861
43154,2020,5,1,2,3014
43155,2020,11,0,5.2,2531
43157,2020,4,1,2,599
43160,2020,202,0,4,22117
43162,2020,15,1,2,6945
43164,2020,6,1,3,2216
43201,2020,101,1,1,37528
43202,2020,55,1,1,20427
43203,2020,150,1,1,8726
43204,2020,563,1,1,42315
43205,2020,158,1,1,12044
43206,2020,229,1,1,21594
43207,2020,585,1,1,46853
43209,2020,57,1,1,27727
43210,2020,1,1,1,14126
43211,2020,384,1,1,23160
43212,2020,27,1,1,24171
43213,2020,203,1,1,35105
43214,2020,49,1,1,26805
43215,2020,197,1,1,20761
43217,2020,16,1,1,2408
43219,2020,197,1,1,30457
43220,2020,28,1,1,27736
43221,2020,8,1,1,33844
43222,2020,161,1,1,4124
43223,2020,606,1,1,27951
43224,2020,310,1,1,43544
43227,2020,155,1,1,25041
43228,2020,382,1,1,58465
43229,2020,237,1,1,54310
43230,2020,62,1,1,58372
43231,2020,52,1,1,22126
43232,2020,262,1,1,44823
43235,2020,74,1,1,45561
43240,2020,30,1,1,7661
43302,2020,321,0,4,54094
43310,2020,3,0,6,3185
43311,2020,32,0,4,20029
43314,2020,3,0,5,3096
43315,2020,16,1,3,7090
43316,2020,3,0,7.4,5931
43318,2020,1,0,10.5,3609
43319,2020,0,0,6,1062
43320,2020,1,0,9.1,1440
43321,2020,0,1,3,250
43322,2020,1,0,4,310
43323,2020,0,0,8.4,609
43324,2020,3,0,6,2753
43326,2020,36,0,7,13328
43331,2020,21,0,9.2,4428
43332,2020,4,0,5,2136
43333,2020,0,0,10.5,826
43334,2020,16,1,2,6721
43337,2020,2,0,4,1001
43338,2020,40,0,7.3,10423
43340,2020,2,0,8,1754
43341,2020,5,0,5,911
43342,2020,5,0,5.2,3256
43343,2020,2,0,10.5,1233
43344,2020,10,0,10,5702
43345,2020,0,0,8,874
43347,2020,0,0,6,1492
43348,2020,12,0,9.2,1880
43351,2020,18,0,7,10144
43356,2020,0,0,5.2,1161
43357,2020,8,0,6,4848
43358,2020,0,0,6,2587
43359,2020,1,0,8.4,720
43360,2020,3,0,6,1590
43402,2020,32,0,4.2,31459
43406,2020,9,0,3,1740
43407,2020,0,0,5,631
43408,2020,0,1,2,251
43410,2020,33,0,7.4,10219
43412,2020,9,1,2,4033
43413,2020,3,0,6,1430
43416,2020,6,1,2,2769
43420,2020,111,0,4,29332
43430,2020,14,1,2,4631
43431,2020,7,0,10.5,4500
43432,2020,2,1,2,1354
43435,2020,1,0,5,1484
43437,2020,1,0,6,447
43438,2020,0,0,1,256
43440,2020,12,0,6,4665
43442,2020,0,0,5.2,1015
43443,2020,7,1,2,1856
43445,2020,1,1,2,1188
43447,2020,7,1,1,3343
43449,2020,11,0,6,8057
43450,2020,3,1,2,3454
43451,2020,8,0,5.2,1126
43452,2020,19,0,4,13443
43456,2020,3,0,10,678
43457,2020,1,0,3,1443
43458,2020,0,1,6,312
43460,2020,55,1,1,6230
43462,2020,0,0,5.2,1096
43463,2020,0,1,1,253
43464,2020,8,0,3,1336
43465,2020,8,1,1,5599
43466,2020,1,0,3,2141
43468,2020,0,1,2,565
43469,2020,0,1,2,3014
43501,2020,1,0,10.6,844
43502,2020,8,0,7,7064
43504,2020,2,1,2,1110
43506,2020,2,0,7,15010
43511,2020,0,0,5.2,856
43512,2020,52,0,4,28208
43515,2020,11,1,2,8174
43516,2020,7,0,10.6,2776
43517,2020,0,0,10.6,3494
43518,2020,0,0,10.6,2572
43521,2020,9,0,8,2693
43522,2020,5,1,2,3249
43524,2020,2,0,10.6,1239
43525,2020,0,1,2,1191
43526,2020,3,0,7.3,5995
43527,2020,1,0,8.4,2152
43528,2020,172,1,1,16746
43529,2020,1,0,10.6,220
43532,2020,0,1,9.1,3775
43533,2020,5,1,9.1,1509
43534,2020,8,0,8,1662
43535,2020,0,0,8,721
43537,2020,115,1,1,29075
43540,2020,1,1,2,1459
43542,2020,8,1,1,4443
43543,2020,2,0,7,7364
43545,2020,30,0,7,13954
43547,2020,0,1,2,370
43548,2020,0,0,8.4,721
43549,2020,1,0,9.2,1359
43551,2020,90,1,1,43235
43554,2020,4,0,10.6,2413
43556,2020,1,0,6,1762
43557,2020,1,0,9,3161
43558,2020,53,1,2,13088
43560,2020,87,1,1,34204
43565,2020,0,0,4.2,349
43566,2020,6,1,1,8371
43567,2020,24,0,7,13240
43569,2020,4,0,5.2,2628
43570,2020,3,0,10.6,3152
43571,2020,9,1,2,7753
43604,2020,318,1,1,9248
43605,2020,747,1,1,25007
43606,2020,249,1,1,25671
43607,2020,278,1,1,20494
43608,2020,306,1,1,12948
43609,2020,357,1,1,20519
43610,2020,74,1,1,4159
43611,2020,281,1,1,18505
43612,2020,405,1,1,29718
43613,2020,329,1,1,32116
43614,2020,210,1,1,29866
43615,2020,274,1,1,39449
43616,2020,86,1,1,20480
43617,2020,21,1,1,7659
43619,2020,54,1,1,7454
43620,2020,113,1,1,5019
43623,2020,131,1,1,20320
43701,2020,300,0,4,55361
43713,2020,5,0,7.3,7227
43716,2020,0,0,10,1806
43718,2020,7,1,2,3049
43719,2020,8,1,2,2319
43720,2020,8,0,5,1304
43723,2020,12,0,4,4671
43724,2020,7,0,7.4,8865
43725,2020,91,0,4,19520
43727,2020,0,0,5,1517
43728,2020,4,0,9,1072
43730,2020,7,0,9.1,2277
43731,2020,5,0,9.2,5200
43732,2020,1,0,5,1648
43734,2020,4,0,5,1212
43739,2020,6,1,2,2380
43746,2020,1,0,5.2,1261
43747,2020,0,0,10,1229
43748,2020,4,0,9.1,2711
43749,2020,1,0,5,2308
43754,2020,0,0,10,1318
43755,2020,0,0,5,1732
43756,2020,9,0,7,4909
43758,2020,6,0,7,3000
43759,2020,2,1,2,235
43760,2020,3,1,2,1949
43762,2020,4,0,7.4,5346
43764,2020,17,0,7.4,8177
43766,2020,2,0,9.1,1492
43767,2020,1,0,7.4,1425
43768,2020,1,0,5,223
43771,2020,7,0,5,1796
43772,2020,12,0,5,1811
43773,2020,3,0,6,2964
43777,2020,11,0,5,4568
43778,2020,1,0,6,1428
43779,2020,0,0,6,888
43780,2020,3,0,5,2235
43782,2020,0,0,9.1,727
43783,2020,14,1,3,4743
43787,2020,1,0,9,2815
43788,2020,1,0,6,816
43793,2020,4,1,10,4829
43802,2020,0,0,5,1334
43804,2020,0,0,10,4045
43811,2020,0,0,5,763
43812,2020,70,0,4,18669
43821,2020,13,0,10.2,4557
43822,2020,10,0,5,4668
43824,2020,4,0,5,3991
43830,2020,7,0,5,6593
43832,2020,14,0,7.4,7341
43837,2020,0,0,5,1784
43840,2020,2,0,5,1279
43843,2020,0,0,6,1449
43844,2020,4,0,6,3778
43845,2020,12,0,5,4803
43901,2020,8,1,2,2082
43903,2020,3,1,2,1937
43906,2020,12,1,2,7952
43907,2020,4,0,7.4,5369
43908,2020,2,1,2,1321
43910,2020,5,1,2,3379
43912,2020,19,1,1,6060
43913,2020,7,1,1,1322
43915,2020,0,1,10.6,1383
43917,2020,6,1,2.1,2647
43920,2020,13,0,4,21662
43926,2020,2,1,1,247
43930,2020,3,1,2,681
43932,2020,3,1,2,970
43933,2020,2,1,2,1969
43935,2020,63,1,1,7968
43938,2020,23,1,1,5196
43939,2020,2,1,2.1,436
43940,2020,0,1,2,321
43942,2020,4,1,2,2271
43943,2020,13,1,2,3452
43944,2020,8,1,2,2328
43945,2020,2,0,6,2972
43946,2020,1,1,10.6,1836
43947,2020,18,1,1,5002
43948,2020,2,1,2.1,514
43950,2020,27,1,1,16212
43952,2020,56,1,1,17977
43953,2020,37,1,1,11637
43961,2020,0,1,1,234
43963,2020,2,1,1,1249
43964,2020,28,1,1,9098
43968,2020,25,0,4,6546
43971,2020,7,1,1,1033
43973,2020,3,0,5,1947
43976,2020,3,1,3,1543
43977,2020,0,1,2,2178
43983,2020,0,1,2,436
43986,2020,3,1,3,1728
43988,2020,1,0,6,2351
44001,2020,70,1,1,20837
44003,2020,7,0,10.5,4275
44004,2020,278,0,4.2,31661
44010,2020,7,1,2,1666
44011,2020,20,1,1,24847
44012,2020,21,1,1,25206
44017,2020,42,1,1,18611
44021,2020,5,1,7.1,6347
44022,2020,14,1,1,17150
44023,2020,15,1,1,19075
44024,2020,52,1,2,23795
44026,2020,12,1,1,10877
44028,2020,23,1,2,8931
44030,2020,92,0,4,15868
44032,2020,1,0,10.5,1505
44035,2020,480,1,1,61921
44039,2020,58,1,1,35630
44040,2020,6,1,2,3032
44041,2020,109,1,4.2,13910
44044,2020,25,1,1,14911
44045,2020,2,1,1,421
44046,2020,0,1,3,2187
44047,2020,28,0,7.2,9156
44048,2020,2,0,5,2178
44050,2020,21,1,2.1,6724
44052,2020,268,1,1,29249
44053,2020,74,1,1,20735
44054,2020,48,1,1,12484
44055,2020,172,1,1,19331
44056,2020,23,1,1,12156
44057,2020,61,1,1,19447
44060,2020,182,1,1,60360
44062,2020,12,1,7.1,15085
44064,2020,0,1,2,1618
44065,2020,4,1,2,4058
44067,2020,46,1,1,19995
44070,2020,69,1,1,32442
44072,2020,2,1,1,4583
44074,2020,23,0,1,11957
44076,2020,35,0,10.4,5313
44077,2020,377,1,1,58253
44081,2020,26,1,1,6930
44082,2020,1,0,5,1511
44084,2020,12,1,2,3707
44085,2020,21,1,2,3232
44086,2020,0,1,2,2221
44087,2020,24,1,1,22626
44089,2020,28,1,1,15899
44090,2020,21,0,7.1,11085
44092,2020,74,1,1,16786
44093,2020,0,0,10.5,1454
44094,2020,210,1,1,37634
44095,2020,140,1,1,32616
44099,2020,2,0,10.4,2528
44102,2020,465,1,1,43347
44103,2020,142,1,1,14469
44104,2020,141,1,1,20202
44105,2020,284,1,1,34100
44106,2020,108,1,1,26608
44107,2020,5,1,1,51109
44108,2020,161,1,1,20005
44109,2020,538,1,1,39121
44110,2020,103,1,1,17617
44111,2020,276,1,1,41045
44112,2020,121,1,1,18685
44113,2020,185,1,1,20291
44114,2020,129,1,1,7622
44115,2020,95,1,1,8985
44116,2020,0,1,1,21821
44117,2020,27,1,1,10533
44118,2020,59,1,1,40242
44119,2020,60,1,1,12134
44120,2020,98,1,1,34611
44121,2020,45,1,1,32887
44122,2020,33,1,1,36268
44123,2020,63,1,1,17620
44124,2020,37,1,1,40530
44125,2020,97,1,1,29663
44126,2020,34,1,1,17235
44127,2020,50,1,1,4179
44128,2020,119,1,1,28146
44129,2020,84,1,1,28803
44130,2020,206,1,1,50825
44131,2020,51,1,1,20664
44132,2020,82,1,1,14524
44133,2020,38,1,1,31373
44134,2020,53,1,1,38845
44135,2020,189,1,1,26684
44136,2020,78,1,1,25890
44137,2020,105,1,1,23759
44138,2020,31,1,1,23088
44139,2020,33,1,1,25331
44140,2020,16,1,1,16163
44141,2020,12,1,1,14130
44142,2020,161,1,1,18598
44143,2020,32,1,1,25339
44144,2020,114,1,1,21361
44145,2020,67,1,1,34228
44146,2020,80,1,1,29778
44147,2020,16,1,1,19872
44149,2020,25,1,1,20678
44201,2020,19,1,2.1,6658
44202,2020,22,1,1,22167
44203,2020,214,1,1,39577
44212,2020,18,1,1,45749
44214,2020,3,0,6,2149
44215,2020,3,1,4.1,2289
44216,2020,8,1,1,9443
44217,2020,17,1,3,4165
44221,2020,81,1,1,29601
44223,2020,33,1,1,18388
44224,2020,48,1,1,38709
44230,2020,19,1,1,8064
44231,2020,11,1,2,8398
44233,2020,8,1,2,8025
44234,2020,11,1,2,3763
44235,2020,0,1,3,1960
44236,2020,24,1,1,26216
44240,2020,92,1,1,38354
44241,2020,47,1,1,17659
44250,2020,4,1,1,1469
44251,2020,4,1,3,928
44253,2020,8,1,2,3438
44254,2020,6,1,5,4784
44255,2020,25,1,2,7558
44256,2020,34,1,4.1,64815
44260,2020,17,1,1,13152
44262,2020,14,1,1,5020
44264,2020,4,1,1,3370
44266,2020,104,1,1,32606
44270,2020,48,1,2,8384
44272,2020,10,1,2.1,5356
44273,2020,20,1,3,6900
44275,2020,3,1,3,3257
44276,2020,13,0,10.5,2023
44278,2020,36,1,1,18671
44280,2020,6,1,2,5343
44281,2020,37,1,1,33241
44286,2020,4,1,1,6258
44287,2020,12,0,6,7561
44288,2020,52,1,2,3444
44301,2020,100,1,1,14364
44302,2020,12,1,1,4661
44303,2020,34,1,1,7031
44304,2020,40,1,1,4185
44305,2020,138,1,1,21214
44306,2020,230,1,1,21085
44307,2020,47,1,1,6959
44308,2020,12,1,1,1037
44310,2020,80,1,1,24984
44311,2020,66,1,1,6993
44312,2020,137,1,1,30510
44313,2020,39,1,1,25678
44314,2020,155,1,1,17686
44319,2020,112,1,1,21833
44320,2020,69,1,1,19083
44321,2020,28,1,1,15993
44333,2020,28,1,1,19449
44401,2020,6,1,2,2648
44402,2020,8,1,2,2951
44403,2020,13,1,2,3690
44404,2020,1,1,2,1300
44405,2020,0,1,1,7837
44406,2020,15,1,1,22740
44408,2020,25,0,3,10526
44410,2020,27,1,1,16824
44411,2020,15,1,2.1,2319
44412,2020,0,1,2.1,2472
44413,2020,4,1,9.1,7186
44417,2020,3,1,2,1539
44418,2020,7,1,2,1224
44420,2020,34,1,1,15033
44423,2020,2,0,10.6,2234
44425,2020,3,1,1,14280
44427,2020,0,1,10.1,1555
44428,2020,2,1,2,3115
44429,2020,12,1,2.1,2437
44430,2020,40,1,1,4723
44431,2020,3,0,3,4629
44432,2020,15,0,9.1,12276
44436,2020,9,1,2,3382
44437,2020,6,1,1,4073
44438,2020,14,1,1,4762
44440,2020,12,1,1,4648
44441,2020,1,0,6,1558
44442,2020,2,1,1,4095
44443,2020,1,1,1,1742
44444,2020,57,1,1,10042
44445,2020,7,1,3,3160
44446,2020,163,1,1,20173
44449,2020,8,0,2.1,1230
44450,2020,1,1,2,1824
44451,2020,9,1,2,3199
44452,2020,11,1,2,3114
44454,2020,1,1,1,935
44455,2020,2,0,9.1,1558
44460,2020,56,0,4.2,25393
44470,2020,12,1,2,3681
44471,2020,4,1,1,10445
44473,2020,11,1,2,3719
44481,2020,55,1,2,10258
44483,2020,206,1,1,24840
44484,2020,112,1,1,22290
44485,2020,183,1,1,15172
44490,2020,4,0,3,721
44491,2020,2,1,9.1,3950
44502,2020,125,1,1,9300
44503,2020,21,1,1,1922
44504,2020,22,1,1,4577
44505,2020,97,1,1,17048
44506,2020,16,1,1,2109
44507,2020,60,1,1,4598
44509,2020,100,1,1,10934
44510,2020,4,1,1,2034
44511,2020,121,1,1,18738
44512,2020,96,1,1,33282
44514,2020,38,1,1,22599
44515,2020,91,1,1,27480
44601,2020,49,0,4.2,33688
44606,2020,2,0,5,8218
44608,2020,3,1,2,2646
44609,2020,1,0,4.2,3592
44611,2020,0,0,6,2133
44612,2020,7,1,2,5443
44613,2020,0,1,2,1998
44614,2020,8,1,1,12922
44615,2020,10,0,7.1,10557
44618,2020,4,0,10.4,7159
44620,2020,0,1,2,1428
44621,2020,4,0,4,4606
44622,2020,32,0,4,18921
44624,2020,2,0,10,5843
44625,2020,0,1,10.6,1322
44626,2020,8,1,2,2996
44627,2020,0,0,10.5,7692
44628,2020,0,0,9,1119
44629,2020,2,0,5,2126
44632,2020,13,1,1,10047
44633,2020,0,0,10.6,2565
44634,2020,0,0,5,1995
44637,2020,0,0,9,2437
44638,2020,2,0,6,1555
44641,2020,23,1,1,20399
44643,2020,6,1,2,3218
44644,2020,2,1,2,4378
44645,2020,3,1,2,2670
44646,2020,84,1,1,47973
44647,2020,14,1,1,18368
44651,2020,0,1,3,765
44652,2020,0,1,1,542
44653,2020,0,0,4,632
44654,2020,9,0,10.5,20612
44656,2020,8,0,5.2,2618
44657,2020,30,0,7.1,9916
44662,2020,0,1,2,9562
44663,2020,134,0,4,25601
44666,2020,2,1,2.1,2935
44667,2020,22,0,7.4,13723
44669,2020,0,1,2,1454
44672,2020,19,0,4.2,4589
44675,2020,0,0,2,1890
44676,2020,5,0,5,4771
44677,2020,3,0,4,2805
44680,2020,12,0,4,4255
44681,2020,0,0,10.5,8053
44682,2020,0,0,5,1041
44683,2020,37,0,4,8313
44685,2020,48,1,1,29008
44688,2020,8,1,2,2958
44689,2020,0,0,10,586
44691,2020,160,0,4,44666
44695,2020,2,0,6,1222
44697,2020,0,1,2,260
44699,2020,0,0,5,909
44702,2020,21,1,1,1086
44703,2020,50,1,1,8015
44704,2020,23,1,1,3723
44705,2020,73,1,1,17779
44706,2020,72,1,1,16972
44707,2020,42,1,1,9163
44708,2020,64,1,1,25386
44709,2020,32,1,1,18509
44710,2020,33,1,1,9309
44714,2020,25,1,1,8923
44718,2020,12,1,1,12607
44720,2020,46,1,1,40744
44721,2020,15,1,1,13432
44730,2020,15,1,1,5925
44802,2020,4,0,6,948
44804,2020,2,0,4,1127
44805,2020,44,0,4,31238
44807,2020,1,0,6,2264
44811,2020,96,0,7.3,12698
44813,2020,5,1,2,8039
44814,2020,5,1,2,2750
44815,2020,0,0,6,679
44817,2020,0,0,6,1370
44818,2020,7,0,6,2399
44820,2020,7,0,4,17114
44822,2020,1,1,2,3431
44824,2020,9,0,1,3882
44826,2020,11,0,6.1,1617
44827,2020,10,0,4.2,6973
44830,2020,67,0,4,18442
44833,2020,8,0,4.2,16786
44836,2020,0,0,6,2538
44837,2020,22,0,6,4330
44838,2020,1,0,4,258
44839,2020,16,0,1,12472
44840,2020,1,0,5,3137
44841,2020,0,0,6,821
44842,2020,10,0,7,5643
44843,2020,6,1,2,2469
44844,2020,4,0,8,718
44846,2020,14,0,2,3322
44847,2020,4,0,4.2,3488
44849,2020,1,0,8.4,2162
44851,2020,8,0,10.5,5303
44853,2020,5,0,6,1447
44854,2020,0,0,10.5,1673
44855,2020,1,0,5,1289
44857,2020,116,0,4.2,23619
44859,2020,0,0,5,1784
44864,2020,4,0,6,3182
44865,2020,7,0,3,3164
44866,2020,1,1,6,2372
44867,2020,1,0,5,2280
44870,2020,330,0,1,40416
44875,2020,3,1,4.1,13900
44878,2020,8,1,2,3223
44880,2020,4,1,6,2914
44882,2020,7,0,8,2617
44883,2020,107,0,4,28690
44887,2020,0,0,10.5,958
44889,2020,18,1,2,6702
44890,2020,70,0,4,10759
44902,2020,93,1,1,4891
44903,2020,156,1,1,25613
44904,2020,25,1,1,14368
44905,2020,59,1,1,16827
44906,2020,69,1,1,16566
44907,2020,65,1,1,15014
45001,2020,1,1,1,927
45002,2020,52,1,1,15458
45003,2020,3,0,6,818
45005,2020,168,1,1,31577
45011,2020,390,1,1,73596
45013,2020,252,1,1,53911
45014,2020,159,1,1,46169
45015,2020,143,1,1,12103
45030,2020,94,1,1,21234
45033,2020,5,1,1,323
45034,2020,1,1,1,1166
45036,2020,39,1,2,41060
45039,2020,15,1,1,27529
45040,2020,63,1,1,57153
45042,2020,152,1,1,26972
45044,2020,315,1,1,56128
45050,2020,17,1,1,12173
45052,2020,11,1,1,3830
45053,2020,8,1,2,3375
45054,2020,3,1,2,2499
45056,2020,33,0,4.2,28892
45062,2020,0,1,1,775
45064,2020,0,1,2,3112
45065,2020,14,1,1,6725
45066,2020,12,1,1,26399
45067,2020,45,1,1,15004
45068,2020,8,1,2,11911
45069,2020,72,1,1,53694
45101,2020,16,0,4,2125
45102,2020,50,1,1,24954
45103,2020,73,1,1,35237
45106,2020,47,1,2,11855
45107,2020,21,1,2,9806
45111,2020,0,1,1,384
45113,2020,9,0,5.2,3974
45118,2020,12,1,2,3716
45120,2020,24,1,2,3138
45121,2020,34,1,7.1,8927
45122,2020,52,1,2,10757
45123,2020,52,0,7.4,8776
45130,2020,9,1,2,3585
45133,2020,81,0,8,23646
45135,2020,6,0,6,4765
45140,2020,71,1,1,56386
45142,2020,11,0,6,4384
45144,2020,25,0,10.4,3912
45146,2020,3,0,5.2,1400
45148,2020,7,0,5.2,1539
45150,2020,98,1,1,33735
45152,2020,17,1,2,13617
45153,2020,6,1,2,1826
45154,2020,39,1,2,9439
45157,2020,60,1,1,9705
45159,2020,8,0,5,3524
45160,2020,3,1,2,627
45162,2020,4,1,2,2730
45164,2020,1,0,4,233
45167,2020,29,0,10.4,3441
45168,2020,3,1,2,1345
45169,2020,9,0,5,4686
45171,2020,17,1,2,6174
45174,2020,1,1,1,2359
45176,2020,37,1,2,9100
45177,2020,75,0,4,22349
45202,2020,398,1,1,16883
45203,2020,44,1,1,2365
45204,2020,91,1,1,5818
45205,2020,181,1,1,19517
45206,2020,76,1,1,10670
45207,2020,36,1,1,7484
45208,2020,9,1,1,18969
45209,2020,10,1,1,10708
45211,2020,253,1,1,37868
45212,2020,35,1,1,21885
45213,2020,27,1,1,12052
45214,2020,151,1,1,8901
45215,2020,89,1,1,30993
45216,2020,118,1,1,9667
45217,2020,37,1,1,6177
45218,2020,5,1,1,3957
45219,2020,93,1,1,20644
45220,2020,38,1,1,15466
45223,2020,62,1,1,13174
45224,2020,58,1,1,20214
45225,2020,142,1,1,8006
45226,2020,13,1,1,5687
45227,2020,57,1,1,18427
45229,2020,77,1,1,12540
45230,2020,81,1,1,27718
45231,2020,147,1,1,41934
45232,2020,74,1,1,7109
45233,2020,35,1,1,15596
45236,2020,59,1,1,24223
45237,2020,97,1,1,21029
45238,2020,166,1,1,46864
45239,2020,173,1,1,28499
45240,2020,59,1,1,28820
45241,2020,51,1,1,24380
45242,2020,30,1,1,23214
45243,2020,8,1,1,15894
45244,2020,30,1,1,28936
45245,2020,174,1,1,20249
45246,2020,57,1,1,15249
45247,2020,62,1,1,23293
45248,2020,68,1,1,25181
45249,2020,30,1,1,14005
45251,2020,121,1,1,22073
45252,2020,9,1,1,4548
45255,2020,35,1,1,22069
45301,2020,0,1,1,135
45302,2020,7,0,6,4313
45303,2020,5,0,5,2215
45304,2020,11,1,2,7532
45305,2020,11,1,1,11470
45306,2020,2,0,6,2192
45308,2020,3,1,3,4488
45309,2020,41,1,2,12050
45310,2020,0,0,10.5,272
45311,2020,11,1,9.1,5723
45312,2020,0,1,2,1416
45314,2020,4,0,7.1,6261
45315,2020,20,1,1,4818
45317,2020,9,1,2,1018
45318,2020,17,1,2,5438
45319,2020,0,1,2,287
45320,2020,108,0,7.3,15530
45321,2020,0,0,3,859
45322,2020,37,1,1,21185
45323,2020,2,1,1,5123
45324,2020,166,1,1,40449
45325,2020,0,1,2,2558
45326,2020,5,1,2,1170
45327,2020,2,1,1,9388
45328,2020,1,1,3,471
45331,2020,126,0,4.2,22213
45332,2020,2,0,5,634
45333,2020,0,0,5,1389
45334,2020,0,0,6,2041
45335,2020,26,1,2,7062
45337,2020,4,1,2,1519
45338,2020,12,1,2,4950
45339,2020,7,1,2,1169
45340,2020,0,0,6,850
45341,2020,16,1,1,3741
45342,2020,186,1,1,37508
45344,2020,30,1,2,17042
45345,2020,35,1,2,5951
45346,2020,3,0,5,2085
45347,2020,0,0,5.2,4264
45348,2020,4,0,10.5,968
45349,2020,0,1,1,313
45351,2020,0,0,10.5,284
45352,2020,0,0,4.2,183
45354,2020,0,1,2,572
45356,2020,0,0,4.2,25106
45358,2020,2,1,2,361
45359,2020,2,1,2,1996
45360,2020,3,0,4,300
45362,2020,0,0,10.5,1086
45363,2020,3,0,5,1853
45365,2020,190,0,4,29277
45368,2020,9,1,2,4817
45369,2020,11,1,2,3576
45370,2020,2,1,2,2379
45371,2020,41,1,1,23205
45372,2020,0,1,1,352
45373,2020,128,1,1,36863
45377,2020,88,1,1,15070
45378,2020,0,1,2,402
45380,2020,6,0,7.4,5573
45381,2020,21,1,2,5424
45382,2020,0,0,3,1179
45383,2020,21,1,1,6885
45384,2020,0,1,1,2258
45385,2020,205,1,1,39446
45387,2020,8,1,2,5326
45388,2020,0,0,10.5,878
45389,2020,1,0,2,503
45390,2020,8,0,7.4,3269
45402,2020,280,1,1,10735
45403,2020,351,1,1,15130
45404,2020,226,1,1,10730
45405,2020,360,1,1,18124
45406,2020,296,1,1,20622
45409,2020,33,1,1,12392
45410,2020,201,1,1,15758
45414,2020,241,1,1,20693
45415,2020,74,1,1,12811
45416,2020,19,1,1,5612
45417,2020,422,1,1,28079
45419,2020,42,1,1,16236
45420,2020,184,1,1,25045
45424,2020,187,1,1,50920
45426,2020,210,1,1,14391
45429,2020,63,1,1,26514
45430,2020,9,1,1,7637
45431,2020,119,1,1,26660
45432,2020,54,1,1,15105
45433,2020,0,1,1,1567
45434,2020,12,1,1,12628
45439,2020,137,1,1,11726
45440,2020,26,1,1,22676
45449,2020,73,1,1,18976
45458,2020,38,1,1,36474
45459,2020,77,1,1,28344
45502,2020,24,1,1,16767
45503,2020,193,1,1,32870
45504,2020,93,1,1,17343
45505,2020,309,1,1,19708
45506,2020,207,1,1,13330
45601,2020,366,0,4,56849
45612,2020,23,0,5,5059
45613,2020,9,0,8,3542
45614,2020,4,0,5,4800
45616,2020,6,0,9,1187
45619,2020,49,1,1,7348
45620,2020,1,0,5,875
45621,2020,1,0,7,403
45622,2020,0,0,10.5,485
45623,2020,2,0,5,3235
45628,2020,3,0,5,5429
45629,2020,14,1,5.2,3220
45630,2020,0,0,5,222
45631,2020,54,0,5,14200
45634,2020,12,0,10,1893
45638,2020,128,1,1,20114
45640,2020,37,0,7,15896
45644,2020,0,0,5.2,4316
45645,2020,4,1,2,2750
45646,2020,0,0,8,363
45647,2020,3,0,5,2410
45648,2020,20,0,5,11211
45650,2020,3,0,9,348
45651,2020,33,0,10,5691
45652,2020,10,0,5,3131
45653,2020,15,0,5,3907
45654,2020,5,0,10.5,833
45656,2020,13,0,9,6532
45657,2020,3,0,5,2504
45658,2020,0,0,5,2538
45659,2020,1,1,2,2623
45660,2020,28,0,10.4,8011
45661,2020,23,0,8,7014
45662,2020,117,0,4,27718
45663,2020,1,0,5,6343
45669,2020,34,1,1,10223
45671,2020,1,0,5,391
45672,2020,6,0,9.2,1679
45673,2020,0,0,5,398
45674,2020,0,0,5,686
45678,2020,3,1,2,1140
45679,2020,7,1,10.4,3097
45680,2020,96,1,1,12326
45681,2020,6,0,6,1589
45682,2020,0,0,5,1998
45684,2020,2,0,5,1838
45685,2020,3,0,5,1040
45686,2020,9,0,6,3379
45690,2020,22,0,7.4,13527
45692,2020,45,0,7,8460
45693,2020,74,0,7.3,8797
45694,2020,18,0,4,11783
45695,2020,2,0,10.5,587
45696,2020,6,1,2,1253
45697,2020,16,1,8.1,4828
45701,2020,23,0,4,33705
45710,2020,1,0,5,5547
45711,2020,0,0,5,1065
45714,2020,3,1,1,10149
45715,2020,10,0,2,2412
45716,2020,2,0,7.4,490
45719,2020,0,0,4,964
45723,2020,9,1,2,3552
45724,2020,1,1,2,1785
45727,2020,4,0,8.3,478
45729,2020,0,1,2,1460
45732,2020,15,0,5,4524
45734,2020,3,0,10,409
45735,2020,2,0,5,1619
45740,2020,2,0,5,406
45742,2020,4,1,2,3018
45743,2020,4,1,3,1383
45744,2020,7,0,2,2656
45745,2020,0,0,2,1104
45746,2020,0,0,2,348
45750,2020,83,0,1,26327
45760,2020,10,0,7.4,3309
45761,2020,4,0,4,1558
45764,2020,48,0,7.4,7859
45766,2020,6,0,5,1313
45767,2020,1,0,2,2314
45768,2020,2,0,2,1599
45769,2020,20,0,9.2,5952
45770,2020,1,0,10.6,567
45771,2020,34,0,10.6,3408
45772,2020,1,1,3,1697
45773,2020,0,0,2,305
45775,2020,1,0,6,1361
45776,2020,0,0,9.2,730
45778,2020,3,0,5,834
45779,2020,1,0,10.6,780
45780,2020,10,0,4,3328
45782,2020,0,0,5,313
45784,2020,0,1,2,3313
45786,2020,4,0,10.1,3160
45788,2020,0,0,2,961
45801,2020,38,1,1,22819
45804,2020,2,1,1,14573
45805,2020,24,1,1,22740
45806,2020,16,1,1,11238
45807,2020,17,1,1,11856
45808,2020,1,1,1,282
45810,2020,4,0,7.3,7840
45812,2020,21,1,9,1835
45813,2020,2,1,10.4,3579
45814,2020,1,0,5,2646
45817,2020,6,0,7.3,6420
45819,2020,0,0,4.2,233
45820,2020,0,1,1,517
45821,2020,1,1,10.4,1252
45822,2020,53,0,4,19945
45826,2020,0,0,4,358
45827,2020,0,0,9,2223
45828,2020,2,0,4,6495
45830,2020,4,0,3,5797
45831,2020,2,0,9,3023
45832,2020,1,0,5,2854
45833,2020,20,0,7.1,10682
45835,2020,1,0,9,487
45836,2020,6,0,9,1332
45840,2020,174,0,4,54901
45841,2020,1,0,5,936
45843,2020,2,0,9,3768
45844,2020,0,0,10.4,3251
45845,2020,0,0,6,3270
45846,2020,3,0,10.5,4461
45849,2020,0,0,10.5,1154
45850,2020,1,1,2,3617
45851,2020,0,0,10.4,676
45853,2020,0,0,10.4,1451
45854,2020,0,1,1,461
45856,2020,5,0,10.6,5094
45858,2020,0,0,5,3038
45859,2020,3,1,9,461
45860,2020,1,0,10.5,2444
45861,2020,0,0,10.5,223
45862,2020,2,0,10.5,1408
45863,2020,0,0,5,1135
45865,2020,0,0,7,5251
45867,2020,0,0,5,1138
45868,2020,2,0,5,705
45869,2020,0,0,7,4567
45870,2020,0,1,4.2,116
45871,2020,0,0,10,2019
45872,2020,9,0,9.2,4120
45873,2020,0,0,10.5,2235
45874,2020,1,0,5,2079
45875,2020,2,0,7.3,11273
45876,2020,0,0,10.4,958
45877,2020,1,0,10.6,2239
45879,2020,1,0,7,5963
45880,2020,0,0,10.4,2390
45881,2020,0,0,5,1485
45882,2020,3,0,10.5,3005
45883,2020,0,0,10.5,4026
45885,2020,28,0,7,12863
45886,2020,1,0,5,459
45887,2020,0,1,2,4688
45888,2020,2,1,4.2,188
45889,2020,0,0,5,1481
45890,2020,0,0,5,653
45891,2020,48,0,4,15633
45894,2020,0,0,5,649
45895,2020,6,0,4.2,17974
45896,2020,0,1,2,1990
45898,2020,0,0,5,1251
43001,2021,0,1,2,2705
43002,2021,6,1,1,2026
43003,2021,5,1,2,2776
43004,2021,34,1,1,29982
43006,2021,0,0,9,715
43008,2021,6,1,1,2378
43009,2021,2,0,6,2083
43010,2021,0,1,6.1,245
43011,2021,10,1,2,7559
43013,2021,0,1,2,1220
43014,2021,3,0,5,3850
43015,2021,103,1,2,57563
43016,2021,42,1,1,44517
43017,2021,61,1,1,43619
43019,2021,18,0,5,9419
43021,2021,16,1,2,14622
43022,2021,0,0,4,4120
43023,2021,18,1,1,14462
43025,2021,10,1,1,5541
43026,2021,38,1,1,64607
43028,2021,6,0,5,7781
43029,2021,1,1,2,629
43030,2021,0,1,2,344
43031,2021,26,1,2,13189
43033,2021,1,1,2,352
43035,2021,25,1,1,33032
43036,2021,1,1,2,267
43040,2021,46,1,2,35853
43044,2021,17,1,6.1,5352
43045,2021,5,1,2,1928
43046,2021,9,1,1,3195
43050,2021,76,1,4,29594
43054,2021,20,1,1,27781
43055,2021,208,1,1,62590
43056,2021,19,1,1,17479
43060,2021,8,0,6,2667
43061,2021,4,1,2,4593
43062,2021,53,1,2,32125
43064,2021,8,1,2,17301
43065,2021,22,1,1,44829
43066,2021,5,1,2,1264
43067,2021,4,0,2,1410
43068,2021,126,1,1,59585
43071,2021,0,1,2.1,2442
43072,2021,11,0,3,5504
43074,2021,18,1,2,15288
43076,2021,13,1,2,9145
43078,2021,32,1,4.2,20067
43080,2021,6,1,2.1,5321
43081,2021,81,1,1,64338
43082,2021,33,1,1,32459
43084,2021,1,0,6,844
43085,2021,28,1,1,25566
43101,2021,0,0,3,322
43102,2021,4,1,2,4610
43103,2021,16,1,2,12282
43105,2021,21,1,2,8458
43106,2021,2,1,5.2,1590
43107,2021,2,0,5.2,3232
43110,2021,75,1,1,40953
43112,2021,2,1,2,5052
43113,2021,80,0,4.2,24165
43115,2021,2,0,5,1260
43116,2021,0,1,2,2732
43119,2021,63,1,1,30072
43123,2021,218,1,1,66188
43125,2021,48,1,1,14295
43126,2021,0,1,2,322
43128,2021,32,0,6,2267
43130,2021,214,0,4.2,62010
43135,2021,5,1,3,4267
43136,2021,0,1,1,1977
43137,2021,12,1,1,2684
43138,2021,67,0,7.4,18445
43140,2021,86,0,7.1,24030
43143,2021,15,1,2,5935
43144,2021,4,0,5,373
43145,2021,0,1,3,1920
43146,2021,31,1,2,12627
43147,2021,58,1,1,45281
43148,2021,6,1,2,2431
43149,2021,15,0,3,2335
43150,2021,0,0,5.2,2302
43152,2021,3,0,8.3,969
43153,2021,8,0,9.1,861
43154,2021,3,1,2,3014
43155,2021,1,0,5.2,2531
43157,2021,4,1,2,599
43160,2021,154,0,4,22117
43162,2021,18,1,2,6945
43164,2021,9,1,3,2216
43201,2021,149,1,1,37528
43202,2021,32,1,1,20427
43203,2021,137,1,1,8726
43204,2021,586,1,1,42315
43205,2021,126,1,1,12044
43206,2021,150,1,1,21594
43207,2021,489,1,1,46853
43209,2021,86,1,1,27727
43210,2021,8,1,1,14126
43211,2021,295,1,1,23160
43212,2021,30,1,1,24171
43213,2021,173,1,1,35105
43214,2021,38,1,1,26805
43215,2021,184,1,1,20761
43217,2021,3,1,1,2408
43219,2021,176,1,1,30457
43220,2021,19,1,1,27736
43221,2021,20,1,1,33844
43222,2021,150,1,1,4124
43223,2021,472,1,1,27951
43224,2021,229,1,1,43544
43227,2021,177,1,1,25041
43228,2021,346,1,1,58465
43229,2021,267,1,1,54310
43230,2021,51,1,1,58372
43231,2021,51,1,1,22126
43232,2021,238,1,1,44823
43235,2021,63,1,1,45561
43240,2021,19,1,1,7661
43302,2021,275,0,4,54094
43310,2021,1,0,6,3185
43311,2021,24,0,4,20029
43314,2021,1,0,5,3096
43315,2021,8,1,3,7090
43316,2021,9,0,7.4,5931
43318,2021,9,0,10.5,3609
43319,2021,12,0,6,1062
43320,2021,1,0,9.1,1440
43321,2021,1,1,3,250
43322,2021,1,0,4,310
43323,2021,0,0,8.4,609
43324,2021,2,0,6,2753
43326,2021,64,0,7,13328
43331,2021,11,0,9.2,4428
43332,2021,1,0,5,2136
43333,2021,1,0,10.5,826
43334,2021,6,1,2,6721
43337,2021,0,0,4,1001
43338,2021,18,0,7.3,10423
43340,2021,1,0,8,1754
43341,2021,0,0,5,911
43342,2021,7,0,5.2,3256
43343,2021,2,0,10.5,1233
43344,2021,5,0,10,5702
43345,2021,2,0,8,874
43347,2021,0,0,6,1492
43348,2021,2,0,9.2,1880
43351,2021,15,0,7,10144
43356,2021,0,0,5.2,1161
43357,2021,5,0,6,4848
43358,2021,0,0,6,2587
43359,2021,0,0,8.4,720
43360,2021,1,0,6,1590
43402,2021,39,0,4.2,31459
43406,2021,6,0,3,1740
43407,2021,0,0,5,631
43408,2021,0,1,2,251
43410,2021,53,0,7.4,10219
43412,2021,6,1,2,4033
43413,2021,0,0,6,1430
43416,2021,4,1,2,2769
43420,2021,120,0,4,29332
43430,2021,9,1,2,4631
43431,2021,6,0,10.5,4500
43432,2021,0,1,2,1354
43435,2021,1,0,5,1484
43437,2021,0,0,6,447
43438,2021,0,0,1,256
43440,2021,8,0,6,4665
43442,2021,4,0,5.2,1015
43443,2021,6,1,2,1856
43445,2021,1,1,2,1188
43447,2021,2,1,1,3343
43449,2021,7,0,6,8057
43450,2021,8,1,2,3454
43451,2021,2,0,5.2,1126
43452,2021,30,0,4,13443
43456,2021,4,0,10,678
43457,2021,4,0,3,1443
43458,2021,1,1,6,312
43460,2021,13,1,1,6230
43462,2021,2,0,5.2,1096
43463,2021,1,1,1,253
43464,2021,1,0,3,1336
43465,2021,6,1,1,5599
43466,2021,0,0,3,2141
43468,2021,0,1,2,565
43469,2021,5,1,2,3014
43501,2021,0,0,10.6,844
43502,2021,6,0,7,7064
43504,2021,0,1,2,1110
43506,2021,2,0,7,15010
43511,2021,2,0,5.2,856
43512,2021,62,0,4,28208
43515,2021,5,1,2,8174
43516,2021,6,0,10.6,2776
43517,2021,0,0,10.6,3494
43518,2021,0,0,10.6,2572
43521,2021,17,0,8,2693
43522,2021,4,1,2,3249
43524,2021,0,0,10.6,1239
43525,2021,1,1,2,1191
43526,2021,2,0,7.3,5995
43527,2021,0,0,8.4,2152
43528,2021,146,1,1,16746
43529,2021,0,0,10.6,220
43532,2021,2,1,9.1,3775
43533,2021,2,1,9.1,1509
43534,2021,3,0,8,1662
43535,2021,6,0,8,721
43537,2021,95,1,1,29075
43540,2021,0,1,2,1459
43542,2021,11,1,1,4443
43543,2021,3,0,7,7364
43545,2021,27,0,7,13954
43547,2021,0,1,2,370
43548,2021,1,0,8.4,721
43549,2021,3,0,9.2,1359
43551,2021,84,1,1,43235
43554,2021,2,0,10.6,2413
43556,2021,2,0,6,1762
43557,2021,0,0,9,3161
43558,2021,64,1,2,13088
43560,2021,77,1,1,34204
43565,2021,1,0,4.2,349
43566,2021,13,1,1,8371
43567,2021,26,0,7,13240
43569,2021,5,0,5.2,2628
43570,2021,0,0,10.6,3152
43571,2021,17,1,2,7753
43604,2021,351,1,1,9248
43605,2021,564,1,1,25007
43606,2021,258,1,1,25671
43607,2021,296,1,1,20494
43608,2021,341,1,1,12948
43609,2021,359,1,1,20519
43610,2021,102,1,1,4159
43611,2021,218,1,1,18505
43612,2021,436,1,1,29718
43613,2021,309,1,1,32116
43614,2021,185,1,1,29866
43615,2021,304,1,1,39449
43616,2021,83,1,1,20480
43617,2021,22,1,1,7659
43619,2021,41,1,1,7454
43620,2021,110,1,1,5019
43623,2021,146,1,1,20320
43701,2021,225,0,4,55361
43713,2021,25,0,7.3,7227
43716,2021,0,0,10,1806
43718,2021,6,1,2,3049
43719,2021,7,1,2,2319
43720,2021,3,0,5,1304
43723,2021,19,0,4,4671
43724,2021,12,0,7.4,8865
43725,2021,136,0,4,19520
43727,2021,2,0,5,1517
43728,2021,6,0,9,1072
43730,2021,4,0,9.1,2277
43731,2021,17,0,9.2,5200
43732,2021,9,0,5,1648
43734,2021,0,0,5,1212
43739,2021,3,1,2,2380
43746,2021,2,0,5.2,1261
43747,2021,0,0,10,1229
43748,2021,10,0,9.1,2711
43749,2021,12,0,5,2308
43754,2021,0,0,10,1318
43755,2021,0,0,5,1732
43756,2021,27,0,7,4909
43758,2021,7,0,7,3000
43759,2021,1,1,2,235
43760,2021,5,1,2,1949
43762,2021,7,0,7.4,5346
43764,2021,20,0,7.4,8177
43766,2021,0,0,9.1,1492
43767,2021,2,0,7.4,1425
43768,2021,0,0,5,223
43771,2021,3,0,5,1796
43772,2021,8,0,5,1811
43773,2021,8,0,6,2964
43777,2021,20,0,5,4568
43778,2021,0,0,6,1428
43779,2021,0,0,6,888
43780,2021,4,0,5,2235
43782,2021,4,0,9.1,727
43783,2021,34,1,3,4743
43787,2021,3,0,9,2815
43788,2021,2,0,6,816
43793,2021,9,1,10,4829
43802,2021,0,0,5,1334
43804,2021,3,0,10,4045
43811,2021,0,0,5,763
43812,2021,87,0,4,18669
43821,2021,11,0,10.2,4557
43822,2021,10,0,5,4668
43824,2021,3,0,5,3991
43830,2021,14,0,5,6593
43832,2021,5,0,7.4,7341
43837,2021,4,0,5,1784
43840,2021,0,0,5,1279
43843,2021,0,0,6,1449
43844,2021,4,0,6,3778
43845,2021,6,0,5,4803
43901,2021,2,1,2,2082
43903,2021,5,1,2,1937
43906,2021,19,1,2,7952
43907,2021,4,0,7.4,5369
43908,2021,0,1,2,1321
43910,2021,3,1,2,3379
43912,2021,26,1,1,6060
43913,2021,9,1,1,1322
43915,2021,0,1,10.6,1383
43917,2021,2,1,2.1,2647
43920,2021,28,0,4,21662
43926,2021,1,1,1,247
43930,2021,0,1,2,681
43932,2021,4,1,2,970
43933,2021,0,1,2,1969
43935,2021,20,1,1,7968
43938,2021,23,1,1,5196
43939,2021,4,1,2.1,436
43940,2021,4,1,2,321
43942,2021,3,1,2,2271
43943,2021,9,1,2,3452
43944,2021,7,1,2,2328
43945,2021,1,0,6,2972
43946,2021,0,1,10.6,1836
43947,2021,9,1,1,5002
43948,2021,1,1,2.1,514
43950,2021,62,1,1,16212
43952,2021,203,1,1,17977
43953,2021,65,1,1,11637
43961,2021,2,1,1,234
43963,2021,2,1,1,1249
43964,2021,19,1,1,9098
43968,2021,16,0,4,6546
43971,2021,1,1,1,1033
43973,2021,1,0,5,1947
43976,2021,3,1,3,1543
43977,2021,1,1,2,2178
43983,2021,0,1,2,436
43986,2021,7,1,3,1728
43988,2021,0,0,6,2351
44001,2021,66,1,1,20837
44003,2021,12,0,10.5,4275
44004,2021,202,0,4.2,31661
44010,2021,10,1,2,1666
44011,2021,27,1,1,24847
44012,2021,28,1,1,25206
44017,2021,32,1,1,18611
44021,2021,8,1,7.1,6347
44022,2021,5,1,1,17150
44023,2021,27,1,1,19075
44024,2021,14,1,2,23795
44026,2021,3,1,1,10877
44028,2021,6,1,2,8931
44030,2021,73,0,4,15868
44032,2021,6,0,10.5,1505
44035,2021,433,1,1,61921
44039,2021,37,1,1,35630
44040,2021,0,1,2,3032
44041,2021,108,1,4.2,13910
44044,2021,25,1,1,14911
44045,2021,1,1,1,421
44046,2021,0,1,3,2187
44047,2021,34,0,7.2,9156
44048,2021,14,0,5,2178
44050,2021,17,1,2.1,6724
44052,2021,247,1,1,29249
44053,2021,109,1,1,20735
44054,2021,38,1,1,12484
44055,2021,186,1,1,19331
44056,2021,17,1,1,12156
44057,2021,48,1,1,19447
44060,2021,153,1,1,60360
44062,2021,8,1,7.1,15085
44064,2021,1,1,2,1618
44065,2021,11,1,2,4058
44067,2021,34,1,1,19995
44070,2021,68,1,1,32442
44072,2021,2,1,1,4583
44074,2021,27,0,1,11957
44076,2021,15,0,10.4,5313
44077,2021,283,1,1,58253
44081,2021,14,1,1,6930
44082,2021,0,0,5,1511
44084,2021,21,1,2,3707
44085,2021,17,1,2,3232
44086,2021,2,1,2,2221
44087,2021,14,1,1,22626
44089,2021,38,1,1,15899
44090,2021,15,0,7.1,11085
44092,2021,68,1,1,16786
44093,2021,5,0,10.5,1454
44094,2021,117,1,1,37634
44095,2021,89,1,1,32616
44099,2021,3,0,10.4,2528
44102,2021,394,1,1,43347
44103,2021,178,1,1,14469
44104,2021,139,1,1,20202
44105,2021,271,1,1,34100
44106,2021,86,1,1,26608
44107,2021,3,1,1,51109
44108,2021,133,1,1,20005
44109,2021,422,1,1,39121
44110,2021,74,1,1,17617
44111,2021,247,1,1,41045
44112,2021,120,1,1,18685
44113,2021,261,1,1,20291
44114,2021,164,1,1,7622
44115,2021,118,1,1,8985
44116,2021,0,1,1,21821
44117,2021,67,1,1,10533
44118,2021,51,1,1,40242
44119,2021,39,1,1,12134
44120,2021,102,1,1,34611
44121,2021,69,1,1,32887
44122,2021,48,1,1,36268
44123,2021,93,1,1,17620
44124,2021,40,1,1,40530
44125,2021,72,1,1,29663
44126,2021,40,1,1,17235
44127,2021,42,1,1,4179
44128,2021,80,1,1,28146
44129,2021,63,1,1,28803
44130,2021,208,1,1,50825
44131,2021,37,1,1,20664
44132,2021,38,1,1,14524
44133,2021,39,1,1,31373
44134,2021,63,1,1,38845
44135,2021,169,1,1,26684
44136,2021,74,1,1,25890
44137,2021,100,1,1,23759
44138,2021,30,1,1,23088
44139,2021,29,1,1,25331
44140,2021,4,1,1,16163
44141,2021,20,1,1,14130
44142,2021,152,1,1,18598
44143,2021,49,1,1,25339
44144,2021,107,1,1,21361
44145,2021,49,1,1,34228
44146,2021,71,1,1,29778
44147,2021,15,1,1,19872
44149,2021,37,1,1,20678
44201,2021,24,1,2.1,6658
44202,2021,18,1,1,22167
44203,2021,216,1,1,39577
44212,2021,25,1,1,45749
44214,2021,1,0,6,2149
44215,2021,1,1,4.1,2289
44216,2021,12,1,1,9443
44217,2021,16,1,3,4165
44221,2021,61,1,1,29601
44223,2021,44,1,1,18388
44224,2021,49,1,1,38709
44230,2021,11,1,1,8064
44231,2021,41,1,2,8398
44233,2021,9,1,2,8025
44234,2021,2,1,2,3763
44235,2021,0,1,3,1960
44236,2021,48,1,1,26216
44240,2021,126,1,1,38354
44241,2021,43,1,1,17659
44250,2021,2,1,1,1469
44251,2021,0,1,3,928
44253,2021,5,1,2,3438
44254,2021,6,1,5,4784
44255,2021,38,1,2,7558
44256,2021,48,1,4.1,64815
44260,2021,37,1,1,13152
44262,2021,7,1,1,5020
44264,2021,4,1,1,3370
44266,2021,99,1,1,32606
44270,2021,31,1,2,8384
44272,2021,8,1,2.1,5356
44273,2021,10,1,3,6900
44275,2021,0,1,3,3257
44276,2021,2,0,10.5,2023
44278,2021,22,1,1,18671
44280,2021,5,1,2,5343
44281,2021,39,1,1,33241
44286,2021,36,1,1,6258
44287,2021,29,0,6,7561
44288,2021,11,1,2,3444
44301,2021,84,1,1,14364
44302,2021,24,1,1,4661
44303,2021,41,1,1,7031
44304,2021,46,1,1,4185
44305,2021,121,1,1,21214
44306,2021,222,1,1,21085
44307,2021,64,1,1,6959
44308,2021,26,1,1,1037
44310,2021,110,1,1,24984
44311,2021,86,1,1,6993
44312,2021,131,1,1,30510
44313,2021,32,1,1,25678
44314,2021,178,1,1,17686
44319,2021,105,1,1,21833
44320,2021,91,1,1,19083
44321,2021,22,1,1,15993
44333,2021,17,1,1,19449
44401,2021,9,1,2,2648
44402,2021,4,1,2,2951
44403,2021,19,1,2,3690
44404,2021,3,1,2,1300
44405,2021,17,1,1,7837
44406,2021,16,1,1,22740
44408,2021,14,0,3,10526
44410,2021,34,1,1,16824
44411,2021,2,1,2.1,2319
44412,2021,7,1,2.1,2472
44413,2021,17,1,9.1,7186
44417,2021,8,1,2,1539
44418,2021,7,1,2,1224
44420,2021,50,1,1,15033
44423,2021,2,0,10.6,2234
44425,2021,12,1,1,14280
44427,2021,0,1,10.1,1555
44428,2021,6,1,2,3115
44429,2021,2,1,2.1,2437
44430,2021,16,1,1,4723
44431,2021,14,0,3,4629
44432,2021,26,0,9.1,12276
44436,2021,3,1,2,3382
44437,2021,4,1,1,4073
44438,2021,16,1,1,4762
44440,2021,14,1,1,4648
44441,2021,3,0,6,1558
44442,2021,1,1,1,4095
44443,2021,1,1,1,1742
44444,2021,45,1,1,10042
44445,2021,6,1,3,3160
44446,2021,100,1,1,20173
44449,2021,0,0,2.1,1230
44450,2021,7,1,2,1824
44451,2021,5,1,2,3199
44452,2021,9,1,2,3114
44454,2021,1,1,1,935
44455,2021,6,0,9.1,1558
44460,2021,64,0,4.2,25393
44470,2021,8,1,2,3681
44471,2021,5,1,1,10445
44473,2021,9,1,2,3719
44481,2021,40,1,2,10258
44483,2021,239,1,1,24840
44484,2021,149,1,1,22290
44485,2021,179,1,1,15172
44490,2021,0,0,3,721
44491,2021,6,1,9.1,3950
44502,2021,118,1,1,9300
44503,2021,30,1,1,1922
44504,2021,27,1,1,4577
44505,2021,143,1,1,17048
44506,2021,17,1,1,2109
44507,2021,90,1,1,4598
44509,2021,142,1,1,10934
44510,2021,22,1,1,2034
44511,2021,94,1,1,18738
44512,2021,131,1,1,33282
44514,2021,48,1,1,22599
44515,2021,90,1,1,27480
44601,2021,31,0,4.2,33688
44606,2021,5,0,5,8218
44608,2021,2,1,2,2646
44609,2021,2,0,4.2,3592
44611,2021,1,0,6,2133
44612,2021,11,1,2,5443
44613,2021,2,1,2,1998
44614,2021,12,1,1,12922
44615,2021,1,0,7.1,10557
44618,2021,9,0,10.4,7159
44620,2021,1,1,2,1428
44621,2021,1,0,4,4606
44622,2021,20,0,4,18921
44624,2021,4,0,10,5843
44625,2021,1,1,10.6,1322
44626,2021,13,1,2,2996
44627,2021,0,0,10.5,7692
44628,2021,3,0,9,1119
44629,2021,1,0,5,2126
44632,2021,8,1,1,10047
44633,2021,2,0,10.6,2565
44634,2021,1,0,5,1995
44637,2021,3,0,9,2437
44638,2021,0,0,6,1555
44641,2021,22,1,1,20399
44643,2021,4,1,2,3218
44644,2021,4,1,2,4378
44645,2021,4,1,2,2670
44646,2021,60,1,1,47973
44647,2021,16,1,1,18368
44651,2021,0,1,3,765
44652,2021,0,1,1,542
44653,2021,0,0,4,632
44654,2021,8,0,10.5,20612
44656,2021,8,0,5.2,2618
44657,2021,27,0,7.1,9916
44662,2021,8,1,2,9562
44663,2021,123,0,4,25601
44666,2021,0,1,2.1,2935
44667,2021,12,0,7.4,13723
44669,2021,0,1,2,1454
44672,2021,16,0,4.2,4589
44675,2021,0,0,2,1890
44676,2021,13,0,5,4771
44677,2021,4,0,4,2805
44680,2021,6,0,4,4255
44681,2021,0,0,10.5,8053
44682,2021,4,0,5,1041
44683,2021,38,0,4,8313
44685,2021,25,1,1,29008
44688,2021,5,1,2,2958
44689,2021,0,0,10,586
44691,2021,145,0,4,44666
44695,2021,0,0,6,1222
44697,2021,0,1,2,260
44699,2021,4,0,5,909
44702,2021,28,1,1,1086
44703,2021,76,1,1,8015
44704,2021,26,1,1,3723
44705,2021,92,1,1,17779
44706,2021,68,1,1,16972
44707,2021,38,1,1,9163
44708,2021,57,1,1,25386
44709,2021,32,1,1,18509
44710,2021,21,1,1,9309
44714,2021,26,1,1,8923
44718,2021,15,1,1,12607
44720,2021,57,1,1,40744
44721,2021,15,1,1,13432
44730,2021,17,1,1,5925
44802,2021,1,0,6,948
44804,2021,0,0,4,1127
44805,2021,95,0,4,31238
44807,2021,6,0,6,2264
44811,2021,69,0,7.3,12698
44813,2021,4,1,2,8039
44814,2021,9,1,2,2750
44815,2021,4,0,6,679
44817,2021,0,0,6,1370
44818,2021,4,0,6,2399
44820,2021,7,0,4,17114
44822,2021,1,1,2,3431
44824,2021,3,0,1,3882
44826,2021,6,0,6.1,1617
44827,2021,12,0,4.2,6973
44830,2021,60,0,4,18442
44833,2021,6,0,4.2,16786
44836,2021,18,0,6,2538
44837,2021,15,0,6,4330
44838,2021,0,0,4,258
44839,2021,4,0,1,12472
44840,2021,0,0,5,3137
44841,2021,4,0,6,821
44842,2021,7,0,7,5643
44843,2021,3,1,2,2469
44844,2021,0,0,8,718
44846,2021,10,0,2,3322
44847,2021,1,0,4.2,3488
44849,2021,8,0,8.4,2162
44851,2021,34,0,10.5,5303
44853,2021,1,0,6,1447
44854,2021,0,0,10.5,1673
44855,2021,4,0,5,1289
44857,2021,82,0,4.2,23619
44859,2021,2,0,5,1784
44864,2021,3,0,6,3182
44865,2021,15,0,3,3164
44866,2021,2,1,6,2372
44867,2021,0,0,5,2280
44870,2021,216,0,1,40416
44875,2021,23,1,4.1,13900
44878,2021,3,1,2,3223
44880,2021,4,1,6,2914
44882,2021,3,0,8,2617
44883,2021,81,0,4,28690
44887,2021,0,0,10.5,958
44889,2021,21,1,2,6702
44890,2021,72,0,4,10759
44902,2021,74,1,1,4891
44903,2021,178,1,1,25613
44904,2021,13,1,1,14368
44905,2021,92,1,1,16827
44906,2021,54,1,1,16566
44907,2021,67,1,1,15014
45001,2021,12,1,1,927
45002,2021,59,1,1,15458
45003,2021,0,0,6,818
45005,2021,126,1,1,31577
45011,2021,336,1,1,73596
45013,2021,202,1,1,53911
45014,2021,157,1,1,46169
45015,2021,80,1,1,12103
45030,2021,67,1,1,21234
45033,2021,3,1,1,323
45034,2021,1,1,1,1166
45036,2021,67,1,2,41060
45039,2021,19,1,1,27529
45040,2021,59,1,1,57153
45042,2021,200,1,1,26972
45044,2021,256,1,1,56128
45050,2021,35,1,1,12173
45052,2021,11,1,1,3830
45053,2021,2,1,2,3375
45054,2021,5,1,2,2499
45056,2021,20,0,4.2,28892
45062,2021,2,1,1,775
45064,2021,1,1,2,3112
45065,2021,17,1,1,6725
45066,2021,39,1,1,26399
45067,2021,29,1,1,15004
45068,2021,15,1,2,11911
45069,2021,92,1,1,53694
45101,2021,7,0,4,2125
45102,2021,61,1,1,24954
45103,2021,73,1,1,35237
45106,2021,64,1,2,11855
45107,2021,35,1,2,9806
45111,2021,3,1,1,384
45113,2021,8,0,5.2,3974
45118,2021,4,1,2,3716
45120,2021,21,1,2,3138
45121,2021,24,1,7.1,8927
45122,2021,25,1,2,10757
45123,2021,54,0,7.4,8776
45130,2021,19,1,2,3585
45133,2021,84,0,8,23646
45135,2021,7,0,6,4765
45140,2021,53,1,1,56386
45142,2021,3,0,6,4384
45144,2021,64,0,10.4,3912
45146,2021,2,0,5.2,1400
45148,2021,19,0,5.2,1539
45150,2021,61,1,1,33735
45152,2021,19,1,2,13617
45153,2021,15,1,2,1826
45154,2021,27,1,2,9439
45157,2021,49,1,1,9705
45159,2021,14,0,5,3524
45160,2021,3,1,2,627
45162,2021,10,1,2,2730
45164,2021,0,0,4,233
45167,2021,15,0,10.4,3441
45168,2021,8,1,2,1345
45169,2021,12,0,5,4686
45171,2021,28,1,2,6174
45174,2021,0,1,1,2359
45176,2021,55,1,2,9100
45177,2021,103,0,4,22349
45202,2021,311,1,1,16883
45203,2021,52,1,1,2365
45204,2021,53,1,1,5818
45205,2021,158,1,1,19517
45206,2021,92,1,1,10670
45207,2021,18,1,1,7484
45208,2021,14,1,1,18969
45209,2021,32,1,1,10708
45211,2021,209,1,1,37868
45212,2021,141,1,1,21885
45213,2021,27,1,1,12052
45214,2021,105,1,1,8901
45215,2021,121,1,1,30993
45216,2021,79,1,1,9667
45217,2021,26,1,1,6177
45218,2021,14,1,1,3957
45219,2021,119,1,1,20644
45220,2021,54,1,1,15466
45223,2021,39,1,1,13174
45224,2021,51,1,1,20214
45225,2021,129,1,1,8006
45226,2021,10,1,1,5687
45227,2021,52,1,1,18427
45229,2021,76,1,1,12540
45230,2021,81,1,1,27718
45231,2021,124,1,1,41934
45232,2021,40,1,1,7109
45233,2021,22,1,1,15596
45236,2021,62,1,1,24223
45237,2021,105,1,1,21029
45238,2021,114,1,1,46864
45239,2021,116,1,1,28499
45240,2021,52,1,1,28820
45241,2021,21,1,1,24380
45242,2021,31,1,1,23214
45243,2021,10,1,1,15894
45244,2021,46,1,1,28936
45245,2021,163,1,1,20249
45246,2021,45,1,1,15249
45247,2021,73,1,1,23293
45248,2021,52,1,1,25181
45249,2021,15,1,1,14005
45251,2021,89,1,1,22073
45252,2021,8,1,1,4548
45255,2021,50,1,1,22069
45301,2021,0,1,1,135
45302,2021,2,0,6,4313
45303,2021,3,0,5,2215
45304,2021,9,1,2,7532
45305,2021,13,1,1,11470
45306,2021,4,0,6,2192
45308,2021,14,1,3,4488
45309,2021,20,1,2,12050
45310,2021,0,0,10.5,272
45311,2021,9,1,9.1,5723
45312,2021,0,1,2,1416
45314,2021,5,0,7.1,6261
45315,2021,14,1,1,4818
45317,2021,0,1,2,1018
45318,2021,24,1,2,5438
45319,2021,0,1,2,287
45320,2021,34,0,7.3,15530
45321,2021,0,0,3,859
45322,2021,52,1,1,21185
45323,2021,17,1,1,5123
45324,2021,151,1,1,40449
45325,2021,10,1,2,2558
45326,2021,7,1,2,1170
45327,2021,5,1,1,9388
45328,2021,2,1,3,471
45331,2021,127,0,4.2,22213
45332,2021,6,0,5,634
45333,2021,0,0,5,1389
45334,2021,1,0,6,2041
45335,2021,9,1,2,7062
45337,2021,0,1,2,1519
45338,2021,22,1,2,4950
45339,2021,3,1,2,1169
45340,2021,0,0,6,850
45341,2021,15,1,1,3741
45342,2021,161,1,1,37508
45344,2021,16,1,2,17042
45345,2021,33,1,2,5951
45346,2021,5,0,5,2085
45347,2021,3,0,5.2,4264
45348,2021,1,0,10.5,968
45349,2021,3,1,1,313
45351,2021,0,0,10.5,284
45352,2021,0,0,4.2,183
45354,2021,2,1,2,572
45356,2021,0,0,4.2,25106
45358,2021,0,1,2,361
45359,2021,0,1,2,1996
45360,2021,0,0,4,300
45362,2021,2,0,10.5,1086
45363,2021,2,0,5,1853
45365,2021,109,0,4,29277
45368,2021,7,1,2,4817
45369,2021,4,1,2,3576
45370,2021,1,1,2,2379
45371,2021,61,1,1,23205
45372,2021,0,1,1,352
45373,2021,71,1,1,36863
45377,2021,49,1,1,15070
45378,2021,0,1,2,402
45380,2021,2,0,7.4,5573
45381,2021,17,1,2,5424
45382,2021,0,0,3,1179
45383,2021,1,1,1,6885
45384,2021,1,1,1,2258
45385,2021,134,1,1,39446
45387,2021,12,1,2,5326
45388,2021,1,0,10.5,878
45389,2021,0,0,2,503
45390,2021,2,0,7.4,3269
45402,2021,295,1,1,10735
45403,2021,305,1,1,15130
45404,2021,191,1,1,10730
45405,2021,302,1,1,18124
45406,2021,283,1,1,20622
45409,2021,37,1,1,12392
45410,2021,256,1,1,15758
45414,2021,245,1,1,20693
45415,2021,62,1,1,12811
45416,2021,24,1,1,5612
45417,2021,503,1,1,28079
45419,2021,40,1,1,16236
45420,2021,191,1,1,25045
45424,2021,163,1,1,50920
45426,2021,100,1,1,14391
45429,2021,64,1,1,26514
45430,2021,13,1,1,7637
45431,2021,68,1,1,26660
45432,2021,37,1,1,15105
45433,2021,0,1,1,1567
45434,2021,13,1,1,12628
45439,2021,89,1,1,11726
45440,2021,35,1,1,22676
45449,2021,71,1,1,18976
45458,2021,47,1,1,36474
45459,2021,52,1,1,28344
45502,2021,29,1,1,16767
45503,2021,214,1,1,32870
45504,2021,135,1,1,17343
45505,2021,298,1,1,19708
45506,2021,156,1,1,13330
45601,2021,392,0,4,56849
45612,2021,15,0,5,5059
45613,2021,11,0,8,3542
45614,2021,13,0,5,4800
45616,2021,11,0,9,1187
45619,2021,44,1,1,7348
45620,2021,2,0,5,875
45621,2021,11,0,7,403
45622,2021,1,0,10.5,485
45623,2021,5,0,5,3235
45628,2021,4,0,5,5429
45629,2021,11,1,5.2,3220
45630,2021,0,0,5,222
45631,2021,73,0,5,14200
45634,2021,9,0,10,1893
45638,2021,169,1,1,20114
45640,2021,58,0,7,15896
45644,2021,6,0,5.2,4316
45645,2021,5,1,2,2750
45646,2021,0,0,8,363
45647,2021,6,0,5,2410
45648,2021,27,0,5,11211
45650,2021,2,0,9,348
45651,2021,28,0,10,5691
45652,2021,11,0,5,3131
45653,2021,6,0,5,3907
45654,2021,1,0,10.5,833
45656,2021,20,0,9,6532
45657,2021,7,0,5,2504
45658,2021,0,0,5,2538
45659,2021,15,1,2,2623
45660,2021,40,0,10.4,8011
45661,2021,40,0,8,7014
45662,2021,128,0,4,27718
45663,2021,3,0,5,6343
45669,2021,41,1,1,10223
45671,2021,0,0,5,391
45672,2021,3,0,9.2,1679
45673,2021,1,0,5,398
45674,2021,0,0,5,686
45678,2021,1,1,2,1140
45679,2021,20,1,10.4,3097
45680,2021,92,1,1,12326
45681,2021,4,0,6,1589
45682,2021,0,0,5,1998
45684,2021,1,0,5,1838
45685,2021,6,0,5,1040
45686,2021,5,0,6,3379
45690,2021,55,0,7.4,13527
45692,2021,61,0,7,8460
45693,2021,83,0,7.3,8797
45694,2021,35,0,4,11783
45695,2021,5,0,10.5,587
45696,2021,0,1,2,1253
45697,2021,19,1,8.1,4828
45701,2021,69,0,4,33705
45710,2021,8,0,5,5547
45711,2021,4,0,5,1065
45714,2021,10,1,1,10149
45715,2021,6,0,2,2412
45716,2021,2,0,7.4,490
45719,2021,5,0,4,964
45723,2021,7,1,2,3552
45724,2021,1,1,2,1785
45727,2021,1,0,8.3,478
45729,2021,1,1,2,1460
45732,2021,7,0,5,4524
45734,2021,0,0,10,409
45735,2021,0,0,5,1619
45740,2021,2,0,5,406
45742,2021,1,1,2,3018
45743,2021,1,1,3,1383
45744,2021,0,0,2,2656
45745,2021,0,0,2,1104
45746,2021,0,0,2,348
45750,2021,57,0,1,26327
45760,2021,22,0,7.4,3309
45761,2021,3,0,4,1558
45764,2021,46,0,7.4,7859
45766,2021,1,0,5,1313
45767,2021,3,0,2,2314
45768,2021,1,0,2,1599
45769,2021,25,0,9.2,5952
45770,2021,3,0,10.6,567
45771,2021,14,0,10.6,3408
45772,2021,2,1,3,1697
45773,2021,0,0,2,305
45775,2021,3,0,6,1361
45776,2021,2,0,9.2,730
45778,2021,3,0,5,834
45779,2021,2,0,10.6,780
45780,2021,10,0,4,3328
45782,2021,0,0,5,313
45784,2021,1,1,2,3313
45786,2021,1,0,10.1,3160
45788,2021,0,0,2,961
45801,2021,67,1,1,22819
45804,2021,30,1,1,14573
45805,2021,22,1,1,22740
45806,2021,15,1,1,11238
45807,2021,4,1,1,11856
45808,2021,1,1,1,282
45810,2021,9,0,7.3,7840
45812,2021,8,1,9,1835
45813,2021,6,1,10.4,3579
45814,2021,0,0,5,2646
45817,2021,3,0,7.3,6420
45819,2021,0,0,4.2,233
45820,2021,0,1,1,517
45821,2021,0,1,10.4,1252
45822,2021,52,0,4,19945
45826,2021,0,0,4,358
45827,2021,0,0,9,2223
45828,2021,3,0,4,6495
45830,2021,3,0,3,5797
45831,2021,4,0,9,3023
45832,2021,2,0,5,2854
45833,2021,9,0,7.1,10682
45835,2021,1,0,9,487
45836,2021,2,0,9,1332
45840,2021,139,0,4,54901
45841,2021,0,0,5,936
45843,2021,10,0,9,3768
45844,2021,0,0,10.4,3251
45845,2021,0,0,6,3270
45846,2021,1,0,10.5,4461
45849,2021,0,0,10.5,1154
45850,2021,5,1,2,3617
45851,2021,0,0,10.4,676
45853,2021,1,0,10.4,1451
45854,2021,1,1,1,461
45856,2021,4,0,10.6,5094
45858,2021,4,0,5,3038
45859,2021,3,1,9,461
45860,2021,0,0,10.5,2444
45861,2021,0,0,10.5,223
45862,2021,0,0,10.5,1408
45863,2021,0,0,5,1135
45865,2021,12,0,7,5251
45867,2021,1,0,5,1138
45868,2021,5,0,5,705
45869,2021,1,0,7,4567
45870,2021,0,1,4.2,116
45871,2021,2,0,10,2019
45872,2021,6,0,9.2,4120
45873,2021,1,0,10.5,2235
45874,2021,2,0,5,2079
45875,2021,4,0,7.3,11273
45876,2021,0,0,10.4,958
45877,2021,0,0,10.6,2239
45879,2021,2,0,7,5963
45880,2021,0,0,10.4,2390
45881,2021,0,0,5,1485
45882,2021,3,0,10.5,3005
45883,2021,0,0,10.5,4026
45885,2021,11,0,7,12863
45886,2021,0,0,5,459
45887,2021,1,1,2,4688
45888,2021,0,1,4.2,188
45889,2021,0,0,5,1481
45890,2021,0,0,5,653
45891,2021,40,0,4,15633
45894,2021,0,0,5,649
45895,2021,17,0,4.2,17974
45896,2021,0,1,2,1990
45898,2021,0,0,5,1251
43001,2022,0,1,2,2705
43002,2022,3,1,1,2026
43003,2022,2,1,2,2776
43004,2022,35,1,1,29982
43006,2022,0,0,9,715
43008,2022,4,1,1,2378
43009,2022,2,0,6,2083
43010,2022,0,1,6.1,245
43011,2022,15,1,2,7559
43013,2022,2,1,2,1220
43014,2022,5,0,5,3850
43015,2022,75,1,2,57563
43016,2022,42,1,1,44517
43017,2022,64,1,1,43619
43019,2022,7,0,5,9419
43021,2022,5,1,2,14622
43022,2022,0,0,4,4120
43023,2022,21,1,1,14462
43025,2022,9,1,1,5541
43026,2022,81,1,1,64607
43028,2022,7,0,5,7781
43029,2022,2,1,2,629
43030,2022,0,1,2,344
43031,2022,17,1,2,13189
43033,2022,0,1,2,352
43035,2022,21,1,1,33032
43036,2022,0,1,2,267
43040,2022,46,1,2,35853
43044,2022,5,1,6.1,5352
43045,2022,0,1,2,1928
43046,2022,5,1,1,3195
43050,2022,73,1,4,29594
43054,2022,12,1,1,27781
43055,2022,247,1,1,62590
43056,2022,24,1,1,17479
43060,2022,2,0,6,2667
43061,2022,2,1,2,4593
43062,2022,30,1,2,32125
43064,2022,11,1,2,17301
43065,2022,18,1,1,44829
43066,2022,0,1,2,1264
43067,2022,1,0,2,1410
43068,2022,109,1,1,59585
43071,2022,0,1,2.1,2442
43072,2022,3,0,3,5504
43074,2022,10,1,2,15288
43076,2022,31,1,2,9145
43078,2022,44,1,4.2,20067
43080,2022,6,1,2.1,5321
43081,2022,85,1,1,64338
43082,2022,34,1,1,32459
43084,2022,1,0,6,844
43085,2022,27,1,1,25566
43101,2022,0,0,3,322
43102,2022,1,1,2,4610
43103,2022,16,1,2,12282
43105,2022,14,1,2,8458
43106,2022,1,1,5.2,1590
43107,2022,4,0,5.2,3232
43110,2022,52,1,1,40953
43112,2022,6,1,2,5052
43113,2022,69,0,4.2,24165
43115,2022,1,0,5,1260
43116,2022,2,1,2,2732
43119,2022,52,1,1,30072
43123,2022,168,1,1,66188
43125,2022,21,1,1,14295
43126,2022,0,1,2,322
43128,2022,16,0,6,2267
43130,2022,229,0,4.2,62010
43135,2022,10,1,3,4267
43136,2022,1,1,1,1977
43137,2022,6,1,1,2684
43138,2022,86,0,7.4,18445
43140,2022,60,0,7.1,24030
43143,2022,12,1,2,5935
43144,2022,0,0,5,373
43145,2022,8,1,3,1920
43146,2022,20,1,2,12627
43147,2022,54,1,1,45281
43148,2022,4,1,2,2431
43149,2022,6,0,3,2335
43150,2022,1,0,5.2,2302
43152,2022,0,0,8.3,969
43153,2022,0,0,9.1,861
43154,2022,6,1,2,3014
43155,2022,4,0,5.2,2531
43157,2022,0,1,2,599
43160,2022,126,0,4,22117
43162,2022,18,1,2,6945
43164,2022,5,1,3,2216
43201,2022,119,1,1,37528
43202,2022,31,1,1,20427
43203,2022,100,1,1,8726
43204,2022,383,1,1,42315
43205,2022,88,1,1,12044
43206,2022,140,1,1,21594
43207,2022,343,1,1,46853
43209,2022,72,1,1,27727
43210,2022,9,1,1,14126
43211,2022,263,1,1,23160
43212,2022,23,1,1,24171
43213,2022,122,1,1,35105
43214,2022,30,1,1,26805
43215,2022,169,1,1,20761
43217,2022,7,1,1,2408
43219,2022,155,1,1,30457
43220,2022,13,1,1,27736
43221,2022,8,1,1,33844
43222,2022,99,1,1,4124
43223,2022,364,1,1,27951
43224,2022,222,1,1,43544
43227,2022,126,1,1,25041
43228,2022,345,1,1,58465
43229,2022,198,1,1,54310
43230,2022,71,1,1,58372
43231,2022,37,1,1,22126
43232,2022,183,1,1,44823
43235,2022,54,1,1,45561
43240,2022,18,1,1,7661
43302,2022,204,0,4,54094
43310,2022,3,0,6,3185
43311,2022,24,0,4,20029
43314,2022,2,0,5,3096
43315,2022,9,1,3,7090
43316,2022,9,0,7.4,5931
43318,2022,0,0,10.5,3609
43319,2022,4,0,6,1062
43320,2022,2,0,9.1,1440
43321,2022,0,1,3,250
43322,2022,0,0,4,310
43323,2022,1,0,8.4,609
43324,2022,2,0,6,2753
43326,2022,53,0,7,13328
43331,2022,20,0,9.2,4428
43332,2022,5,0,5,2136
43333,2022,2,0,10.5,826
43334,2022,8,1,2,6721
43337,2022,1,0,4,1001
43338,2022,17,0,7.3,10423
43340,2022,1,0,8,1754
43341,2022,1,0,5,911
43342,2022,5,0,5.2,3256
43343,2022,0,0,10.5,1233
43344,2022,5,0,10,5702
43345,2022,0,0,8,874
43347,2022,1,0,6,1492
43348,2022,7,0,9.2,1880
43351,2022,16,0,7,10144
43356,2022,1,0,5.2,1161
43357,2022,4,0,6,4848
43358,2022,1,0,6,2587
43359,2022,0,0,8.4,720
43360,2022,1,0,6,1590
43402,2022,39,0,4.2,31459
43406,2022,3,0,3,1740
43407,2022,0,0,5,631
43408,2022,1,1,2,251
43410,2022,39,0,7.4,10219
43412,2022,13,1,2,4033
43413,2022,4,0,6,1430
43416,2022,8,1,2,2769
43420,2022,160,0,4,29332
43430,2022,8,1,2,4631
43431,2022,6,0,10.5,4500
43432,2022,0,1,2,1354
43435,2022,2,0,5,1484
43437,2022,0,0,6,447
43438,2022,0,0,1,256
43440,2022,4,0,6,4665
43442,2022,2,0,5.2,1015
43443,2022,3,1,2,1856
43445,2022,0,1,2,1188
43447,2022,6,1,1,3343
43449,2022,5,0,6,8057
43450,2022,5,1,2,3454
43451,2022,7,0,5.2,1126
43452,2022,35,0,4,13443
43456,2022,5,0,10,678
43457,2022,4,0,3,1443
43458,2022,0,1,6,312
43460,2022,11,1,1,6230
43462,2022,1,0,5.2,1096
43463,2022,0,1,1,253
43464,2022,5,0,3,1336
43465,2022,8,1,1,5599
43466,2022,4,0,3,2141
43468,2022,1,1,2,565
43469,2022,5,1,2,3014
43501,2022,0,0,10.6,844
43502,2022,2,0,7,7064
43504,2022,0,1,2,1110
43506,2022,1,0,7,15010
43511,2022,0,0,5.2,856
43512,2022,56,0,4,28208
43515,2022,14,1,2,8174
43516,2022,2,0,10.6,2776
43517,2022,0,0,10.6,3494
43518,2022,1,0,10.6,2572
43521,2022,2,0,8,2693
43522,2022,4,1,2,3249
43524,2022,1,0,10.6,1239
43525,2022,0,1,2,1191
43526,2022,1,0,7.3,5995
43527,2022,2,0,8.4,2152
43528,2022,115,1,1,16746
43529,2022,0,0,10.6,220
43532,2022,0,1,9.1,3775
43533,2022,0,1,9.1,1509
43534,2022,7,0,8,1662
43535,2022,1,0,8,721
43537,2022,95,1,1,29075
43540,2022,0,1,2,1459
43542,2022,14,1,1,4443
43543,2022,1,0,7,7364
43545,2022,28,0,7,13954
43547,2022,3,1,2,370
43548,2022,0,0,8.4,721
43549,2022,5,0,9.2,1359
43551,2022,81,1,1,43235
43554,2022,2,0,10.6,2413
43556,2022,0,0,6,1762
43557,2022,2,0,9,3161
43558,2022,47,1,2,13088
43560,2022,58,1,1,34204
43565,2022,1,0,4.2,349
43566,2022,8,1,1,8371
43567,2022,26,0,7,13240
43569,2022,11,0,5.2,2628
43570,2022,0,0,10.6,3152
43571,2022,14,1,2,7753
43604,2022,340,1,1,9248
43605,2022,520,1,1,25007
43606,2022,216,1,1,25671
43607,2022,247,1,1,20494
43608,2022,319,1,1,12948
43609,2022,377,1,1,20519
43610,2022,61,1,1,4159
43611,2022,178,1,1,18505
43612,2022,393,1,1,29718
43613,2022,259,1,1,32116
43614,2022,172,1,1,29866
43615,2022,304,1,1,39449
43616,2022,55,1,1,20480
43617,2022,23,1,1,7659
43619,2022,25,1,1,7454
43620,2022,163,1,1,5019
43623,2022,72,1,1,20320
43701,2022,223,0,4,55361
43713,2022,7,0,7.3,7227
43716,2022,1,0,10,1806
43718,2022,2,1,2,3049
43719,2022,16,1,2,2319
43720,2022,0,0,5,1304
43723,2022,8,0,4,4671
43724,2022,4,0,7.4,8865
43725,2022,90,0,4,19520
43727,2022,0,0,5,1517
43728,2022,1,0,9,1072
43730,2022,1,0,9.1,2277
43731,2022,10,0,9.2,5200
43732,2022,1,0,5,1648
43734,2022,1,0,5,1212
43739,2022,4,1,2,2380
43746,2022,3,0,5.2,1261
43747,2022,0,0,10,1229
43748,2022,3,0,9.1,2711
43749,2022,5,0,5,2308
43754,2022,0,0,10,1318
43755,2022,3,0,5,1732
43756,2022,23,0,7,4909
43758,2022,4,0,7,3000
43759,2022,0,1,2,235
43760,2022,3,1,2,1949
43762,2022,2,0,7.4,5346
43764,2022,21,0,7.4,8177
43766,2022,6,0,9.1,1492
43767,2022,0,0,7.4,1425
43768,2022,1,0,5,223
43771,2022,1,0,5,1796
43772,2022,0,0,5,1811
43773,2022,0,0,6,2964
43777,2022,16,0,5,4568
43778,2022,0,0,6,1428
43779,2022,0,0,6,888
43780,2022,2,0,5,2235
43782,2022,1,0,9.1,727
43783,2022,30,1,3,4743
43787,2022,4,0,9,2815
43788,2022,1,0,6,816
43793,2022,4,1,10,4829
43802,2022,2,0,5,1334
43804,2022,0,0,10,4045
43811,2022,2,0,5,763
43812,2022,54,0,4,18669
43821,2022,2,0,10.2,4557
43822,2022,8,0,5,4668
43824,2022,1,0,5,3991
43830,2022,10,0,5,6593
43832,2022,9,0,7.4,7341
43837,2022,0,0,5,1784
43840,2022,0,0,5,1279
43843,2022,0,0,6,1449
43844,2022,1,0,6,3778
43845,2022,9,0,5,4803
43901,2022,0,1,2,2082
43903,2022,0,1,2,1937
43906,2022,23,1,2,7952
43907,2022,7,0,7.4,5369
43908,2022,1,1,2,1321
43910,2022,4,1,2,3379
43912,2022,30,1,1,6060
43913,2022,7,1,1,1322
43915,2022,1,1,10.6,1383
43917,2022,4,1,2.1,2647
43920,2022,21,0,4,21662
43926,2022,2,1,1,247
43930,2022,3,1,2,681
43932,2022,0,1,2,970
43933,2022,2,1,2,1969
43935,2022,11,1,1,7968
43938,2022,27,1,1,5196
43939,2022,0,1,2.1,436
43940,2022,2,1,2,321
43942,2022,4,1,2,2271
43943,2022,0,1,2,3452
43944,2022,2,1,2,2328
43945,2022,3,0,6,2972
43946,2022,0,1,10.6,1836
43947,2022,3,1,1,5002
43948,2022,0,1,2.1,514
43950,2022,41,1,1,16212
43952,2022,241,1,1,17977
43953,2022,54,1,1,11637
43961,2022,0,1,1,234
43963,2022,6,1,1,1249
43964,2022,59,1,1,9098
43968,2022,7,0,4,6546
43971,2022,0,1,1,1033
43973,2022,0,0,5,1947
43976,2022,8,1,3,1543
43977,2022,5,1,2,2178
43983,2022,0,1,2,436
43986,2022,0,1,3,1728
43988,2022,2,0,6,2351
44001,2022,45,1,1,20837
44003,2022,19,0,10.5,4275
44004,2022,237,0,4.2,31661
44010,2022,8,1,2,1666
44011,2022,34,1,1,24847
44012,2022,24,1,1,25206
44017,2022,38,1,1,18611
44021,2022,9,1,7.1,6347
44022,2022,8,1,1,17150
44023,2022,17,1,1,19075
44024,2022,57,1,2,23795
44026,2022,13,1,1,10877
44028,2022,12,1,2,8931
44030,2022,49,0,4,15868
44032,2022,1,0,10.5,1505
44035,2022,451,1,1,61921
44039,2022,23,1,1,35630
44040,2022,4,1,2,3032
44041,2022,56,1,4.2,13910
44044,2022,27,1,1,14911
44045,2022,2,1,1,421
44046,2022,1,1,3,2187
44047,2022,33,0,7.2,9156
44048,2022,6,0,5,2178
44050,2022,1,1,2.1,6724
44052,2022,241,1,1,29249
44053,2022,95,1,1,20735
44054,2022,35,1,1,12484
44055,2022,176,1,1,19331
44056,2022,13,1,1,12156
44057,2022,49,1,1,19447
44060,2022,142,1,1,60360
44062,2022,13,1,7.1,15085
44064,2022,1,1,2,1618
44065,2022,9,1,2,4058
44067,2022,32,1,1,19995
44070,2022,50,1,1,32442
44072,2022,0,1,1,4583
44074,2022,12,0,1,11957
44076,2022,12,0,10.4,5313
44077,2022,324,1,1,58253
44081,2022,15,1,1,6930
44082,2022,0,0,5,1511
44084,2022,10,1,2,3707
44085,2022,0,1,2,3232
44086,2022,6,1,2,2221
44087,2022,38,1,1,22626
44089,2022,28,1,1,15899
44090,2022,16,0,7.1,11085
44092,2022,59,1,1,16786
44093,2022,4,0,10.5,1454
44094,2022,93,1,1,37634
44095,2022,101,1,1,32616
44099,2022,2,0,10.4,2528
44102,2022,375,1,1,43347
44103,2022,165,1,1,14469
44104,2022,202,1,1,20202
44105,2022,283,1,1,34100
44106,2022,96,1,1,26608
44107,2022,13,1,1,51109
44108,2022,129,1,1,20005
44109,2022,413,1,1,39121
44110,2022,94,1,1,17617
44111,2022,215,1,1,41045
44112,2022,119,1,1,18685
44113,2022,220,1,1,20291
44114,2022,157,1,1,7622
44115,2022,100,1,1,8985
44116,2022,0,1,1,21821
44117,2022,62,1,1,10533
44118,2022,54,1,1,40242
44119,2022,49,1,1,12134
44120,2022,96,1,1,34611
44121,2022,56,1,1,32887
44122,2022,49,1,1,36268
44123,2022,73,1,1,17620
44124,2022,50,1,1,40530
44125,2022,105,1,1,29663
44126,2022,42,1,1,17235
44127,2022,50,1,1,4179
44128,2022,111,1,1,28146
44129,2022,55,1,1,28803
44130,2022,164,1,1,50825
44131,2022,25,1,1,20664
44132,2022,41,1,1,14524
44133,2022,43,1,1,31373
44134,2022,67,1,1,38845
44135,2022,145,1,1,26684
44136,2022,55,1,1,25890
44137,2022,75,1,1,23759
44138,2022,22,1,1,23088
44139,2022,50,1,1,25331
44140,2022,9,1,1,16163
44141,2022,11,1,1,14130
44142,2022,123,1,1,18598
44143,2022,46,1,1,25339
44144,2022,71,1,1,21361
44145,2022,44,1,1,34228
44146,2022,79,1,1,29778
44147,2022,24,1,1,19872
44149,2022,25,1,1,20678
44201,2022,21,1,2.1,6658
44202,2022,16,1,1,22167
44203,2022,185,1,1,39577
44212,2022,12,1,1,45749
44214,2022,1,0,6,2149
44215,2022,5,1,4.1,2289
44216,2022,6,1,1,9443
44217,2022,4,1,3,4165
44221,2022,74,1,1,29601
44223,2022,29,1,1,18388
44224,2022,38,1,1,38709
44230,2022,14,1,1,8064
44231,2022,21,1,2,8398
44233,2022,18,1,2,8025
44234,2022,3,1,2,3763
44235,2022,0,1,3,1960
44236,2022,35,1,1,26216
44240,2022,73,1,1,38354
44241,2022,46,1,1,17659
44250,2022,5,1,1,1469
44251,2022,1,1,3,928
44253,2022,3,1,2,3438
44254,2022,2,1,5,4784
44255,2022,44,1,2,7558
44256,2022,54,1,4.1,64815
44260,2022,31,1,1,13152
44262,2022,8,1,1,5020
44264,2022,4,1,1,3370
44266,2022,102,1,1,32606
44270,2022,33,1,2,8384
44272,2022,9,1,2.1,5356
44273,2022,7,1,3,6900
44275,2022,1,1,3,3257
44276,2022,2,0,10.5,2023
44278,2022,32,1,1,18671
44280,2022,0,1,2,5343
44281,2022,27,1,1,33241
44286,2022,15,1,1,6258
44287,2022,15,0,6,7561
44288,2022,17,1,2,3444
44301,2022,85,1,1,14364
44302,2022,28,1,1,4661
44303,2022,51,1,1,7031
44304,2022,58,1,1,4185
44305,2022,140,1,1,21214
44306,2022,202,1,1,21085
44307,2022,67,1,1,6959
44308,2022,21,1,1,1037
44310,2022,148,1,1,24984
44311,2022,97,1,1,6993
44312,2022,126,1,1,30510
44313,2022,46,1,1,25678
44314,2022,195,1,1,17686
44319,2022,97,1,1,21833
44320,2022,93,1,1,19083
44321,2022,20,1,1,15993
44333,2022,28,1,1,19449
44401,2022,0,1,2,2648
44402,2022,14,1,2,2951
44403,2022,8,1,2,3690
44404,2022,1,1,2,1300
44405,2022,21,1,1,7837
44406,2022,40,1,1,22740
44408,2022,16,0,3,10526
44410,2022,37,1,1,16824
44411,2022,0,1,2.1,2319
44412,2022,2,1,2.1,2472
44413,2022,15,1,9.1,7186
44417,2022,3,1,2,1539
44418,2022,3,1,2,1224
44420,2022,68,1,1,15033
44423,2022,0,0,10.6,2234
44425,2022,25,1,1,14280
44427,2022,0,1,10.1,1555
44428,2022,4,1,2,3115
44429,2022,9,1,2.1,2437
44430,2022,11,1,1,4723
44431,2022,6,0,3,4629
44432,2022,24,0,9.1,12276
44436,2022,5,1,2,3382
44437,2022,2,1,1,4073
44438,2022,9,1,1,4762
44440,2022,11,1,1,4648
44441,2022,0,0,6,1558
44442,2022,11,1,1,4095
44443,2022,0,1,1,1742
44444,2022,38,1,1,10042
44445,2022,2,1,3,3160
44446,2022,123,1,1,20173
44449,2022,0,0,2.1,1230
44450,2022,2,1,2,1824
44451,2022,8,1,2,3199
44452,2022,13,1,2,3114
44454,2022,0,1,1,935
44455,2022,7,0,9.1,1558
44460,2022,26,0,4.2,25393
44470,2022,6,1,2,3681
44471,2022,23,1,1,10445
44473,2022,9,1,2,3719
44481,2022,30,1,2,10258
44483,2022,109,1,1,24840
44484,2022,102,1,1,22290
44485,2022,121,1,1,15172
44490,2022,0,0,3,721
44491,2022,0,1,9.1,3950
44502,2022,130,1,1,9300
44503,2022,31,1,1,1922
44504,2022,32,1,1,4577
44505,2022,156,1,1,17048
44506,2022,12,1,1,2109
44507,2022,108,1,1,4598
44509,2022,119,1,1,10934
44510,2022,13,1,1,2034
44511,2022,103,1,1,18738
44512,2022,123,1,1,33282
44514,2022,31,1,1,22599
44515,2022,107,1,1,27480
44601,2022,42,0,4.2,33688
44606,2022,8,0,5,8218
44608,2022,3,1,2,2646
44609,2022,2,0,4.2,3592
44611,2022,0,0,6,2133
44612,2022,1,1,2,5443
44613,2022,4,1,2,1998
44614,2022,14,1,1,12922
44615,2022,0,0,7.1,10557
44618,2022,7,0,10.4,7159
44620,2022,2,1,2,1428
44621,2022,1,0,4,4606
44622,2022,27,0,4,18921
44624,2022,1,0,10,5843
44625,2022,1,1,10.6,1322
44626,2022,6,1,2,2996
44627,2022,0,0,10.5,7692
44628,2022,0,0,9,1119
44629,2022,0,0,5,2126
44632,2022,3,1,1,10047
44633,2022,0,0,10.6,2565
44634,2022,3,0,5,1995
44637,2022,2,0,9,2437
44638,2022,0,0,6,1555
44641,2022,19,1,1,20399
44643,2022,3,1,2,3218
44644,2022,1,1,2,4378
44645,2022,0,1,2,2670
44646,2022,56,1,1,47973
44647,2022,13,1,1,18368
44651,2022,0,1,3,765
44652,2022,0,1,1,542
44653,2022,1,0,4,632
44654,2022,9,0,10.5,20612
44656,2022,8,0,5.2,2618
44657,2022,17,0,7.1,9916
44662,2022,6,1,2,9562
44663,2022,77,0,4,25601
44666,2022,1,1,2.1,2935
44667,2022,9,0,7.4,13723
44669,2022,2,1,2,1454
44672,2022,9,0,4.2,4589
44675,2022,3,0,2,1890
44676,2022,1,0,5,4771
44677,2022,4,0,4,2805
44680,2022,2,0,4,4255
44681,2022,2,0,10.5,8053
44682,2022,2,0,5,1041
44683,2022,39,0,4,8313
44685,2022,55,1,1,29008
44688,2022,2,1,2,2958
44689,2022,2,0,10,586
44691,2022,174,0,4,44666
44695,2022,1,0,6,1222
44697,2022,1,1,2,260
44699,2022,6,0,5,909
44702,2022,32,1,1,1086
44703,2022,57,1,1,8015
44704,2022,24,1,1,3723
44705,2022,79,1,1,17779
44706,2022,54,1,1,16972
44707,2022,48,1,1,9163
44708,2022,70,1,1,25386
44709,2022,44,1,1,18509
44710,2022,46,1,1,9309
44714,2022,36,1,1,8923
44718,2022,16,1,1,12607
44720,2022,75,1,1,40744
44721,2022,6,1,1,13432
44730,2022,8,1,1,5925
44802,2022,0,0,6,948
44804,2022,1,0,4,1127
44805,2022,35,0,4,31238
44807,2022,1,0,6,2264
44811,2022,50,0,7.3,12698
44813,2022,6,1,2,8039
44814,2022,8,1,2,2750
44815,2022,3,0,6,679
44817,2022,0,0,6,1370
44818,2022,4,0,6,2399
44820,2022,42,0,4,17114
44822,2022,1,1,2,3431
44824,2022,3,0,1,3882
44826,2022,0,0,6.1,1617
44827,2022,22,0,4.2,6973
44830,2022,56,0,4,18442
44833,2022,6,0,4.2,16786
44836,2022,7,0,6,2538
44837,2022,8,0,6,4330
44838,2022,0,0,4,258
44839,2022,12,0,1,12472
44840,2022,3,0,5,3137
44841,2022,0,0,6,821
44842,2022,10,0,7,5643
44843,2022,3,1,2,2469
44844,2022,0,0,8,718
44846,2022,7,0,2,3322
44847,2022,4,0,4.2,3488
44849,2022,0,0,8.4,2162
44851,2022,25,0,10.5,5303
44853,2022,1,0,6,1447
44854,2022,1,0,10.5,1673
44855,2022,0,0,5,1289
44857,2022,47,0,4.2,23619
44859,2022,0,0,5,1784
44864,2022,4,0,6,3182
44865,2022,2,0,3,3164
44866,2022,10,1,6,2372
44867,2022,7,0,5,2280
44870,2022,176,0,1,40416
44875,2022,17,1,4.1,13900
44878,2022,6,1,2,3223
44880,2022,2,1,6,2914
44882,2022,0,0,8,2617
44883,2022,66,0,4,28690
44887,2022,0,0,10.5,958
44889,2022,20,1,2,6702
44890,2022,67,0,4,10759
44902,2022,99,1,1,4891
44903,2022,165,1,1,25613
44904,2022,16,1,1,14368
44905,2022,63,1,1,16827
44906,2022,78,1,1,16566
44907,2022,72,1,1,15014
45001,2022,13,1,1,927
45002,2022,40,1,1,15458
45003,2022,4,0,6,818
45005,2022,54,1,1,31577
45011,2022,343,1,1,73596
45013,2022,160,1,1,53911
45014,2022,120,1,1,46169
45015,2022,55,1,1,12103
45030,2022,48,1,1,21234
45033,2022,3,1,1,323
45034,2022,0,1,1,1166
45036,2022,69,1,2,41060
45039,2022,17,1,1,27529
45040,2022,41,1,1,57153
45042,2022,130,1,1,26972
45044,2022,202,1,1,56128
45050,2022,12,1,1,12173
45052,2022,12,1,1,3830
45053,2022,2,1,2,3375
45054,2022,2,1,2,2499
45056,2022,35,0,4.2,28892
45062,2022,2,1,1,775
45064,2022,0,1,2,3112
45065,2022,11,1,1,6725
45066,2022,19,1,1,26399
45067,2022,29,1,1,15004
45068,2022,13,1,2,11911
45069,2022,52,1,1,53694
45101,2022,19,0,4,2125
45102,2022,65,1,1,24954
45103,2022,79,1,1,35237
45106,2022,35,1,2,11855
45107,2022,22,1,2,9806
45111,2022,0,1,1,384
45113,2022,22,0,5.2,3974
45118,2022,6,1,2,3716
45120,2022,9,1,2,3138
45121,2022,34,1,7.1,8927
45122,2022,21,1,2,10757
45123,2022,55,0,7.4,8776
45130,2022,8,1,2,3585
45133,2022,50,0,8,23646
45135,2022,7,0,6,4765
45140,2022,47,1,1,56386
45142,2022,10,0,6,4384
45144,2022,62,0,10.4,3912
45146,2022,2,0,5.2,1400
45148,2022,2,0,5.2,1539
45150,2022,56,1,1,33735
45152,2022,18,1,2,13617
45153,2022,11,1,2,1826
45154,2022,20,1,2,9439
45157,2022,47,1,1,9705
45159,2022,10,0,5,3524
45160,2022,4,1,2,627
45162,2022,6,1,2,2730
45164,2022,0,0,4,233
45167,2022,15,0,10.4,3441
45168,2022,1,1,2,1345
45169,2022,6,0,5,4686
45171,2022,13,1,2,6174
45174,2022,0,1,1,2359
45176,2022,22,1,2,9100
45177,2022,84,0,4,22349
45202,2022,341,1,1,16883
45203,2022,23,1,1,2365
45204,2022,49,1,1,5818
45205,2022,137,1,1,19517
45206,2022,71,1,1,10670
45207,2022,18,1,1,7484
45208,2022,22,1,1,18969
45209,2022,34,1,1,10708
45211,2022,155,1,1,37868
45212,2022,105,1,1,21885
45213,2022,24,1,1,12052
45214,2022,105,1,1,8901
45215,2022,80,1,1,30993
45216,2022,46,1,1,9667
45217,2022,19,1,1,6177
45218,2022,4,1,1,3957
45219,2022,82,1,1,20644
45220,2022,42,1,1,15466
45223,2022,52,1,1,13174
45224,2022,44,1,1,20214
45225,2022,149,1,1,8006
45226,2022,25,1,1,5687
45227,2022,50,1,1,18427
45229,2022,105,1,1,12540
45230,2022,45,1,1,27718
45231,2022,94,1,1,41934
45232,2022,34,1,1,7109
45233,2022,13,1,1,15596
45236,2022,27,1,1,24223
45237,2022,84,1,1,21029
45238,2022,107,1,1,46864
45239,2022,93,1,1,28499
45240,2022,12,1,1,28820
45241,2022,47,1,1,24380
45242,2022,26,1,1,23214
45243,2022,11,1,1,15894
45244,2022,20,1,1,28936
45245,2022,98,1,1,20249
45246,2022,53,1,1,15249
45247,2022,35,1,1,23293
45248,2022,36,1,1,25181
45249,2022,15,1,1,14005
45251,2022,64,1,1,22073
45252,2022,10,1,1,4548
45255,2022,41,1,1,22069
45301,2022,0,1,1,135
45302,2022,5,0,6,4313
45303,2022,5,0,5,2215
45304,2022,6,1,2,7532
45305,2022,18,1,1,11470
45306,2022,0,0,6,2192
45308,2022,6,1,3,4488
45309,2022,20,1,2,12050
45310,2022,0,0,10.5,272
45311,2022,8,1,9.1,5723
45312,2022,0,1,2,1416
45314,2022,0,0,7.1,6261
45315,2022,0,1,1,4818
45317,2022,0,1,2,1018
45318,2022,21,1,2,5438
45319,2022,0,1,2,287
45320,2022,35,0,7.3,15530
45321,2022,3,0,3,859
45322,2022,6,1,1,21185
45323,2022,7,1,1,5123
45324,2022,75,1,1,40449
45325,2022,3,1,2,2558
45326,2022,1,1,2,1170
45327,2022,7,1,1,9388
45328,2022,2,1,3,471
45331,2022,75,0,4.2,22213
45332,2022,5,0,5,634
45333,2022,0,0,5,1389
45334,2022,2,0,6,2041
45335,2022,17,1,2,7062
45337,2022,1,1,2,1519
45338,2022,10,1,2,4950
45339,2022,9,1,2,1169
45340,2022,0,0,6,850
45341,2022,9,1,1,3741
45342,2022,149,1,1,37508
45344,2022,25,1,2,17042
45345,2022,32,1,2,5951
45346,2022,2,0,5,2085
45347,2022,3,0,5.2,4264
45348,2022,1,0,10.5,968
45349,2022,0,1,1,313
45351,2022,0,0,10.5,284
45352,2022,0,0,4.2,183
45354,2022,3,1,2,572
45356,2022,4,0,4.2,25106
45358,2022,0,1,2,361
45359,2022,3,1,2,1996
45360,2022,0,0,4,300
45362,2022,0,0,10.5,1086
45363,2022,1,0,5,1853
45365,2022,109,0,4,29277
45368,2022,8,1,2,4817
45369,2022,4,1,2,3576
45370,2022,9,1,2,2379
45371,2022,20,1,1,23205
45372,2022,0,1,1,352
45373,2022,75,1,1,36863
45377,2022,21,1,1,15070
45378,2022,0,1,2,402
45380,2022,3,0,7.4,5573
45381,2022,8,1,2,5424
45382,2022,0,0,3,1179
45383,2022,14,1,1,6885
45384,2022,0,1,1,2258
45385,2022,113,1,1,39446
45387,2022,6,1,2,5326
45388,2022,0,0,10.5,878
45389,2022,0,0,2,503
45390,2022,15,0,7.4,3269
45402,2022,264,1,1,10735
45403,2022,185,1,1,15130
45404,2022,125,1,1,10730
45405,2022,252,1,1,18124
45406,2022,183,1,1,20622
45409,2022,23,1,1,12392
45410,2022,219,1,1,15758
45414,2022,161,1,1,20693
45415,2022,8,1,1,12811
45416,2022,10,1,1,5612
45417,2022,290,1,1,28079
45419,2022,19,1,1,16236
45420,2022,132,1,1,25045
45424,2022,159,1,1,50920
45426,2022,82,1,1,14391
45429,2022,40,1,1,26514
45430,2022,4,1,1,7637
45431,2022,38,1,1,26660
45432,2022,20,1,1,15105
45433,2022,0,1,1,1567
45434,2022,11,1,1,12628
45439,2022,96,1,1,11726
45440,2022,34,1,1,22676
45449,2022,59,1,1,18976
45458,2022,25,1,1,36474
45459,2022,26,1,1,28344
45502,2022,46,1,1,16767
45503,2022,135,1,1,32870
45504,2022,76,1,1,17343
45505,2022,226,1,1,19708
45506,2022,102,1,1,13330
45601,2022,371,0,4,56849
45612,2022,18,0,5,5059
45613,2022,8,0,8,3542
45614,2022,12,0,5,4800
45616,2022,2,0,9,1187
45619,2022,21,1,1,7348
45620,2022,0,0,5,875
45621,2022,3,0,7,403
45622,2022,0,0,10.5,485
45623,2022,4,0,5,3235
45628,2022,7,0,5,5429
45629,2022,7,1,5.2,3220
45630,2022,0,0,5,222
45631,2022,50,0,5,14200
45634,2022,13,0,10,1893
45638,2022,109,1,1,20114
45640,2022,48,0,7,15896
45644,2022,6,0,5.2,4316
45645,2022,9,1,2,2750
45646,2022,4,0,8,363
45647,2022,3,0,5,2410
45648,2022,19,0,5,11211
45650,2022,0,0,9,348
45651,2022,18,0,10,5691
45652,2022,11,0,5,3131
45653,2022,9,0,5,3907
45654,2022,2,0,10.5,833
45656,2022,18,0,9,6532
45657,2022,4,0,5,2504
45658,2022,4,0,5,2538
45659,2022,6,1,2,2623
45660,2022,30,0,10.4,8011
45661,2022,37,0,8,7014
45662,2022,132,0,4,27718
45663,2022,12,0,5,6343
45669,2022,38,1,1,10223
45671,2022,0,0,5,391
45672,2022,5,0,9.2,1679
45673,2022,0,0,5,398
45674,2022,0,0,5,686
45678,2022,0,1,2,1140
45679,2022,19,1,10.4,3097
45680,2022,76,1,1,12326
45681,2022,6,0,6,1589
45682,2022,1,0,5,1998
45684,2022,8,0,5,1838
45685,2022,4,0,5,1040
45686,2022,4,0,6,3379
45690,2022,29,0,7.4,13527
45692,2022,59,0,7,8460
45693,2022,79,0,7.3,8797
45694,2022,18,0,4,11783
45695,2022,2,0,10.5,587
45696,2022,2,1,2,1253
45697,2022,9,1,8.1,4828
45701,2022,53,0,4,33705
45710,2022,10,0,5,5547
45711,2022,0,0,5,1065
45714,2022,4,1,1,10149
45715,2022,11,0,2,2412
45716,2022,0,0,7.4,490
45719,2022,0,0,4,964
45723,2022,3,1,2,3552
45724,2022,1,1,2,1785
45727,2022,0,0,8.3,478
45729,2022,0,1,2,1460
45732,2022,32,0,5,4524
45734,2022,0,0,10,409
45735,2022,0,0,5,1619
45740,2022,0,0,5,406
45742,2022,1,1,2,3018
45743,2022,5,1,3,1383
45744,2022,4,0,2,2656
45745,2022,0,0,2,1104
45746,2022,1,0,2,348
45750,2022,67,0,1,26327
45760,2022,10,0,7.4,3309
45761,2022,7,0,4,1558
45764,2022,48,0,7.4,7859
45766,2022,0,0,5,1313
45767,2022,6,0,2,2314
45768,2022,1,0,2,1599
45769,2022,25,0,9.2,5952
45770,2022,2,0,10.6,567
45771,2022,11,0,10.6,3408
45772,2022,2,1,3,1697
45773,2022,0,0,2,305
45775,2022,2,0,6,1361
45776,2022,8,0,9.2,730
45778,2022,0,0,5,834
45779,2022,5,0,10.6,780
45780,2022,13,0,4,3328
45782,2022,0,0,5,313
45784,2022,0,1,2,3313
45786,2022,3,0,10.1,3160
45788,2022,0,0,2,961
45801,2022,84,1,1,22819
45804,2022,58,1,1,14573
45805,2022,38,1,1,22740
45806,2022,13,1,1,11238
45807,2022,12,1,1,11856
45808,2022,2,1,1,282
45810,2022,3,0,7.3,7840
45812,2022,6,1,9,1835
45813,2022,1,1,10.4,3579
45814,2022,2,0,5,2646
45817,2022,6,0,7.3,6420
45819,2022,0,0,4.2,233
45820,2022,0,1,1,517
45821,2022,0,1,10.4,1252
45822,2022,47,0,4,19945
45826,2022,0,0,4,358
45827,2022,0,0,9,2223
45828,2022,0,0,4,6495
45830,2022,10,0,3,5797
45831,2022,3,0,9,3023
45832,2022,0,0,5,2854
45833,2022,10,0,7.1,10682
45835,2022,0,0,9,487
45836,2022,0,0,9,1332
45840,2022,148,0,4,54901
45841,2022,0,0,5,936
45843,2022,5,0,9,3768
45844,2022,3,0,10.4,3251
45845,2022,0,0,6,3270
45846,2022,1,0,10.5,4461
45849,2022,1,0,10.5,1154
45850,2022,2,1,2,3617
45851,2022,0,0,10.4,676
45853,2022,1,0,10.4,1451
45854,2022,0,1,1,461
45856,2022,2,0,10.6,5094
45858,2022,1,0,5,3038
45859,2022,3,1,9,461
45860,2022,0,0,10.5,2444
45861,2022,0,0,10.5,223
45862,2022,4,0,10.5,1408
45863,2022,1,0,5,1135
45865,2022,3,0,7,5251
45867,2022,0,0,5,1138
45868,2022,0,0,5,705
45869,2022,1,0,7,4567
45870,2022,0,1,4.2,116
45871,2022,0,0,10,2019
45872,2022,15,0,9.2,4120
45873,2022,0,0,10.5,2235
45874,2022,1,0,5,2079
45875,2022,6,0,7.3,11273
45876,2022,0,0,10.4,958
45877,2022,2,0,10.6,2239
45879,2022,0,0,7,5963
45880,2022,0,0,10.4,2390
45881,2022,0,0,5,1485
45882,2022,1,0,10.5,3005
45883,2022,1,0,10.5,4026
45885,2022,18,0,7,12863
45886,2022,0,0,5,459
45887,2022,0,1,2,4688
45888,2022,0,1,4.2,188
45889,2022,2,0,5,1481
45890,2022,0,0,5,653
45891,2022,49,0,4,15633
45894,2022,0,0,5,649
45895,2022,14,0,4.2,17974
45896,2022,3,1,2,1990
45898,2022,0,0,5,1251
43001,2023,3,1,2,2705
43002,2023,5,1,1,2026
43003,2023,7,1,2,2776
43004,2023,30,1,1,29982
43006,2023,0,0,9,715
43008,2023,11,1,1,2378
43009,2023,1,0,6,2083
43010,2023,0,1,6.1,245
43011,2023,11,1,2,7559
43013,2023,3,1,2,1220
43014,2023,4,0,5,3850
43015,2023,73,1,2,57563
43016,2023,37,1,1,44517
43017,2023,55,1,1,43619
43019,2023,14,0,5,9419
43021,2023,5,1,2,14622
43022,2023,4,0,4,4120
43023,2023,9,1,1,14462
43025,2023,7,1,1,5541
43026,2023,58,1,1,64607
43028,2023,2,0,5,7781
43029,2023,0,1,2,629
43030,2023,3,1,2,344
43031,2023,12,1,2,13189
43033,2023,3,1,2,352
43035,2023,17,1,1,33032
43036,2023,2,1,2,267
43040,2023,45,1,2,35853
43044,2023,5,1,6.1,5352
43045,2023,2,1,2,1928
43046,2023,7,1,1,3195
43050,2023,49,1,4,29594
43054,2023,18,1,1,27781
43055,2023,167,1,1,62590
43056,2023,21,1,1,17479
43060,2023,3,0,6,2667
43061,2023,2,1,2,4593
43062,2023,29,1,2,32125
43064,2023,16,1,2,17301
43065,2023,15,1,1,44829
43066,2023,1,1,2,1264
43067,2023,0,0,2,1410
43068,2023,84,1,1,59585
43071,2023,2,1,2.1,2442
43072,2023,0,0,3,5504
43074,2023,21,1,2,15288
43076,2023,17,1,2,9145
43078,2023,9,1,4.2,20067
43080,2023,11,1,2.1,5321
43081,2023,79,1,1,64338
43082,2023,33,1,1,32459
43084,2023,4,0,6,844
43085,2023,45,1,1,25566
43101,2023,0,0,3,322
43102,2023,2,1,2,4610
43103,2023,13,1,2,12282
43105,2023,9,1,2,8458
43106,2023,1,1,5.2,1590
43107,2023,4,0,5.2,3232
43110,2023,42,1,1,40953
43112,2023,6,1,2,5052
43113,2023,72,0,4.2,24165
43115,2023,1,0,5,1260
43116,2023,5,1,2,2732
43119,2023,36,1,1,30072
43123,2023,108,1,1,66188
43125,2023,15,1,1,14295
43126,2023,0,1,2,322
43128,2023,5,0,6,2267
43130,2023,119,0,4.2,62010
43135,2023,6,1,3,4267
43136,2023,0,1,1,1977
43137,2023,6,1,1,2684
43138,2023,60,0,7.4,18445
43140,2023,60,0,7.1,24030
43143,2023,13,1,2,5935
43144,2023,0,0,5,373
43145,2023,8,1,3,1920
43146,2023,12,1,2,12627
43147,2023,28,1,1,45281
43148,2023,3,1,2,2431
43149,2023,0,0,3,2335
43150,2023,3,0,5.2,2302
43152,2023,3,0,8.3,969
43153,2023,4,0,9.1,861
43154,2023,0,1,2,3014
43155,2023,0,0,5.2,2531
43157,2023,1,1,2,599
43160,2023,81,0,4,22117
43162,2023,16,1,2,6945
43164,2023,6,1,3,2216
43201,2023,104,1,1,37528
43202,2023,44,1,1,20427
43203,2023,115,1,1,8726
43204,2023,313,1,1,42315
43205,2023,98,1,1,12044
43206,2023,158,1,1,21594
43207,2023,282,1,1,46853
43209,2023,52,1,1,27727
43210,2023,4,1,1,14126
43211,2023,238,1,1,23160
43212,2023,23,1,1,24171
43213,2023,123,1,1,35105
43214,2023,23,1,1,26805
43215,2023,131,1,1,20761
43217,2023,1,1,1,2408
43219,2023,102,1,1,30457
43220,2023,18,1,1,27736
43221,2023,21,1,1,33844
43222,2023,102,1,1,4124
43223,2023,319,1,1,27951
43224,2023,267,1,1,43544
43227,2023,98,1,1,25041
43228,2023,285,1,1,58465
43229,2023,174,1,1,54310
43230,2023,56,1,1,58372
43231,2023,28,1,1,22126
43232,2023,181,1,1,44823
43235,2023,45,1,1,45561
43240,2023,8,1,1,7661
43302,2023,208,0,4,54094
43310,2023,5,0,6,3185
43311,2023,29,0,4,20029
43314,2023,4,0,5,3096
43315,2023,12,1,3,7090
43316,2023,10,0,7.4,5931
43318,2023,4,0,10.5,3609
43319,2023,1,0,6,1062
43320,2023,0,0,9.1,1440
43321,2023,2,1,3,250
43322,2023,0,0,4,310
43323,2023,0,0,8.4,609
43324,2023,2,0,6,2753
43326,2023,30,0,7,13328
43331,2023,22,0,9.2,4428
43332,2023,5,0,5,2136
43333,2023,0,0,10.5,826
43334,2023,3,1,2,6721
43337,2023,1,0,4,1001
43338,2023,23,0,7.3,10423
43340,2023,0,0,8,1754
43341,2023,0,0,5,911
43342,2023,4,0,5.2,3256
43343,2023,2,0,10.5,1233
43344,2023,6,0,10,5702
43345,2023,0,0,8,874
43347,2023,1,0,6,1492
43348,2023,5,0,9.2,1880
43351,2023,14,0,7,10144
43356,2023,3,0,5.2,1161
43357,2023,3,0,6,4848
43358,2023,0,0,6,2587
43359,2023,0,0,8.4,720
43360,2023,2,0,6,1590
43402,2023,43,0,4.2,31459
43406,2023,4,0,3,1740
43407,2023,0,0,5,631
43408,2023,3,1,2,251
43410,2023,25,0,7.4,10219
43412,2023,9,1,2,4033
43413,2023,1,0,6,1430
43416,2023,5,1,2,2769
43420,2023,109,0,4,29332
43430,2023,6,1,2,4631
43431,2023,10,0,10.5,4500
43432,2023,1,1,2,1354
43435,2023,2,0,5,1484
43437,2023,1,0,6,447
43438,2023,4,0,1,256
43440,2023,5,0,6,4665
43442,2023,0,0,5.2,1015
43443,2023,0,1,2,1856
43445,2023,2,1,2,1188
43447,2023,12,1,1,3343
43449,2023,7,0,6,8057
43450,2023,8,1,2,3454
43451,2023,1,0,5.2,1126
43452,2023,28,0,4,13443
43456,2023,4,0,10,678
43457,2023,3,0,3,1443
43458,2023,0,1,6,312
43460,2023,12,1,1,6230
43462,2023,1,0,5.2,1096
43463,2023,0,1,1,253
43464,2023,2,0,3,1336
43465,2023,17,1,1,5599
43466,2023,3,0,3,2141
43468,2023,2,1,2,565
43469,2023,4,1,2,3014
43501,2023,0,0,10.6,844
43502,2023,2,0,7,7064
43504,2023,1,1,2,1110
43506,2023,5,0,7,15010
43511,2023,0,0,5.2,856
43512,2023,47,0,4,28208
43515,2023,3,1,2,8174
43516,2023,1,0,10.6,2776
43517,2023,0,0,10.6,3494
43518,2023,0,0,10.6,2572
43521,2023,5,0,8,2693
43522,2023,6,1,2,3249
43524,2023,0,0,10.6,1239
43525,2023,0,1,2,1191
43526,2023,0,0,7.3,5995
43527,2023,2,0,8.4,2152
43528,2023,61,1,1,16746
43529,2023,0,0,10.6,220
43532,2023,0,1,9.1,3775
43533,2023,1,1,9.1,1509
43534,2023,9,0,8,1662
43535,2023,0,0,8,721
43537,2023,58,1,1,29075
43540,2023,0,1,2,1459
43542,2023,12,1,1,4443
43543,2023,2,0,7,7364
43545,2023,11,0,7,13954
43547,2023,0,1,2,370
43548,2023,0,0,8.4,721
43549,2023,0,0,9.2,1359
43551,2023,60,1,1,43235
43554,2023,0,0,10.6,2413
43556,2023,1,0,6,1762
43557,2023,0,0,9,3161
43558,2023,29,1,2,13088
43560,2023,45,1,1,34204
43565,2023,0,0,4.2,349
43566,2023,11,1,1,8371
43567,2023,30,0,7,13240
43569,2023,4,0,5.2,2628
43570,2023,0,0,10.6,3152
43571,2023,2,1,2,7753
43604,2023,302,1,1,9248
43605,2023,475,1,1,25007
43606,2023,177,1,1,25671
43607,2023,212,1,1,20494
43608,2023,305,1,1,12948
43609,2023,291,1,1,20519
43610,2023,44,1,1,4159
43611,2023,105,1,1,18505
43612,2023,291,1,1,29718
43613,2023,257,1,1,32116
43614,2023,132,1,1,29866
43615,2023,249,1,1,39449
43616,2023,42,1,1,20480
43617,2023,33,1,1,7659
43619,2023,14,1,1,7454
43620,2023,87,1,1,5019
43623,2023,87,1,1,20320
43701,2023,141,0,4,55361
43713,2023,14,0,7.3,7227
43716,2023,0,0,10,1806
43718,2023,1,1,2,3049
43719,2023,8,1,2,2319
43720,2023,0,0,5,1304
43723,2023,6,0,4,4671
43724,2023,23,0,7.4,8865
43725,2023,47,0,4,19520
43727,2023,0,0,5,1517
43728,2023,0,0,9,1072
43730,2023,7,0,9.1,2277
43731,2023,21,0,9.2,5200
43732,2023,2,0,5,1648
43734,2023,0,0,5,1212
43739,2023,0,1,2,2380
43746,2023,1,0,5.2,1261
43747,2023,0,0,10,1229
43748,2023,6,0,9.1,2711
43749,2023,4,0,5,2308
43754,2023,0,0,10,1318
43755,2023,1,0,5,1732
43756,2023,14,0,7,4909
43758,2023,6,0,7,3000
43759,2023,0,1,2,235
43760,2023,5,1,2,1949
43762,2023,2,0,7.4,5346
43764,2023,38,0,7.4,8177
43766,2023,8,0,9.1,1492
43767,2023,1,0,7.4,1425
43768,2023,0,0,5,223
43771,2023,2,0,5,1796
43772,2023,0,0,5,1811
43773,2023,3,0,6,2964
43777,2023,7,0,5,4568
43778,2023,1,0,6,1428
43779,2023,0,0,6,888
43780,2023,3,0,5,2235
43782,2023,4,0,9.1,727
43783,2023,29,1,3,4743
43787,2023,3,0,9,2815
43788,2023,0,0,6,816
43793,2023,0,1,10,4829
43802,2023,0,0,5,1334
43804,2023,0,0,10,4045
43811,2023,0,0,5,763
43812,2023,33,0,4,18669
43821,2023,3,0,10.2,4557
43822,2023,4,0,5,4668
43824,2023,0,0,5,3991
43830,2023,6,0,5,6593
43832,2023,11,0,7.4,7341
43837,2023,0,0,5,1784
43840,2023,0,0,5,1279
43843,2023,0,0,6,1449
43844,2023,3,0,6,3778
43845,2023,6,0,5,4803
43901,2023,0,1,2,2082
43903,2023,1,1,2,1937
43906,2023,22,1,2,7952
43907,2023,14,0,7.4,5369
43908,2023,0,1,2,1321
43910,2023,0,1,2,3379
43912,2023,5,1,1,6060
43913,2023,7,1,1,1322
43915,2023,0,1,10.6,1383
43917,2023,2,1,2.1,2647
43920,2023,61,0,4,21662
43926,2023,6,1,1,247
43930,2023,0,1,2,681
43932,2023,0,1,2,970
43933,2023,0,1,2,1969
43935,2023,22,1,1,7968
43938,2023,22,1,1,5196
43939,2023,1,1,2.1,436
43940,2023,2,1,2,321
43942,2023,3,1,2,2271
43943,2023,4,1,2,3452
43944,2023,8,1,2,2328
43945,2023,2,0,6,2972
43946,2023,0,1,10.6,1836
43947,2023,1,1,1,5002
43948,2023,1,1,2.1,514
43950,2023,27,1,1,16212
43952,2023,191,1,1,17977
43953,2023,39,1,1,11637
43961,2023,0,1,1,234
43963,2023,3,1,1,1249
43964,2023,20,1,1,9098
43968,2023,13,0,4,6546
43971,2023,7,1,1,1033
43973,2023,1,0,5,1947
43976,2023,3,1,3,1543
43977,2023,5,1,2,2178
43983,2023,0,1,2,436
43986,2023,3,1,3,1728
43988,2023,1,0,6,2351
44001,2023,22,1,1,20837
44003,2023,16,0,10.5,4275
44004,2023,186,0,4.2,31661
44010,2023,7,1,2,1666
44011,2023,37,1,1,24847
44012,2023,6,1,1,25206
44017,2023,32,1,1,18611
44021,2023,3,1,7.1,6347
44022,2023,10,1,1,17150
44023,2023,23,1,1,19075
44024,2023,20,1,2,23795
44026,2023,3,1,1,10877
44028,2023,6,1,2,8931
44030,2023,54,0,4,15868
44032,2023,0,0,10.5,1505
44035,2023,229,1,1,61921
44039,2023,46,1,1,35630
44040,2023,3,1,2,3032
44041,2023,63,1,4.2,13910
44044,2023,17,1,1,14911
44045,2023,0,1,1,421
44046,2023,1,1,3,2187
44047,2023,26,0,7.2,9156
44048,2023,4,0,5,2178
44050,2023,17,1,2.1,6724
44052,2023,157,1,1,29249
44053,2023,58,1,1,20735
44054,2023,34,1,1,12484
44055,2023,91,1,1,19331
44056,2023,5,1,1,12156
44057,2023,26,1,1,19447
44060,2023,108,1,1,60360
44062,2023,9,1,7.1,15085
44064,2023,1,1,2,1618
44065,2023,4,1,2,4058
44067,2023,13,1,1,19995
44070,2023,42,1,1,32442
44072,2023,0,1,1,4583
44074,2023,21,0,1,11957
44076,2023,2,0,10.4,5313
44077,2023,208,1,1,58253
44081,2023,7,1,1,6930
44082,2023,2,0,5,1511
44084,2023,7,1,2,3707
44085,2023,7,1,2,3232
44086,2023,8,1,2,2221
44087,2023,33,1,1,22626
44089,2023,17,1,1,15899
44090,2023,12,0,7.1,11085
44092,2023,35,1,1,16786
44093,2023,3,0,10.5,1454
44094,2023,106,1,1,37634
44095,2023,75,1,1,32616
44099,2023,4,0,10.4,2528
44102,2023,321,1,1,43347
44103,2023,159,1,1,14469
44104,2023,136,1,1,20202
44105,2023,170,1,1,34100
44106,2023,93,1,1,26608
44107,2023,63,1,1,51109
44108,2023,62,1,1,20005
44109,2023,305,1,1,39121
44110,2023,118,1,1,17617
44111,2023,211,1,1,41045
44112,2023,109,1,1,18685
44113,2023,236,1,1,20291
44114,2023,178,1,1,7622
44115,2023,99,1,1,8985
44116,2023,0,1,1,21821
44117,2023,55,1,1,10533
44118,2023,37,1,1,40242
44119,2023,55,1,1,12134
44120,2023,112,1,1,34611
44121,2023,22,1,1,32887
44122,2023,40,1,1,36268
44123,2023,70,1,1,17620
44124,2023,29,1,1,40530
44125,2023,73,1,1,29663
44126,2023,43,1,1,17235
44127,2023,46,1,1,4179
44128,2023,83,1,1,28146
44129,2023,54,1,1,28803
44130,2023,127,1,1,50825
44131,2023,29,1,1,20664
44132,2023,30,1,1,14524
44133,2023,54,1,1,31373
44134,2023,59,1,1,38845
44135,2023,141,1,1,26684
44136,2023,43,1,1,25890
44137,2023,68,1,1,23759
44138,2023,16,1,1,23088
44139,2023,19,1,1,25331
44140,2023,6,1,1,16163
44141,2023,10,1,1,14130
44142,2023,80,1,1,18598
44143,2023,41,1,1,25339
44144,2023,72,1,1,21361
44145,2023,38,1,1,34228
44146,2023,67,1,1,29778
44147,2023,16,1,1,19872
44149,2023,14,1,1,20678
44201,2023,29,1,2.1,6658
44202,2023,17,1,1,22167
44203,2023,160,1,1,39577
44212,2023,24,1,1,45749
44214,2023,3,0,6,2149
44215,2023,8,1,4.1,2289
44216,2023,4,1,1,9443
44217,2023,5,1,3,4165
44221,2023,79,1,1,29601
44223,2023,37,1,1,18388
44224,2023,51,1,1,38709
44230,2023,9,1,1,8064
44231,2023,16,1,2,8398
44233,2023,5,1,2,8025
44234,2023,7,1,2,3763
44235,2023,0,1,3,1960
44236,2023,20,1,1,26216
44240,2023,54,1,1,38354
44241,2023,38,1,1,17659
44250,2023,7,1,1,1469
44251,2023,0,1,3,928
44253,2023,4,1,2,3438
44254,2023,9,1,5,4784
44255,2023,27,1,2,7558
44256,2023,37,1,4.1,64815
44260,2023,22,1,1,13152
44262,2023,15,1,1,5020
44264,2023,8,1,1,3370
44266,2023,54,1,1,32606
44270,2023,14,1,2,8384
44272,2023,7,1,2.1,5356
44273,2023,13,1,3,6900
44275,2023,1,1,3,3257
44276,2023,2,0,10.5,2023
44278,2023,24,1,1,18671
44280,2023,2,1,2,5343
44281,2023,20,1,1,33241
44286,2023,16,1,1,6258
44287,2023,14,0,6,7561
44288,2023,9,1,2,3444
44301,2023,108,1,1,14364
44302,2023,19,1,1,4661
44303,2023,37,1,1,7031
44304,2023,52,1,1,4185
44305,2023,103,1,1,21214
44306,2023,206,1,1,21085
44307,2023,49,1,1,6959
44308,2023,17,1,1,1037
44310,2023,152,1,1,24984
44311,2023,111,1,1,6993
44312,2023,119,1,1,30510
44313,2023,39,1,1,25678
44314,2023,158,1,1,17686
44319,2023,106,1,1,21833
44320,2023,98,1,1,19083
44321,2023,45,1,1,15993
44333,2023,46,1,1,19449
44401,2023,0,1,2,2648
44402,2023,2,1,2,2951
44403,2023,7,1,2,3690
44404,2023,1,1,2,1300
44405,2023,16,1,1,7837
44406,2023,20,1,1,22740
44408,2023,19,0,3,10526
44410,2023,35,1,1,16824
44411,2023,2,1,2.1,2319
44412,2023,6,1,2.1,2472
44413,2023,12,1,9.1,7186
44417,2023,1,1,2,1539
44418,2023,1,1,2,1224
44420,2023,78,1,1,15033
44423,2023,5,0,10.6,2234
44425,2023,29,1,1,14280
44427,2023,5,1,10.1,1555
44428,2023,10,1,2,3115
44429,2023,6,1,2.1,2437
44430,2023,24,1,1,4723
44431,2023,16,0,3,4629
44432,2023,26,0,9.1,12276
44436,2023,6,1,2,3382
44437,2023,5,1,1,4073
44438,2023,11,1,1,4762
44440,2023,11,1,1,4648
44441,2023,0,0,6,1558
44442,2023,4,1,1,4095
44443,2023,2,1,1,1742
44444,2023,33,1,1,10042
44445,2023,2,1,3,3160
44446,2023,132,1,1,20173
44449,2023,1,0,2.1,1230
44450,2023,1,1,2,1824
44451,2023,6,1,2,3199
44452,2023,11,1,2,3114
44454,2023,5,1,1,935
44455,2023,1,0,9.1,1558
44460,2023,27,0,4.2,25393
44470,2023,2,1,2,3681
44471,2023,22,1,1,10445
44473,2023,5,1,2,3719
44481,2023,15,1,2,10258
44483,2023,113,1,1,24840
44484,2023,97,1,1,22290
44485,2023,121,1,1,15172
44490,2023,4,0,3,721
44491,2023,1,1,9.1,3950
44502,2023,80,1,1,9300
44503,2023,19,1,1,1922
44504,2023,13,1,1,4577
44505,2023,90,1,1,17048
44506,2023,7,1,1,2109
44507,2023,35,1,1,4598
44509,2023,60,1,1,10934
44510,2023,8,1,1,2034
44511,2023,75,1,1,18738
44512,2023,120,1,1,33282
44514,2023,40,1,1,22599
44515,2023,88,1,1,27480
44601,2023,41,0,4.2,33688
44606,2023,5,0,5,8218
44608,2023,5,1,2,2646
44609,2023,7,0,4.2,3592
44611,2023,2,0,6,2133
44612,2023,5,1,2,5443
44613,2023,2,1,2,1998
44614,2023,17,1,1,12922
44615,2023,13,0,7.1,10557
44618,2023,8,0,10.4,7159
44620,2023,0,1,2,1428
44621,2023,5,0,4,4606
44622,2023,16,0,4,18921
44624,2023,0,0,10,5843
44625,2023,1,1,10.6,1322
44626,2023,9,1,2,2996
44627,2023,0,0,10.5,7692
44628,2023,0,0,9,1119
44629,2023,2,0,5,2126
44632,2023,5,1,1,10047
44633,2023,1,0,10.6,2565
44634,2023,1,0,5,1995
44637,2023,2,0,9,2437
44638,2023,0,0,6,1555
44641,2023,41,1,1,20399
44643,2023,3,1,2,3218
44644,2023,2,1,2,4378
44645,2023,2,1,2,2670
44646,2023,46,1,1,47973
44647,2023,25,1,1,18368
44651,2023,1,1,3,765
44652,2023,0,1,1,542
44653,2023,0,0,4,632
44654,2023,2,0,10.5,20612
44656,2023,10,0,5.2,2618
44657,2023,15,0,7.1,9916
44662,2023,13,1,2,9562
44663,2023,85,0,4,25601
44666,2023,0,1,2.1,2935
44667,2023,8,0,7.4,13723
44669,2023,0,1,2,1454
44672,2023,3,0,4.2,4589
44675,2023,2,0,2,1890
44676,2023,5,0,5,4771
44677,2023,0,0,4,2805
44680,2023,7,0,4,4255
44681,2023,0,0,10.5,8053
44682,2023,0,0,5,1041
44683,2023,22,0,4,8313
44685,2023,28,1,1,29008
44688,2023,3,1,2,2958
44689,2023,2,0,10,586
44691,2023,63,0,4,44666
44695,2023,0,0,6,1222
44697,2023,0,1,2,260
44699,2023,1,0,5,909
44702,2023,25,1,1,1086
44703,2023,57,1,1,8015
44704,2023,32,1,1,3723
44705,2023,71,1,1,17779
44706,2023,28,1,1,16972
44707,2023,71,1,1,9163
44708,2023,63,1,1,25386
44709,2023,30,1,1,18509
44710,2023,23,1,1,9309
44714,2023,26,1,1,8923
44718,2023,26,1,1,12607
44720,2023,49,1,1,40744
44721,2023,10,1,1,13432
44730,2023,9,1,1,5925
44802,2023,0,0,6,948
44804,2023,0,0,4,1127
44805,2023,16,0,4,31238
44807,2023,5,0,6,2264
44811,2023,13,0,7.3,12698
44813,2023,1,1,2,8039
44814,2023,3,1,2,2750
44815,2023,3,0,6,679
44817,2023,0,0,6,1370
44818,2023,1,0,6,2399
44820,2023,47,0,4,17114
44822,2023,0,1,2,3431
44824,2023,4,0,1,3882
44826,2023,1,0,6.1,1617
44827,2023,7,0,4.2,6973
44830,2023,43,0,4,18442
44833,2023,1,0,4.2,16786
44836,2023,3,0,6,2538
44837,2023,3,0,6,4330
44838,2023,0,0,4,258
44839,2023,7,0,1,12472
44840,2023,1,0,5,3137
44841,2023,1,0,6,821
44842,2023,16,0,7,5643
44843,2023,0,1,2,2469
44844,2023,1,0,8,718
44846,2023,1,0,2,3322
44847,2023,4,0,4.2,3488
44849,2023,0,0,8.4,2162
44851,2023,8,0,10.5,5303
44853,2023,0,0,6,1447
44854,2023,1,0,10.5,1673
44855,2023,0,0,5,1289
44857,2023,31,0,4.2,23619
44859,2023,1,0,5,1784
44864,2023,1,0,6,3182
44865,2023,0,0,3,3164
44866,2023,2,1,6,2372
44867,2023,4,0,5,2280
44870,2023,126,0,1,40416
44875,2023,25,1,4.1,13900
44878,2023,3,1,2,3223
44880,2023,1,1,6,2914
44882,2023,2,0,8,2617
44883,2023,67,0,4,28690
44887,2023,7,0,10.5,958
44889,2023,10,1,2,6702
44890,2023,51,0,4,10759
44902,2023,73,1,1,4891
44903,2023,134,1,1,25613
44904,2023,8,1,1,14368
44905,2023,39,1,1,16827
44906,2023,76,1,1,16566
44907,2023,55,1,1,15014
45001,2023,4,1,1,927
45002,2023,27,1,1,15458
45003,2023,2,0,6,818
45005,2023,66,1,1,31577
45011,2023,285,1,1,73596
45013,2023,90,1,1,53911
45014,2023,74,1,1,46169
45015,2023,79,1,1,12103
45030,2023,33,1,1,21234
45033,2023,1,1,1,323
45034,2023,0,1,1,1166
45036,2023,55,1,2,41060
45039,2023,24,1,1,27529
45040,2023,27,1,1,57153
45042,2023,88,1,1,26972
45044,2023,201,1,1,56128
45050,2023,18,1,1,12173
45052,2023,2,1,1,3830
45053,2023,1,1,2,3375
45054,2023,2,1,2,2499
45056,2023,6,0,4.2,28892
45062,2023,0,1,1,775
45064,2023,1,1,2,3112
45065,2023,17,1,1,6725
45066,2023,16,1,1,26399
45067,2023,32,1,1,15004
45068,2023,15,1,2,11911
45069,2023,76,1,1,53694
45101,2023,26,0,4,2125
45102,2023,41,1,1,24954
45103,2023,44,1,1,35237
45106,2023,21,1,2,11855
45107,2023,14,1,2,9806
45111,2023,3,1,1,384
45113,2023,10,0,5.2,3974
45118,2023,7,1,2,3716
45120,2023,12,1,2,3138
45121,2023,38,1,7.1,8927
45122,2023,26,1,2,10757
45123,2023,29,0,7.4,8776
45130,2023,17,1,2,3585
45133,2023,71,0,8,23646
45135,2023,13,0,6,4765
45140,2023,39,1,1,56386
45142,2023,6,0,6,4384
45144,2023,39,0,10.4,3912
45146,2023,1,0,5.2,1400
45148,2023,2,0,5.2,1539
45150,2023,50,1,1,33735
45152,2023,6,1,2,13617
45153,2023,11,1,2,1826
45154,2023,14,1,2,9439
45157,2023,32,1,1,9705
45159,2023,8,0,5,3524
45160,2023,2,1,2,627
45162,2023,3,1,2,2730
45164,2023,0,0,4,233
45167,2023,22,0,10.4,3441
45168,2023,1,1,2,1345
45169,2023,5,0,5,4686
45171,2023,17,1,2,6174
45174,2023,2,1,1,2359
45176,2023,20,1,2,9100
45177,2023,62,0,4,22349
45202,2023,359,1,1,16883
45203,2023,50,1,1,2365
45204,2023,33,1,1,5818
45205,2023,121,1,1,19517
45206,2023,49,1,1,10670
45207,2023,27,1,1,7484
45208,2023,16,1,1,18969
45209,2023,35,1,1,10708
45211,2023,172,1,1,37868
45212,2023,74,1,1,21885
45213,2023,31,1,1,12052
45214,2023,128,1,1,8901
45215,2023,51,1,1,30993
45216,2023,54,1,1,9667
45217,2023,22,1,1,6177
45218,2023,0,1,1,3957
45219,2023,92,1,1,20644
45220,2023,54,1,1,15466
45223,2023,63,1,1,13174
45224,2023,71,1,1,20214
45225,2023,139,1,1,8006
45226,2023,13,1,1,5687
45227,2023,42,1,1,18427
45229,2023,122,1,1,12540
45230,2023,50,1,1,27718
45231,2023,111,1,1,41934
45232,2023,30,1,1,7109
45233,2023,6,1,1,15596
45236,2023,40,1,1,24223
45237,2023,111,1,1,21029
45238,2023,100,1,1,46864
45239,2023,72,1,1,28499
45240,2023,15,1,1,28820
45241,2023,38,1,1,24380
45242,2023,19,1,1,23214
45243,2023,8,1,1,15894
45244,2023,24,1,1,28936
45245,2023,80,1,1,20249
45246,2023,60,1,1,15249
45247,2023,18,1,1,23293
45248,2023,16,1,1,25181
45249,2023,13,1,1,14005
45251,2023,63,1,1,22073
45252,2023,8,1,1,4548
45255,2023,25,1,1,22069
45301,2023,0,1,1,135
45302,2023,1,0,6,4313
45303,2023,2,0,5,2215
45304,2023,4,1,2,7532
45305,2023,5,1,1,11470
45306,2023,2,0,6,2192
45308,2023,6,1,3,4488
45309,2023,14,1,2,12050
45310,2023,0,0,10.5,272
45311,2023,9,1,9.1,5723
45312,2023,0,1,2,1416
45314,2023,0,0,7.1,6261
45315,2023,10,1,1,4818
45317,2023,0,1,2,1018
45318,2023,1,1,2,5438
45319,2023,0,1,2,287
45320,2023,18,0,7.3,15530
45321,2023,0,0,3,859
45322,2023,24,1,1,21185
45323,2023,7,1,1,5123
45324,2023,61,1,1,40449
45325,2023,1,1,2,2558
45326,2023,0,1,2,1170
45327,2023,7,1,1,9388
45328,2023,0,1,3,471
45331,2023,42,0,4.2,22213
45332,2023,0,0,5,634
45333,2023,0,0,5,1389
45334,2023,0,0,6,2041
45335,2023,14,1,2,7062
45337,2023,2,1,2,1519
45338,2023,0,1,2,4950
45339,2023,0,1,2,1169
45340,2023,6,0,6,850
45341,2023,13,1,1,3741
45342,2023,79,1,1,37508
45344,2023,10,1,2,17042
45345,2023,21,1,2,5951
45346,2023,3,0,5,2085
45347,2023,4,0,5.2,4264
45348,2023,0,0,10.5,968
45349,2023,0,1,1,313
45351,2023,0,0,10.5,284
45352,2023,0,0,4.2,183
45354,2023,2,1,2,572
45356,2023,111,0,4.2,25106
45358,2023,0,1,2,361
45359,2023,2,1,2,1996
45360,2023,0,0,4,300
45362,2023,0,0,10.5,1086
45363,2023,3,0,5,1853
45365,2023,75,0,4,29277
45368,2023,5,1,2,4817
45369,2023,7,1,2,3576
45370,2023,2,1,2,2379
45371,2023,16,1,1,23205
45372,2023,0,1,1,352
45373,2023,58,1,1,36863
45377,2023,22,1,1,15070
45378,2023,0,1,2,402
45380,2023,1,0,7.4,5573
45381,2023,0,1,2,5424
45382,2023,1,0,3,1179
45383,2023,15,1,1,6885
45384,2023,0,1,1,2258
45385,2023,83,1,1,39446
45387,2023,11,1,2,5326
45388,2023,0,0,10.5,878
45389,2023,1,0,2,503
45390,2023,2,0,7.4,3269
45402,2023,207,1,1,10735
45403,2023,144,1,1,15130
45404,2023,87,1,1,10730
45405,2023,223,1,1,18124
45406,2023,217,1,1,20622
45409,2023,32,1,1,12392
45410,2023,118,1,1,15758
45414,2023,160,1,1,20693
45415,2023,25,1,1,12811
45416,2023,16,1,1,5612
45417,2023,301,1,1,28079
45419,2023,11,1,1,16236
45420,2023,89,1,1,25045
45424,2023,113,1,1,50920
45426,2023,61,1,1,14391
45429,2023,45,1,1,26514
45430,2023,4,1,1,7637
45431,2023,45,1,1,26660
45432,2023,64,1,1,15105
45433,2023,0,1,1,1567
45434,2023,11,1,1,12628
45439,2023,82,1,1,11726
45440,2023,14,1,1,22676
45449,2023,46,1,1,18976
45458,2023,34,1,1,36474
45459,2023,32,1,1,28344
45502,2023,20,1,1,16767
45503,2023,128,1,1,32870
45504,2023,58,1,1,17343
45505,2023,161,1,1,19708
45506,2023,119,1,1,13330
45601,2023,208,0,4,56849
45612,2023,16,0,5,5059
45613,2023,6,0,8,3542
45614,2023,8,0,5,4800
45616,2023,3,0,9,1187
45619,2023,30,1,1,7348
45620,2023,4,0,5,875
45621,2023,2,0,7,403
45622,2023,0,0,10.5,485
45623,2023,7,0,5,3235
45628,2023,3,0,5,5429
45629,2023,6,1,5.2,3220
45630,2023,0,0,5,222
45631,2023,46,0,5,14200
45634,2023,13,0,10,1893
45638,2023,86,1,1,20114
45640,2023,30,0,7,15896
45644,2023,11,0,5.2,4316
45645,2023,1,1,2,2750
45646,2023,0,0,8,363
45647,2023,4,0,5,2410
45648,2023,10,0,5,11211
45650,2023,0,0,9,348
45651,2023,39,0,10,5691
45652,2023,7,0,5,3131
45653,2023,14,0,5,3907
45654,2023,0,0,10.5,833
45656,2023,22,0,9,6532
45657,2023,1,0,5,2504
45658,2023,1,0,5,2538
45659,2023,10,1,2,2623
45660,2023,36,0,10.4,8011
45661,2023,9,0,8,7014
45662,2023,90,0,4,27718
45663,2023,9,0,5,6343
45669,2023,21,1,1,10223
45671,2023,0,0,5,391
45672,2023,4,0,9.2,1679
45673,2023,0,0,5,398
45674,2023,1,0,5,686
45678,2023,3,1,2,1140
45679,2023,10,1,10.4,3097
45680,2023,41,1,1,12326
45681,2023,15,0,6,1589
45682,2023,0,0,5,1998
45684,2023,7,0,5,1838
45685,2023,3,0,5,1040
45686,2023,3,0,6,3379
45690,2023,21,0,7.4,13527
45692,2023,27,0,7,8460
45693,2023,80,0,7.3,8797
45694,2023,23,0,4,11783
45695,2023,8,0,10.5,587
45696,2023,2,1,2,1253
45697,2023,17,1,8.1,4828
45701,2023,29,0,4,33705
45710,2023,5,0,5,5547
45711,2023,6,0,5,1065
45714,2023,5,1,1,10149
45715,2023,3,0,2,2412
45716,2023,0,0,7.4,490
45719,2023,7,0,4,964
45723,2023,5,1,2,3552
45724,2023,1,1,2,1785
45727,2023,1,0,8.3,478
45729,2023,0,1,2,1460
45732,2023,20,0,5,4524
45734,2023,0,0,10,409
45735,2023,2,0,5,1619
45740,2023,0,0,5,406
45742,2023,0,1,2,3018
45743,2023,2,1,3,1383
45744,2023,0,0,2,2656
45745,2023,0,0,2,1104
45746,2023,0,0,2,348
45750,2023,34,0,1,26327
45760,2023,15,0,7.4,3309
45761,2023,1,0,4,1558
45764,2023,48,0,7.4,7859
45766,2023,0,0,5,1313
45767,2023,4,0,2,2314
45768,2023,3,0,2,1599
45769,2023,15,0,9.2,5952
45770,2023,0,0,10.6,567
45771,2023,15,0,10.6,3408
45772,2023,2,1,3,1697
45773,2023,0,0,2,305
45775,2023,3,0,6,1361
45776,2023,0,0,9.2,730
45778,2023,0,0,5,834
45779,2023,0,0,10.6,780
45780,2023,13,0,4,3328
45782,2023,0,0,5,313
45784,2023,5,1,2,3313
45786,2023,3,0,10.1,3160
45788,2023,0,0,2,961
45801,2023,88,1,1,22819
45804,2023,47,1,1,14573
45805,2023,28,1,1,22740
45806,2023,15,1,1,11238
45807,2023,4,1,1,11856
45808,2023,0,1,1,282
45810,2023,0,0,7.3,7840
45812,2023,5,1,9,1835
45813,2023,3,1,10.4,3579
45814,2023,0,0,5,2646
45817,2023,2,0,7.3,6420
45819,2023,0,0,4.2,233
45820,2023,1,1,1,517
45821,2023,0,1,10.4,1252
45822,2023,41,0,4,19945
45826,2023,0,0,4,358
45827,2023,3,0,9,2223
45828,2023,5,0,4,6495
45830,2023,4,0,3,5797
45831,2023,3,0,9,3023
45832,2023,2,0,5,2854
45833,2023,20,0,7.1,10682
45835,2023,0,0,9,487
45836,2023,0,0,9,1332
45840,2023,121,0,4,54901
45841,2023,1,0,5,936
45843,2023,0,0,9,3768
45844,2023,0,0,10.4,3251
45845,2023,0,0,6,3270
45846,2023,0,0,10.5,4461
45849,2023,0,0,10.5,1154
45850,2023,1,1,2,3617
45851,2023,0,0,10.4,676
45853,2023,1,0,10.4,1451
45854,2023,0,1,1,461
45856,2023,1,0,10.6,5094
45858,2023,5,0,5,3038
45859,2023,1,1,9,461
45860,2023,0,0,10.5,2444
45861,2023,0,0,10.5,223
45862,2023,6,0,10.5,1408
45863,2023,2,0,5,1135
45865,2023,2,0,7,5251
45867,2023,0,0,5,1138
45868,2023,0,0,5,705
45869,2023,0,0,7,4567
45870,2023,0,1,4.2,116
45871,2023,0,0,10,2019
45872,2023,2,0,9.2,4120
45873,2023,1,0,10.5,2235
45874,2023,2,0,5,2079
45875,2023,5,0,7.3,11273
45876,2023,0,0,10.4,958
45877,2023,0,0,10.6,2239
45879,2023,1,0,7,5963
45880,2023,0,0,10.4,2390
45881,2023,0,0,5,1485
45882,2023,9,0,10.5,3005
45883,2023,0,0,10.5,4026
45885,2023,21,0,7,12863
45886,2023,0,0,5,459
45887,2023,4,1,2,4688
45888,2023,0,1,4.2,188
45889,2023,2,0,5,1481
45890,2023,0,0,5,653
45891,2023,36,0,4,15633
45894,2023,0,0,5,649
45895,2023,11,0,4.2,17974
45896,2023,6,1,2,1990
45898,2023,0,0,5,1251
